{"type":"FeatureCollection","features":[{"type":"Feature","properties":{"k":"station","name":"Ruhleben","lines":""},"geometry":{"type":"Point","coordinates":[13.241419,52.525674]}},{"type":"Feature","properties":{"k":"station","name":"Amrumer Straße","lines":"U9"},"geometry":{"type":"Point","coordinates":[13.350155,52.542333]}},{"type":"Feature","properties":{"k":"station","name":"Zoologischer Garten","lines":"U9"},"geometry":{"type":"Point","coordinates":[13.333024,52.505867]}},{"type":"Feature","properties":{"k":"station","name":"Kurfürstendamm","lines":""},"geometry":{"type":"Point","coordinates":[13.331437,52.503822]}},{"type":"Feature","properties":{"k":"station","name":"Güntzelstraße","lines":"U9"},"geometry":{"type":"Point","coordinates":[13.331006,52.492084]}},{"type":"Feature","properties":{"k":"station","name":"Berliner Straße","lines":"U7;U9"},"geometry":{"type":"Point","coordinates":[13.33101,52.48733]}},{"type":"Feature","properties":{"k":"station","name":"Friedrich-Wilhelm-Platz","lines":"U9"},"geometry":{"type":"Point","coordinates":[13.32873,52.472122]}},{"type":"Feature","properties":{"k":"station","name":"Walther-Schreiber-Platz","lines":"U9"},"geometry":{"type":"Point","coordinates":[13.32826,52.465325]}},{"type":"Feature","properties":{"k":"station","name":"Schloßstraße","lines":"U9"},"geometry":{"type":"Point","coordinates":[13.325095,52.461481]}},{"type":"Feature","properties":{"k":"station","name":"Rathaus Steglitz","lines":"U9"},"geometry":{"type":"Point","coordinates":[13.320934,52.456798]}},{"type":"Feature","properties":{"k":"station","name":"Theodor-Heuss-Platz","lines":""},"geometry":{"type":"Point","coordinates":[13.272222,52.509987]}},{"type":"Feature","properties":{"k":"station","name":"Neu-Westend","lines":""},"geometry":{"type":"Point","coordinates":[13.259236,52.516215]}},{"type":"Feature","properties":{"k":"station","name":"Deutsche Oper","lines":""},"geometry":{"type":"Point","coordinates":[13.310533,52.511837]}},{"type":"Feature","properties":{"k":"station","name":"Ernst-Reuter-Platz","lines":""},"geometry":{"type":"Point","coordinates":[13.322161,52.511885]}},{"type":"Feature","properties":{"k":"station","name":"Lindauer Allee","lines":""},"geometry":{"type":"Point","coordinates":[13.338425,52.575416]}},{"type":"Feature","properties":{"k":"station","name":"Jannowitzbrücke","lines":""},"geometry":{"type":"Point","coordinates":[13.418173,52.515355]}},{"type":"Feature","properties":{"k":"station","name":"Innsbrucker Platz","lines":""},"geometry":{"type":"Point","coordinates":[13.343674,52.478987]}},{"type":"Feature","properties":{"k":"station","name":"Bayerischer Platz","lines":""},"geometry":{"type":"Point","coordinates":[13.340544,52.488576]}},{"type":"Feature","properties":{"k":"entrance","name":"Jungfernheide","lines":""},"geometry":{"type":"Point","coordinates":[13.300709,52.530099]}},{"type":"Feature","properties":{"k":"station","name":"Hermannstraße","lines":""},"geometry":{"type":"Point","coordinates":[13.431466,52.467262]}},{"type":"Feature","properties":{"k":"station","name":"Bismarckstraße","lines":""},"geometry":{"type":"Point","coordinates":[13.305239,52.511515]}},{"type":"Feature","properties":{"k":"station","name":"Richard-Wagner-Platz","lines":""},"geometry":{"type":"Point","coordinates":[13.306588,52.517387]}},{"type":"Feature","properties":{"k":"station","name":"Eisenacher Straße","lines":""},"geometry":{"type":"Point","coordinates":[13.350169,52.489553]}},{"type":"Feature","properties":{"k":"station","name":"Rathaus Reinickendorf","lines":""},"geometry":{"type":"Point","coordinates":[13.325733,52.588406]}},{"type":"Feature","properties":{"k":"station","name":"Südstern","lines":""},"geometry":{"type":"Point","coordinates":[13.407667,52.489298]}},{"type":"Feature","properties":{"k":"station","name":"Yorckstraße","lines":""},"geometry":{"type":"Point","coordinates":[13.370689,52.492972]}},{"type":"Feature","properties":{"k":"station","name":"Friedrichsfelde","lines":""},"geometry":{"type":"Point","coordinates":[13.512839,52.506164]}},{"type":"Feature","properties":{"k":"entrance","name":"Leopoldplatz","lines":""},"geometry":{"type":"Point","coordinates":[13.359679,52.546376]}},{"type":"Feature","properties":{"k":"entrance","name":"Leopoldplatz","lines":""},"geometry":{"type":"Point","coordinates":[13.359091,52.546698]}},{"type":"Feature","properties":{"k":"entrance","name":"Leopoldplatz","lines":""},"geometry":{"type":"Point","coordinates":[13.358742,52.546409]}},{"type":"Feature","properties":{"k":"entrance","name":"Spittelmarkt","lines":""},"geometry":{"type":"Point","coordinates":[13.405112,52.511274]}},{"type":"Feature","properties":{"k":"entrance","name":"Gneisenaustraße","lines":""},"geometry":{"type":"Point","coordinates":[13.394769,52.49151]}},{"type":"Feature","properties":{"k":"entrance","name":"Gneisenaustraße","lines":""},"geometry":{"type":"Point","coordinates":[13.396668,52.491122]}},{"type":"Feature","properties":{"k":"station","name":"Gneisenaustraße","lines":""},"geometry":{"type":"Point","coordinates":[13.395825,52.49129]}},{"type":"Feature","properties":{"k":"entrance","name":"Rathaus Neukölln","lines":""},"geometry":{"type":"Point","coordinates":[13.433419,52.482168]}},{"type":"Feature","properties":{"k":"entrance","name":"Reinickendorfer Straße","lines":""},"geometry":{"type":"Point","coordinates":[13.370734,52.539699]}},{"type":"Feature","properties":{"k":"entrance","name":"Nauener Platz","lines":""},"geometry":{"type":"Point","coordinates":[13.367035,52.551706]}},{"type":"Feature","properties":{"k":"entrance","name":"","lines":""},"geometry":{"type":"Point","coordinates":[13.374001,52.556959]}},{"type":"Feature","properties":{"k":"entrance","name":"Pankstraße","lines":""},"geometry":{"type":"Point","coordinates":[13.381615,52.552613]}},{"type":"Feature","properties":{"k":"entrance","name":"Gesundbrunnen","lines":""},"geometry":{"type":"Point","coordinates":[13.387038,52.549493]}},{"type":"Feature","properties":{"k":"entrance","name":"Samariterstraße","lines":""},"geometry":{"type":"Point","coordinates":[13.462954,52.514767]}},{"type":"Feature","properties":{"k":"entrance","name":"Samariterstraße","lines":""},"geometry":{"type":"Point","coordinates":[13.463154,52.515009]}},{"type":"Feature","properties":{"k":"entrance","name":"Samariterstraße","lines":""},"geometry":{"type":"Point","coordinates":[13.465862,52.514472]}},{"type":"Feature","properties":{"k":"entrance","name":"Samariterstraße","lines":""},"geometry":{"type":"Point","coordinates":[13.465994,52.514725]}},{"type":"Feature","properties":{"k":"entrance","name":"Frankfurter Allee","lines":""},"geometry":{"type":"Point","coordinates":[13.476861,52.51362]}},{"type":"Feature","properties":{"k":"entrance","name":"Frankfurter Allee","lines":""},"geometry":{"type":"Point","coordinates":[13.476542,52.513388]}},{"type":"Feature","properties":{"k":"entrance","name":"Amrumer Straße","lines":""},"geometry":{"type":"Point","coordinates":[13.351261,52.542948]}},{"type":"Feature","properties":{"k":"entrance","name":"Amrumer Straße","lines":""},"geometry":{"type":"Point","coordinates":[13.349386,52.54191]}},{"type":"Feature","properties":{"k":"entrance","name":"Amrumer Straße","lines":""},"geometry":{"type":"Point","coordinates":[13.348739,52.542044]}},{"type":"Feature","properties":{"k":"entrance","name":"Leopoldplatz","lines":""},"geometry":{"type":"Point","coordinates":[13.359228,52.546067]}},{"type":"Feature","properties":{"k":"entrance","name":"Rehberge","lines":""},"geometry":{"type":"Point","coordinates":[13.342195,52.556171]}},{"type":"Feature","properties":{"k":"entrance","name":"Rehberge","lines":""},"geometry":{"type":"Point","coordinates":[13.341915,52.555989]}},{"type":"Feature","properties":{"k":"entrance","name":"Rehberge","lines":""},"geometry":{"type":"Point","coordinates":[13.340222,52.55729]}},{"type":"Feature","properties":{"k":"entrance","name":"Rehberge","lines":""},"geometry":{"type":"Point","coordinates":[13.339941,52.557109]}},{"type":"Feature","properties":{"k":"entrance","name":"Rathaus Neukölln","lines":""},"geometry":{"type":"Point","coordinates":[13.434731,52.48126]}},{"type":"Feature","properties":{"k":"entrance","name":"","lines":""},"geometry":{"type":"Point","coordinates":[13.373077,52.557554]}},{"type":"Feature","properties":{"k":"entrance","name":"","lines":""},"geometry":{"type":"Point","coordinates":[13.373359,52.556763]}},{"type":"Feature","properties":{"k":"entrance","name":"Franz-Neumann-Platz","lines":""},"geometry":{"type":"Point","coordinates":[13.364629,52.563596]}},{"type":"Feature","properties":{"k":"entrance","name":"Franz-Neumann-Platz","lines":""},"geometry":{"type":"Point","coordinates":[13.36483,52.563936]}},{"type":"Feature","properties":{"k":"entrance","name":"Schillingstraße","lines":""},"geometry":{"type":"Point","coordinates":[13.421995,52.519911]}},{"type":"Feature","properties":{"k":"entrance","name":"Schillingstraße","lines":""},"geometry":{"type":"Point","coordinates":[13.422059,52.520647]}},{"type":"Feature","properties":{"k":"entrance","name":"Neukölln","lines":""},"geometry":{"type":"Point","coordinates":[13.441897,52.469593]}},{"type":"Feature","properties":{"k":"entrance","name":"Neukölln","lines":""},"geometry":{"type":"Point","coordinates":[13.442279,52.467797]}},{"type":"Feature","properties":{"k":"entrance","name":"Pankow","lines":""},"geometry":{"type":"Point","coordinates":[13.412153,52.566126]}},{"type":"Feature","properties":{"k":"entrance","name":"","lines":""},"geometry":{"type":"Point","coordinates":[13.372842,52.556494]}},{"type":"Feature","properties":{"k":"entrance","name":"Bayerischer Platz","lines":""},"geometry":{"type":"Point","coordinates":[13.342389,52.489022]}},{"type":"Feature","properties":{"k":"entrance","name":"Bayerischer Platz","lines":""},"geometry":{"type":"Point","coordinates":[13.343144,52.48871]}},{"type":"Feature","properties":{"k":"entrance","name":"Innsbrucker Platz","lines":""},"geometry":{"type":"Point","coordinates":[13.344127,52.4789]}},{"type":"Feature","properties":{"k":"entrance","name":"Innsbrucker Platz","lines":""},"geometry":{"type":"Point","coordinates":[13.344015,52.478066]}},{"type":"Feature","properties":{"k":"entrance","name":"Innsbrucker Platz","lines":""},"geometry":{"type":"Point","coordinates":[13.343347,52.478225]}},{"type":"Feature","properties":{"k":"entrance","name":"Bundesplatz","lines":""},"geometry":{"type":"Point","coordinates":[13.329016,52.47854]}},{"type":"Feature","properties":{"k":"entrance","name":"Turmstraße","lines":""},"geometry":{"type":"Point","coordinates":[13.341437,52.526537]}},{"type":"Feature","properties":{"k":"entrance","name":"Alexanderplatz","lines":""},"geometry":{"type":"Point","coordinates":[13.414865,52.522065]}},{"type":"Feature","properties":{"k":"entrance","name":"Alexanderplatz","lines":""},"geometry":{"type":"Point","coordinates":[13.412053,52.520466]}},{"type":"Feature","properties":{"k":"entrance","name":"Alexanderplatz","lines":""},"geometry":{"type":"Point","coordinates":[13.412771,52.52072]}},{"type":"Feature","properties":{"k":"station","name":"Kaiserdamm","lines":""},"geometry":{"type":"Point","coordinates":[13.283126,52.510092]}},{"type":"Feature","properties":{"k":"entrance","name":"Kurt-Schumacher-Platz","lines":""},"geometry":{"type":"Point","coordinates":[13.327411,52.563216]}},{"type":"Feature","properties":{"k":"entrance","name":"Kurt-Schumacher-Platz","lines":""},"geometry":{"type":"Point","coordinates":[13.327338,52.563106]}},{"type":"Feature","properties":{"k":"entrance","name":"Paracelsus-Bad","lines":""},"geometry":{"type":"Point","coordinates":[13.34746,52.574674]}},{"type":"Feature","properties":{"k":"entrance","name":"Paracelsus-Bad","lines":""},"geometry":{"type":"Point","coordinates":[13.347271,52.574207]}},{"type":"Feature","properties":{"k":"entrance","name":"Paracelsus-Bad","lines":""},"geometry":{"type":"Point","coordinates":[13.347998,52.574623]}},{"type":"Feature","properties":{"k":"entrance","name":"Lindauer Allee","lines":""},"geometry":{"type":"Point","coordinates":[13.338299,52.575238]}},{"type":"Feature","properties":{"k":"entrance","name":"Lindauer Allee","lines":""},"geometry":{"type":"Point","coordinates":[13.339141,52.575488]}},{"type":"Feature","properties":{"k":"entrance","name":"Afrikanische Straße","lines":""},"geometry":{"type":"Point","coordinates":[13.33582,52.559778]}},{"type":"Feature","properties":{"k":"entrance","name":"Afrikanische Straße","lines":""},"geometry":{"type":"Point","coordinates":[13.335542,52.559599]}},{"type":"Feature","properties":{"k":"entrance","name":"Afrikanische Straße","lines":""},"geometry":{"type":"Point","coordinates":[13.333661,52.560663]}},{"type":"Feature","properties":{"k":"entrance","name":"Afrikanische Straße","lines":""},"geometry":{"type":"Point","coordinates":[13.333931,52.56085]}},{"type":"Feature","properties":{"k":"entrance","name":"Seestraße","lines":""},"geometry":{"type":"Point","coordinates":[13.353013,52.550012]}},{"type":"Feature","properties":{"k":"entrance","name":"Seestraße","lines":""},"geometry":{"type":"Point","coordinates":[13.353636,52.549414]}},{"type":"Feature","properties":{"k":"entrance","name":"Otisstraße","lines":""},"geometry":{"type":"Point","coordinates":[13.302115,52.571672]}},{"type":"Feature","properties":{"k":"entrance","name":"Otisstraße","lines":""},"geometry":{"type":"Point","coordinates":[13.301934,52.571518]}},{"type":"Feature","properties":{"k":"entrance","name":"Paracelsus-Bad","lines":""},"geometry":{"type":"Point","coordinates":[13.350894,52.574068]}},{"type":"Feature","properties":{"k":"entrance","name":"Paracelsus-Bad","lines":""},"geometry":{"type":"Point","coordinates":[13.350401,52.573721]}},{"type":"Feature","properties":{"k":"entrance","name":"Alt Tegel","lines":""},"geometry":{"type":"Point","coordinates":[13.283291,52.5902]}},{"type":"Feature","properties":{"k":"entrance","name":"Alt Tegel","lines":""},"geometry":{"type":"Point","coordinates":[13.283969,52.589793]}},{"type":"Feature","properties":{"k":"entrance","name":"Alt Tegel","lines":""},"geometry":{"type":"Point","coordinates":[13.283002,52.589749]}},{"type":"Feature","properties":{"k":"entrance","name":"Alt Tegel","lines":""},"geometry":{"type":"Point","coordinates":[13.28288,52.590055]}},{"type":"Feature","properties":{"k":"entrance","name":"Alt Tegel","lines":""},"geometry":{"type":"Point","coordinates":[13.285036,52.588722]}},{"type":"Feature","properties":{"k":"entrance","name":"Wittenau","lines":""},"geometry":{"type":"Point","coordinates":[13.333691,52.595712]}},{"type":"Feature","properties":{"k":"entrance","name":"Wittenau","lines":""},"geometry":{"type":"Point","coordinates":[13.332427,52.595439]}},{"type":"Feature","properties":{"k":"entrance","name":"Wittenau","lines":""},"geometry":{"type":"Point","coordinates":[13.332557,52.595227]}},{"type":"Feature","properties":{"k":"entrance","name":"Wittenau","lines":""},"geometry":{"type":"Point","coordinates":[13.335173,52.595531]}},{"type":"Feature","properties":{"k":"entrance","name":"Franz-Neumann-Platz","lines":""},"geometry":{"type":"Point","coordinates":[13.363985,52.565254]}},{"type":"Feature","properties":{"k":"entrance","name":"Franz-Neumann-Platz","lines":""},"geometry":{"type":"Point","coordinates":[13.363127,52.565588]}},{"type":"Feature","properties":{"k":"entrance","name":"Franz-Neumann-Platz","lines":""},"geometry":{"type":"Point","coordinates":[13.36381,52.564345]}},{"type":"Feature","properties":{"k":"entrance","name":"Hermannplatz","lines":""},"geometry":{"type":"Point","coordinates":[13.422841,52.486924]}},{"type":"Feature","properties":{"k":"entrance","name":"Hasenheide/Lucy-Lameck-Straße/Volkspark-Hasenheide","lines":""},"geometry":{"type":"Point","coordinates":[13.422814,52.486666]}},{"type":"Feature","properties":{"k":"entrance","name":"Hermannplatz","lines":""},"geometry":{"type":"Point","coordinates":[13.425168,52.486109]}},{"type":"Feature","properties":{"k":"entrance","name":"Hermannstraße","lines":""},"geometry":{"type":"Point","coordinates":[13.42491,52.48597]}},{"type":"Feature","properties":{"k":"entrance","name":"","lines":""},"geometry":{"type":"Point","coordinates":[13.407749,52.489345]}},{"type":"Feature","properties":{"k":"entrance","name":"","lines":""},"geometry":{"type":"Point","coordinates":[13.341016,52.532317]}},{"type":"Feature","properties":{"k":"entrance","name":"Kienberg (Gärten der Welt)","lines":""},"geometry":{"type":"Point","coordinates":[13.590477,52.527668]}},{"type":"Feature","properties":{"k":"entrance","name":"Boddinstraße","lines":""},"geometry":{"type":"Point","coordinates":[13.425524,52.479387]}},{"type":"Feature","properties":{"k":"entrance","name":"Boddinstraße","lines":""},"geometry":{"type":"Point","coordinates":[13.425017,52.480963]}},{"type":"Feature","properties":{"k":"entrance","name":"Karl-Bonhoeffer-Nervenklinik","lines":""},"geometry":{"type":"Point","coordinates":[13.332843,52.578612]}},{"type":"Feature","properties":{"k":"entrance","name":"Heidelberger Platz","lines":""},"geometry":{"type":"Point","coordinates":[13.312573,52.478823]}},{"type":"Feature","properties":{"k":"entrance","name":"Yorckstraße","lines":""},"geometry":{"type":"Point","coordinates":[13.369007,52.492822]}},{"type":"Feature","properties":{"k":"entrance","name":"Wuhletal","lines":""},"geometry":{"type":"Point","coordinates":[13.574271,52.512805]}},{"type":"Feature","properties":{"k":"entrance","name":"Wuhletal","lines":""},"geometry":{"type":"Point","coordinates":[13.574257,52.512229]}},{"type":"Feature","properties":{"k":"entrance","name":"Heidelberger Platz","lines":""},"geometry":{"type":"Point","coordinates":[13.313333,52.480942]}},{"type":"Feature","properties":{"k":"entrance","name":"Heidelberger Platz","lines":""},"geometry":{"type":"Point","coordinates":[13.313833,52.480641]}},{"type":"Feature","properties":{"k":"entrance","name":"Bundesplatz","lines":""},"geometry":{"type":"Point","coordinates":[13.327877,52.478584]}},{"type":"Feature","properties":{"k":"entrance","name":"U-Fehrbelliner Platz","lines":""},"geometry":{"type":"Point","coordinates":[13.313526,52.490595]}},{"type":"Feature","properties":{"k":"entrance","name":"U-Fehrbelliner Platz","lines":""},"geometry":{"type":"Point","coordinates":[13.316454,52.491129]}},{"type":"Feature","properties":{"k":"entrance","name":"U-Fehrbelliner Platz","lines":""},"geometry":{"type":"Point","coordinates":[13.314792,52.490238]}},{"type":"Feature","properties":{"k":"entrance","name":"U-Fehrbelliner Platz","lines":""},"geometry":{"type":"Point","coordinates":[13.313921,52.490061]}},{"type":"Feature","properties":{"k":"entrance","name":"U-Fehrbelliner Platz","lines":""},"geometry":{"type":"Point","coordinates":[13.31455,52.490734]}},{"type":"Feature","properties":{"k":"entrance","name":"Hohenzollernplatz","lines":""},"geometry":{"type":"Point","coordinates":[13.323879,52.493777]}},{"type":"Feature","properties":{"k":"entrance","name":"","lines":""},"geometry":{"type":"Point","coordinates":[13.37273,52.557196]}},{"type":"Feature","properties":{"k":"entrance","name":"","lines":""},"geometry":{"type":"Point","coordinates":[13.280868,52.450668]}},{"type":"Feature","properties":{"k":"entrance","name":"Blissestraße","lines":""},"geometry":{"type":"Point","coordinates":[13.32068,52.4862]}},{"type":"Feature","properties":{"k":"entrance","name":"Blissestraße","lines":""},"geometry":{"type":"Point","coordinates":[13.320762,52.486636]}},{"type":"Feature","properties":{"k":"entrance","name":"Blissestraße","lines":""},"geometry":{"type":"Point","coordinates":[13.32354,52.486623]}},{"type":"Feature","properties":{"k":"entrance","name":"Blissestraße","lines":""},"geometry":{"type":"Point","coordinates":[13.322835,52.486244]}},{"type":"Feature","properties":{"k":"entrance","name":"Turmstraße","lines":""},"geometry":{"type":"Point","coordinates":[13.341525,52.526161]}},{"type":"Feature","properties":{"k":"entrance","name":"Bundesplatz","lines":""},"geometry":{"type":"Point","coordinates":[13.328005,52.477322]}},{"type":"Feature","properties":{"k":"entrance","name":"Bundesplatz","lines":""},"geometry":{"type":"Point","coordinates":[13.32891,52.477378]}},{"type":"Feature","properties":{"k":"entrance","name":"Bundesplatz","lines":""},"geometry":{"type":"Point","coordinates":[13.32797,52.479087]}},{"type":"Feature","properties":{"k":"entrance","name":"Konstanzer Straße","lines":""},"geometry":{"type":"Point","coordinates":[13.310058,52.494004]}},{"type":"Feature","properties":{"k":"entrance","name":"Konstanzer Straße","lines":""},"geometry":{"type":"Point","coordinates":[13.309582,52.493648]}},{"type":"Feature","properties":{"k":"entrance","name":"Konstanzer Straße","lines":""},"geometry":{"type":"Point","coordinates":[13.30863,52.49519]}},{"type":"Feature","properties":{"k":"entrance","name":"Adenauerplatz","lines":""},"geometry":{"type":"Point","coordinates":[13.306584,52.499756]}},{"type":"Feature","properties":{"k":"entrance","name":"Adenauerplatz","lines":""},"geometry":{"type":"Point","coordinates":[13.306459,52.500043]}},{"type":"Feature","properties":{"k":"entrance","name":"Westhafen","lines":""},"geometry":{"type":"Point","coordinates":[13.342738,52.537671]}},{"type":"Feature","properties":{"k":"entrance","name":"Hauptbahnhof","lines":""},"geometry":{"type":"Point","coordinates":[13.369369,52.526775]}},{"type":"Feature","properties":{"k":"entrance","name":"Potsdamer Platz","lines":""},"geometry":{"type":"Point","coordinates":[13.378865,52.509498]}},{"type":"Feature","properties":{"k":"entrance","name":"Potsdamer Platz","lines":""},"geometry":{"type":"Point","coordinates":[13.379317,52.509916]}},{"type":"Feature","properties":{"k":"entrance","name":"Potsdamer Platz","lines":""},"geometry":{"type":"Point","coordinates":[13.377138,52.508257]}},{"type":"Feature","properties":{"k":"entrance","name":"Amrumer Straße","lines":""},"geometry":{"type":"Point","coordinates":[13.351526,52.542612]}},{"type":"Feature","properties":{"k":"entrance","name":"Anhalter Bahnhof","lines":""},"geometry":{"type":"Point","coordinates":[13.380885,52.502567]}},{"type":"Feature","properties":{"k":"entrance","name":"Turmstraße","lines":""},"geometry":{"type":"Point","coordinates":[13.341128,52.525429]}},{"type":"Feature","properties":{"k":"entrance","name":"Tierpark","lines":""},"geometry":{"type":"Point","coordinates":[13.522448,52.498234]}},{"type":"Feature","properties":{"k":"entrance","name":"Mierendorffplatz","lines":""},"geometry":{"type":"Point","coordinates":[13.305837,52.525882]}},{"type":"Feature","properties":{"k":"entrance","name":"Mierendorffplatz","lines":""},"geometry":{"type":"Point","coordinates":[13.30589,52.525484]}},{"type":"Feature","properties":{"k":"entrance","name":"Paulsternstraße","lines":""},"geometry":{"type":"Point","coordinates":[13.247225,52.537962]}},{"type":"Feature","properties":{"k":"entrance","name":"U-Fehrbelliner Platz","lines":""},"geometry":{"type":"Point","coordinates":[13.314433,52.49006]}},{"type":"Feature","properties":{"k":"entrance","name":"Spichernstraße","lines":""},"geometry":{"type":"Point","coordinates":[13.330269,52.496116]}},{"type":"Feature","properties":{"k":"entrance","name":"Spichernstraße","lines":""},"geometry":{"type":"Point","coordinates":[13.33125,52.496152]}},{"type":"Feature","properties":{"k":"entrance","name":"Spichernstraße","lines":""},"geometry":{"type":"Point","coordinates":[13.331098,52.496602]}},{"type":"Feature","properties":{"k":"entrance","name":"Spichernstraße","lines":""},"geometry":{"type":"Point","coordinates":[13.330356,52.496944]}},{"type":"Feature","properties":{"k":"entrance","name":"Spichernstraße","lines":""},"geometry":{"type":"Point","coordinates":[13.332668,52.497496]}},{"type":"Feature","properties":{"k":"entrance","name":"Spichernstraße","lines":""},"geometry":{"type":"Point","coordinates":[13.332949,52.497316]}},{"type":"Feature","properties":{"k":"entrance","name":"","lines":""},"geometry":{"type":"Point","coordinates":[13.330841,52.503373]}},{"type":"Feature","properties":{"k":"entrance","name":"","lines":""},"geometry":{"type":"Point","coordinates":[13.331957,52.503742]}},{"type":"Feature","properties":{"k":"entrance","name":"","lines":""},"geometry":{"type":"Point","coordinates":[13.330475,52.503789]}},{"type":"Feature","properties":{"k":"entrance","name":"","lines":""},"geometry":{"type":"Point","coordinates":[13.330835,52.503864]}},{"type":"Feature","properties":{"k":"entrance","name":"Berliner Straße","lines":""},"geometry":{"type":"Point","coordinates":[13.330659,52.487531]}},{"type":"Feature","properties":{"k":"entrance","name":"Berliner Straße","lines":""},"geometry":{"type":"Point","coordinates":[13.331661,52.487565]}},{"type":"Feature","properties":{"k":"entrance","name":"Berliner Straße","lines":""},"geometry":{"type":"Point","coordinates":[13.330695,52.486956]}},{"type":"Feature","properties":{"k":"entrance","name":"Berliner Straße","lines":""},"geometry":{"type":"Point","coordinates":[13.331346,52.487178]}},{"type":"Feature","properties":{"k":"entrance","name":"Augsburger Straße","lines":""},"geometry":{"type":"Point","coordinates":[13.3365,52.500944]}},{"type":"Feature","properties":{"k":"entrance","name":"Augsburger Straße","lines":""},"geometry":{"type":"Point","coordinates":[13.337186,52.500672]}},{"type":"Feature","properties":{"k":"entrance","name":"Augsburger Straße","lines":""},"geometry":{"type":"Point","coordinates":[13.335562,52.500065]}},{"type":"Feature","properties":{"k":"entrance","name":"Augsburger Straße","lines":""},"geometry":{"type":"Point","coordinates":[13.335849,52.499592]}},{"type":"Feature","properties":{"k":"entrance","name":"Spittelmarkt","lines":""},"geometry":{"type":"Point","coordinates":[13.402362,52.511368]}},{"type":"Feature","properties":{"k":"entrance","name":"","lines":""},"geometry":{"type":"Point","coordinates":[13.385678,52.447192]}},{"type":"Feature","properties":{"k":"entrance","name":"Adenauerplatz","lines":""},"geometry":{"type":"Point","coordinates":[13.307681,52.499899]}},{"type":"Feature","properties":{"k":"entrance","name":"Adenauerplatz","lines":""},"geometry":{"type":"Point","coordinates":[13.307353,52.500307]}},{"type":"Feature","properties":{"k":"entrance","name":"Innsbrucker Platz","lines":""},"geometry":{"type":"Point","coordinates":[13.344627,52.47868]}},{"type":"Feature","properties":{"k":"entrance","name":"Jannowitzbrücke","lines":""},"geometry":{"type":"Point","coordinates":[13.418503,52.516289]}},{"type":"Feature","properties":{"k":"entrance","name":"Spichernstraße","lines":""},"geometry":{"type":"Point","coordinates":[13.330462,52.498112]}},{"type":"Feature","properties":{"k":"entrance","name":"Spichernstraße","lines":""},"geometry":{"type":"Point","coordinates":[13.330961,52.498366]}},{"type":"Feature","properties":{"k":"entrance","name":"Hermannstraße","lines":""},"geometry":{"type":"Point","coordinates":[13.431775,52.467209]}},{"type":"Feature","properties":{"k":"entrance","name":"Mierendorffplatz","lines":""},"geometry":{"type":"Point","coordinates":[13.303786,52.526815]}},{"type":"Feature","properties":{"k":"entrance","name":"Mierendorffplatz","lines":""},"geometry":{"type":"Point","coordinates":[13.304232,52.526984]}},{"type":"Feature","properties":{"k":"entrance","name":"Tierpark","lines":""},"geometry":{"type":"Point","coordinates":[13.523152,52.498688]}},{"type":"Feature","properties":{"k":"entrance","name":"Tierpark","lines":""},"geometry":{"type":"Point","coordinates":[13.523355,52.498405]}},{"type":"Feature","properties":{"k":"entrance","name":"Tierpark","lines":""},"geometry":{"type":"Point","coordinates":[13.523961,52.497279]}},{"type":"Feature","properties":{"k":"entrance","name":"Lichtenberg","lines":""},"geometry":{"type":"Point","coordinates":[13.496483,52.511276]}},{"type":"Feature","properties":{"k":"entrance","name":"Lichtenberg","lines":""},"geometry":{"type":"Point","coordinates":[13.497373,52.51123]}},{"type":"Feature","properties":{"k":"entrance","name":"Lichtenberg","lines":""},"geometry":{"type":"Point","coordinates":[13.496946,52.511671]}},{"type":"Feature","properties":{"k":"entrance","name":"Bayerischer Platz","lines":""},"geometry":{"type":"Point","coordinates":[13.340827,52.488344]}},{"type":"Feature","properties":{"k":"entrance","name":"Bayerischer Platz","lines":""},"geometry":{"type":"Point","coordinates":[13.340353,52.488742]}},{"type":"Feature","properties":{"k":"entrance","name":"Kaiserdamm","lines":""},"geometry":{"type":"Point","coordinates":[13.282327,52.509838]}},{"type":"Feature","properties":{"k":"entrance","name":"Kaiserdamm","lines":""},"geometry":{"type":"Point","coordinates":[13.281627,52.509659]}},{"type":"Feature","properties":{"k":"entrance","name":"Kaiserdamm","lines":""},"geometry":{"type":"Point","coordinates":[13.281383,52.510159]}},{"type":"Feature","properties":{"k":"entrance","name":"Kaiserdamm","lines":""},"geometry":{"type":"Point","coordinates":[13.28374,52.510309]}},{"type":"Feature","properties":{"k":"entrance","name":"Kaiserdamm","lines":""},"geometry":{"type":"Point","coordinates":[13.284248,52.509869]}},{"type":"Feature","properties":{"k":"entrance","name":"Kaiserdamm","lines":""},"geometry":{"type":"Point","coordinates":[13.284135,52.510332]}},{"type":"Feature","properties":{"k":"entrance","name":"S+U Brandenburger Tor","lines":""},"geometry":{"type":"Point","coordinates":[13.380393,52.516686]}},{"type":"Feature","properties":{"k":"entrance","name":"S+U Brandenburger Tor","lines":""},"geometry":{"type":"Point","coordinates":[13.380521,52.516249]}},{"type":"Feature","properties":{"k":"entrance","name":"Tierpark","lines":""},"geometry":{"type":"Point","coordinates":[13.523515,52.496878]}},{"type":"Feature","properties":{"k":"entrance","name":"Friedrichstraße","lines":""},"geometry":{"type":"Point","coordinates":[13.388256,52.52089]}},{"type":"Feature","properties":{"k":"entrance","name":"Friedrichstraße","lines":""},"geometry":{"type":"Point","coordinates":[13.387937,52.520983]}},{"type":"Feature","properties":{"k":"entrance","name":"S+U Friedrichstraße","lines":""},"geometry":{"type":"Point","coordinates":[13.387585,52.519859]}},{"type":"Feature","properties":{"k":"entrance","name":"Friedrichstraße","lines":""},"geometry":{"type":"Point","coordinates":[13.388554,52.519575]}},{"type":"Feature","properties":{"k":"station","name":"Elsterwerdaer Platz","lines":""},"geometry":{"type":"Point","coordinates":[13.560878,52.505293]}},{"type":"Feature","properties":{"k":"station","name":"Biesdorf-Süd","lines":""},"geometry":{"type":"Point","coordinates":[13.546532,52.499605]}},{"type":"Feature","properties":{"k":"entrance","name":"Rathaus Steglitz","lines":""},"geometry":{"type":"Point","coordinates":[13.320262,52.456784]}},{"type":"Feature","properties":{"k":"entrance","name":"Rathaus Steglitz","lines":""},"geometry":{"type":"Point","coordinates":[13.321136,52.456995]}},{"type":"Feature","properties":{"k":"entrance","name":"Eisenacher Straße","lines":""},"geometry":{"type":"Point","coordinates":[13.349156,52.489658]}},{"type":"Feature","properties":{"k":"entrance","name":"Rohrdamm","lines":""},"geometry":{"type":"Point","coordinates":[13.260845,52.536856]}},{"type":"Feature","properties":{"k":"entrance","name":"Rohrdamm","lines":""},"geometry":{"type":"Point","coordinates":[13.264155,52.536585]}},{"type":"Feature","properties":{"k":"entrance","name":"Siemensdamm","lines":""},"geometry":{"type":"Point","coordinates":[13.271887,52.536267]}},{"type":"Feature","properties":{"k":"entrance","name":"Siemensdamm","lines":""},"geometry":{"type":"Point","coordinates":[13.273004,52.536132]}},{"type":"Feature","properties":{"k":"entrance","name":"Siemensdamm","lines":""},"geometry":{"type":"Point","coordinates":[13.272021,52.536791]}},{"type":"Feature","properties":{"k":"entrance","name":"Siemensdamm","lines":""},"geometry":{"type":"Point","coordinates":[13.2733,52.536837]}},{"type":"Feature","properties":{"k":"entrance","name":"Neu-Westend","lines":""},"geometry":{"type":"Point","coordinates":[13.258039,52.516242]}},{"type":"Feature","properties":{"k":"entrance","name":"Zitadelle","lines":""},"geometry":{"type":"Point","coordinates":[13.217924,52.537738]}},{"type":"Feature","properties":{"k":"entrance","name":"Bismarckstraße","lines":""},"geometry":{"type":"Point","coordinates":[13.305453,52.511098]}},{"type":"Feature","properties":{"k":"entrance","name":"Bismarckstraße","lines":""},"geometry":{"type":"Point","coordinates":[13.30523,52.511069]}},{"type":"Feature","properties":{"k":"entrance","name":"Bismarckstraße","lines":""},"geometry":{"type":"Point","coordinates":[13.305034,52.511918]}},{"type":"Feature","properties":{"k":"entrance","name":"Deutsche Oper","lines":""},"geometry":{"type":"Point","coordinates":[13.309465,52.511604]}},{"type":"Feature","properties":{"k":"entrance","name":"Deutsche Oper","lines":""},"geometry":{"type":"Point","coordinates":[13.309763,52.51162]}},{"type":"Feature","properties":{"k":"entrance","name":"Bismarckstraße","lines":""},"geometry":{"type":"Point","coordinates":[13.305262,52.511929]}},{"type":"Feature","properties":{"k":"entrance","name":"Deutsche Oper","lines":""},"geometry":{"type":"Point","coordinates":[13.309707,52.51199]}},{"type":"Feature","properties":{"k":"entrance","name":"Deutsche Oper","lines":""},"geometry":{"type":"Point","coordinates":[13.311568,52.511926]}},{"type":"Feature","properties":{"k":"entrance","name":"Sophie-Charlotte-Platz","lines":""},"geometry":{"type":"Point","coordinates":[13.294912,52.510642]}},{"type":"Feature","properties":{"k":"entrance","name":"Sophie-Charlotte-Platz","lines":""},"geometry":{"type":"Point","coordinates":[13.294821,52.510997]}},{"type":"Feature","properties":{"k":"entrance","name":"Sophie-Charlotte-Platz","lines":""},"geometry":{"type":"Point","coordinates":[13.296829,52.51119]}},{"type":"Feature","properties":{"k":"entrance","name":"Sophie-Charlotte-Platz","lines":""},"geometry":{"type":"Point","coordinates":[13.297078,52.510675]}},{"type":"Feature","properties":{"k":"entrance","name":"Rathaus Spandau","lines":""},"geometry":{"type":"Point","coordinates":[13.20006,52.534504]}},{"type":"Feature","properties":{"k":"entrance","name":"Richard-Wagner-Platz","lines":""},"geometry":{"type":"Point","coordinates":[13.306977,52.515677]}},{"type":"Feature","properties":{"k":"entrance","name":"Richard-Wagner-Platz","lines":""},"geometry":{"type":"Point","coordinates":[13.306567,52.51551]}},{"type":"Feature","properties":{"k":"entrance","name":"Richard-Wagner-Platz","lines":""},"geometry":{"type":"Point","coordinates":[13.306045,52.517388]}},{"type":"Feature","properties":{"k":"entrance","name":"Richard-Wagner-Platz","lines":""},"geometry":{"type":"Point","coordinates":[13.307018,52.517098]}},{"type":"Feature","properties":{"k":"entrance","name":"Richard-Wagner-Platz","lines":""},"geometry":{"type":"Point","coordinates":[13.306002,52.517803]}},{"type":"Feature","properties":{"k":"entrance","name":"Grenzallee","lines":""},"geometry":{"type":"Point","coordinates":[13.445519,52.462162]}},{"type":"Feature","properties":{"k":"entrance","name":"Grenzallee","lines":""},"geometry":{"type":"Point","coordinates":[13.444151,52.463481]}},{"type":"Feature","properties":{"k":"entrance","name":"Viktoria-Luise-Platz","lines":""},"geometry":{"type":"Point","coordinates":[13.342522,52.495943]}},{"type":"Feature","properties":{"k":"entrance","name":"Viktoria-Luise-Platz","lines":""},"geometry":{"type":"Point","coordinates":[13.344254,52.496514]}},{"type":"Feature","properties":{"k":"entrance","name":"Rathaus Reinickendorf","lines":""},"geometry":{"type":"Point","coordinates":[13.324745,52.588805]}},{"type":"Feature","properties":{"k":"entrance","name":"Rathaus Reinickendorf","lines":""},"geometry":{"type":"Point","coordinates":[13.325249,52.588644]}},{"type":"Feature","properties":{"k":"entrance","name":"","lines":""},"geometry":{"type":"Point","coordinates":[13.240683,52.44293]}},{"type":"Feature","properties":{"k":"entrance","name":"Dahlem-Dorf","lines":""},"geometry":{"type":"Point","coordinates":[13.29005,52.457786]}},{"type":"Feature","properties":{"k":"entrance","name":"Bundestag","lines":""},"geometry":{"type":"Point","coordinates":[13.372243,52.520674]}},{"type":"Feature","properties":{"k":"entrance","name":"Bundestag","lines":""},"geometry":{"type":"Point","coordinates":[13.372696,52.519641]}},{"type":"Feature","properties":{"k":"entrance","name":"Bundestag","lines":""},"geometry":{"type":"Point","coordinates":[13.373964,52.519644]}},{"type":"Feature","properties":{"k":"entrance","name":"Bundestag","lines":""},"geometry":{"type":"Point","coordinates":[13.373243,52.520677]}},{"type":"Feature","properties":{"k":"entrance","name":"Ullsteinstraße","lines":""},"geometry":{"type":"Point","coordinates":[13.384059,52.452822]}},{"type":"Feature","properties":{"k":"entrance","name":"Ullsteinstraße","lines":""},"geometry":{"type":"Point","coordinates":[13.384596,52.45321]}},{"type":"Feature","properties":{"k":"entrance","name":"Ullsteinstraße","lines":""},"geometry":{"type":"Point","coordinates":[13.384348,52.454535]}},{"type":"Feature","properties":{"k":"entrance","name":"","lines":""},"geometry":{"type":"Point","coordinates":[13.386144,52.445676]}},{"type":"Feature","properties":{"k":"entrance","name":"","lines":""},"geometry":{"type":"Point","coordinates":[13.385332,52.445632]}},{"type":"Feature","properties":{"k":"entrance","name":"","lines":""},"geometry":{"type":"Point","coordinates":[13.385236,52.447036]}},{"type":"Feature","properties":{"k":"entrance","name":"Emserstraße;Siegfriedstraße;Warthestraße;Friedhöfe","lines":""},"geometry":{"type":"Point","coordinates":[13.430497,52.468615]}},{"type":"Feature","properties":{"k":"entrance","name":"Hermannstraße","lines":""},"geometry":{"type":"Point","coordinates":[13.431267,52.467204]}},{"type":"Feature","properties":{"k":"entrance","name":"Emserstraße;Siegfriedstraße;Nogatstraße;Schierker Straße","lines":""},"geometry":{"type":"Point","coordinates":[13.430762,52.468674]}},{"type":"Feature","properties":{"k":"entrance","name":"Möckernbrücke","lines":""},"geometry":{"type":"Point","coordinates":[13.382646,52.498543]}},{"type":"Feature","properties":{"k":"entrance","name":"","lines":""},"geometry":{"type":"Point","coordinates":[13.391953,52.498321]}},{"type":"Feature","properties":{"k":"entrance","name":"","lines":""},"geometry":{"type":"Point","coordinates":[13.391641,52.499629]}},{"type":"Feature","properties":{"k":"entrance","name":"","lines":""},"geometry":{"type":"Point","coordinates":[13.388079,52.493891]}},{"type":"Feature","properties":{"k":"entrance","name":"","lines":""},"geometry":{"type":"Point","coordinates":[13.388585,52.493812]}},{"type":"Feature","properties":{"k":"entrance","name":"","lines":""},"geometry":{"type":"Point","coordinates":[13.389094,52.495109]}},{"type":"Feature","properties":{"k":"entrance","name":"Reichenberger Straße/Skalitzer Straße","lines":""},"geometry":{"type":"Point","coordinates":[13.41679,52.499457]}},{"type":"Feature","properties":{"k":"entrance","name":"Reichenberger Straße/Dresdener Straße","lines":""},"geometry":{"type":"Point","coordinates":[13.416917,52.499552]}},{"type":"Feature","properties":{"k":"entrance","name":"Adalbertstraße/Reichenberger Straße/Dresdener Straße","lines":""},"geometry":{"type":"Point","coordinates":[13.417909,52.499423]}},{"type":"Feature","properties":{"k":"entrance","name":"","lines":""},"geometry":{"type":"Point","coordinates":[13.418938,52.498797]}},{"type":"Feature","properties":{"k":"entrance","name":"Skalitzer Straße","lines":""},"geometry":{"type":"Point","coordinates":[13.418664,52.49929]}},{"type":"Feature","properties":{"k":"entrance","name":"Breitenbachplatz","lines":""},"geometry":{"type":"Point","coordinates":[13.307876,52.466479]}},{"type":"Feature","properties":{"k":"entrance","name":"Breitenbachplatz","lines":""},"geometry":{"type":"Point","coordinates":[13.309652,52.467463]}},{"type":"Feature","properties":{"k":"entrance","name":"Rüdesheimer Platz","lines":""},"geometry":{"type":"Point","coordinates":[13.31438,52.472621]}},{"type":"Feature","properties":{"k":"entrance","name":"","lines":""},"geometry":{"type":"Point","coordinates":[13.359702,52.490191]}},{"type":"Feature","properties":{"k":"entrance","name":"","lines":""},"geometry":{"type":"Point","coordinates":[13.360337,52.490178]}},{"type":"Feature","properties":{"k":"entrance","name":"Yorckstraße","lines":""},"geometry":{"type":"Point","coordinates":[13.371825,52.492605]}},{"type":"Feature","properties":{"k":"entrance","name":"Karl-Marx-Straße","lines":""},"geometry":{"type":"Point","coordinates":[13.439498,52.475937]}},{"type":"Feature","properties":{"k":"entrance","name":"Karl-Marx-Straße","lines":""},"geometry":{"type":"Point","coordinates":[13.438889,52.477097]}},{"type":"Feature","properties":{"k":"entrance","name":"Johannisthaler Chaussee","lines":""},"geometry":{"type":"Point","coordinates":[13.453769,52.429006]}},{"type":"Feature","properties":{"k":"entrance","name":"Lipschitzallee","lines":""},"geometry":{"type":"Point","coordinates":[13.462588,52.424663]}},{"type":"Feature","properties":{"k":"entrance","name":"Britz-Süd","lines":""},"geometry":{"type":"Point","coordinates":[13.448443,52.437123]}},{"type":"Feature","properties":{"k":"entrance","name":"Britz-Süd","lines":""},"geometry":{"type":"Point","coordinates":[13.447924,52.438405]}},{"type":"Feature","properties":{"k":"entrance","name":"Schloßstraße","lines":""},"geometry":{"type":"Point","coordinates":[13.322819,52.459469]}},{"type":"Feature","properties":{"k":"entrance","name":"Schloßstraße","lines":""},"geometry":{"type":"Point","coordinates":[13.323863,52.459704]}},{"type":"Feature","properties":{"k":"entrance","name":"Heinrich-Heine-Straße, Sebastianstraße, Taxi","lines":""},"geometry":{"type":"Point","coordinates":[13.410698,52.503937]}},{"type":"Feature","properties":{"k":"entrance","name":"Voltastraße","lines":""},"geometry":{"type":"Point","coordinates":[13.3936,52.541365]}},{"type":"Feature","properties":{"k":"entrance","name":"Schwartzkopffstraße","lines":""},"geometry":{"type":"Point","coordinates":[13.376471,52.535848]}},{"type":"Feature","properties":{"k":"entrance","name":"Elsterwerdaer Platz","lines":""},"geometry":{"type":"Point","coordinates":[13.56151,52.505628]}},{"type":"Feature","properties":{"k":"entrance","name":"Elsterwerdaer Platz","lines":""},"geometry":{"type":"Point","coordinates":[13.561276,52.505749]}},{"type":"Feature","properties":{"k":"entrance","name":"Alt-Mariendorf","lines":""},"geometry":{"type":"Point","coordinates":[13.388133,52.43891]}},{"type":"Feature","properties":{"k":"entrance","name":"Frankfurter Allee","lines":""},"geometry":{"type":"Point","coordinates":[13.474789,52.513835]}},{"type":"Feature","properties":{"k":"entrance","name":"Frankfurter Allee","lines":""},"geometry":{"type":"Point","coordinates":[13.474619,52.513583]}},{"type":"Feature","properties":{"k":"entrance","name":"","lines":""},"geometry":{"type":"Point","coordinates":[13.326038,52.502653]}},{"type":"Feature","properties":{"k":"entrance","name":"","lines":""},"geometry":{"type":"Point","coordinates":[13.327741,52.503038]}},{"type":"Feature","properties":{"k":"entrance","name":"Bayerischer Platz","lines":""},"geometry":{"type":"Point","coordinates":[13.340612,52.48888]}},{"type":"Feature","properties":{"k":"entrance","name":"Zoologischer Garten","lines":""},"geometry":{"type":"Point","coordinates":[13.334061,52.507313]}},{"type":"Feature","properties":{"k":"entrance","name":"Wilmersdorfer Straße","lines":""},"geometry":{"type":"Point","coordinates":[13.307085,52.505745]}},{"type":"Feature","properties":{"k":"entrance","name":"Wilmersdorfer Straße","lines":""},"geometry":{"type":"Point","coordinates":[13.306648,52.505533]}},{"type":"Feature","properties":{"k":"entrance","name":"Tierpark","lines":""},"geometry":{"type":"Point","coordinates":[13.52229,52.498486]}},{"type":"Feature","properties":{"k":"entrance","name":"Weinmeisterstraße","lines":""},"geometry":{"type":"Point","coordinates":[13.406042,52.524958]}},{"type":"Feature","properties":{"k":"entrance","name":"Weberwiese","lines":""},"geometry":{"type":"Point","coordinates":[13.446161,52.516437]}},{"type":"Feature","properties":{"k":"entrance","name":"Weberwiese","lines":""},"geometry":{"type":"Point","coordinates":[13.443191,52.516618]}},{"type":"Feature","properties":{"k":"entrance","name":"Rudow","lines":""},"geometry":{"type":"Point","coordinates":[13.494311,52.416779]}},{"type":"Feature","properties":{"k":"entrance","name":"Rudow","lines":""},"geometry":{"type":"Point","coordinates":[13.496353,52.41596]}},{"type":"Feature","properties":{"k":"entrance","name":"Rudow","lines":""},"geometry":{"type":"Point","coordinates":[13.495776,52.415676]}},{"type":"Feature","properties":{"k":"entrance","name":"Heinrich-Heine-Straße","lines":""},"geometry":{"type":"Point","coordinates":[13.416784,52.511015]}},{"type":"Feature","properties":{"k":"entrance","name":"Oranienburger Tor","lines":""},"geometry":{"type":"Point","coordinates":[13.387286,52.525981]}},{"type":"Feature","properties":{"k":"entrance","name":"Hönow","lines":""},"geometry":{"type":"Point","coordinates":[13.631649,52.538889]}},{"type":"Feature","properties":{"k":"entrance","name":"Wilmersdorfer Straße","lines":""},"geometry":{"type":"Point","coordinates":[13.306572,52.506883]}},{"type":"Feature","properties":{"k":"entrance","name":"Wilmersdorfer Straße","lines":""},"geometry":{"type":"Point","coordinates":[13.306778,52.506382]}},{"type":"Feature","properties":{"k":"entrance","name":"Wilmersdorfer Straße","lines":""},"geometry":{"type":"Point","coordinates":[13.306864,52.506195]}},{"type":"Feature","properties":{"k":"entrance","name":"Wilmersdorfer Straße","lines":""},"geometry":{"type":"Point","coordinates":[13.306578,52.507139]}},{"type":"Feature","properties":{"k":"entrance","name":"Alt-Mariendorf","lines":""},"geometry":{"type":"Point","coordinates":[13.387008,52.440014]}},{"type":"Feature","properties":{"k":"entrance","name":"Alt-Mariendorf","lines":""},"geometry":{"type":"Point","coordinates":[13.387703,52.440392]}},{"type":"Feature","properties":{"k":"entrance","name":"Alt-Mariendorf","lines":""},"geometry":{"type":"Point","coordinates":[13.387488,52.438673]}},{"type":"Feature","properties":{"k":"entrance","name":"Alt-Mariendorf","lines":""},"geometry":{"type":"Point","coordinates":[13.387239,52.439055]}},{"type":"Feature","properties":{"k":"entrance","name":"Alt-Mariendorf","lines":""},"geometry":{"type":"Point","coordinates":[13.388209,52.439207]}},{"type":"Feature","properties":{"k":"entrance","name":"Friedrich-Wilhelm-Platz","lines":""},"geometry":{"type":"Point","coordinates":[13.328053,52.471596]}},{"type":"Feature","properties":{"k":"entrance","name":"Nauener Platz","lines":""},"geometry":{"type":"Point","coordinates":[13.367655,52.551393]}},{"type":"Feature","properties":{"k":"entrance","name":"Kurfürstendamm","lines":""},"geometry":{"type":"Point","coordinates":[13.333681,52.504475]}},{"type":"Feature","properties":{"k":"entrance","name":"Zoologischer Garten","lines":""},"geometry":{"type":"Point","coordinates":[13.334139,52.50559]}},{"type":"Feature","properties":{"k":"entrance","name":"Zoologischer Garten","lines":""},"geometry":{"type":"Point","coordinates":[13.333039,52.506291]}},{"type":"Feature","properties":{"k":"entrance","name":"Kurfürstendamm","lines":""},"geometry":{"type":"Point","coordinates":[13.333985,52.504188]}},{"type":"Feature","properties":{"k":"entrance","name":"Zoologischer Garten","lines":""},"geometry":{"type":"Point","coordinates":[13.333803,52.50495]}},{"type":"Feature","properties":{"k":"entrance","name":"","lines":""},"geometry":{"type":"Point","coordinates":[13.331823,52.504075]}},{"type":"Feature","properties":{"k":"entrance","name":"U-Bhf Kurfürstendamm","lines":""},"geometry":{"type":"Point","coordinates":[13.331335,52.502266]}},{"type":"Feature","properties":{"k":"entrance","name":"Rathaus Steglitz","lines":""},"geometry":{"type":"Point","coordinates":[13.320525,52.457047]}},{"type":"Feature","properties":{"k":"entrance","name":"Silbersteinstraße","lines":""},"geometry":{"type":"Point","coordinates":[13.431605,52.466777]}},{"type":"Feature","properties":{"k":"entrance","name":"Heinrich-Heine-Straße","lines":""},"geometry":{"type":"Point","coordinates":[13.415532,52.509302]}},{"type":"Feature","properties":{"k":"entrance","name":"Otisstraße","lines":""},"geometry":{"type":"Point","coordinates":[13.302146,52.571516]}},{"type":"Feature","properties":{"k":"entrance","name":"Kurfürstenstraße","lines":""},"geometry":{"type":"Point","coordinates":[13.362469,52.499812]}},{"type":"Feature","properties":{"k":"entrance","name":"Kurfürstenstraße","lines":""},"geometry":{"type":"Point","coordinates":[13.363202,52.499659]}},{"type":"Feature","properties":{"k":"entrance","name":"Frankfurter Tor","lines":""},"geometry":{"type":"Point","coordinates":[13.454664,52.51551]}},{"type":"Feature","properties":{"k":"entrance","name":"Altstadt Spandau","lines":""},"geometry":{"type":"Point","coordinates":[13.206934,52.538386]}},{"type":"Feature","properties":{"k":"entrance","name":"Weinmeisterstraße","lines":""},"geometry":{"type":"Point","coordinates":[13.406278,52.525036]}},{"type":"Feature","properties":{"k":"entrance","name":"Bernauer Straße","lines":""},"geometry":{"type":"Point","coordinates":[13.396139,52.538088]}},{"type":"Feature","properties":{"k":"entrance","name":"Johannisthaler Chaussee","lines":""},"geometry":{"type":"Point","coordinates":[13.453441,52.429107]}},{"type":"Feature","properties":{"k":"entrance","name":"Weinmeisterstraße","lines":""},"geometry":{"type":"Point","coordinates":[13.403787,52.525828]}},{"type":"Feature","properties":{"k":"entrance","name":"Rosenthaler Platz","lines":""},"geometry":{"type":"Point","coordinates":[13.401419,52.530054]}},{"type":"Feature","properties":{"k":"entrance","name":"Gleisdreieck","lines":""},"geometry":{"type":"Point","coordinates":[13.374309,52.500207]}},{"type":"Feature","properties":{"k":"entrance","name":"Cottbusser Platz","lines":""},"geometry":{"type":"Point","coordinates":[13.596697,52.533795]}},{"type":"Feature","properties":{"k":"entrance","name":"Cottbusser Platz","lines":""},"geometry":{"type":"Point","coordinates":[13.596712,52.534239]}},{"type":"Feature","properties":{"k":"entrance","name":"Cottbusser Platz","lines":""},"geometry":{"type":"Point","coordinates":[13.595868,52.534389]}},{"type":"Feature","properties":{"k":"entrance","name":"Hermannstraße;Okerstraße","lines":""},"geometry":{"type":"Point","coordinates":[13.427562,52.474209]}},{"type":"Feature","properties":{"k":"entrance","name":"Zoologischer Garten","lines":""},"geometry":{"type":"Point","coordinates":[13.331772,52.506239]}},{"type":"Feature","properties":{"k":"entrance","name":"Zoologischer Garten","lines":""},"geometry":{"type":"Point","coordinates":[13.332652,52.505856]}},{"type":"Feature","properties":{"k":"station","name":"Rosenthaler Platz","lines":""},"geometry":{"type":"Point","coordinates":[13.401121,52.5299]}},{"type":"Feature","properties":{"k":"entrance","name":"Hellersdorf","lines":""},"geometry":{"type":"Point","coordinates":[13.604858,52.536171]}},{"type":"Feature","properties":{"k":"entrance","name":"Hellersdorf","lines":""},"geometry":{"type":"Point","coordinates":[13.605429,52.536373]}},{"type":"Feature","properties":{"k":"entrance","name":"S+U Potsdamer Platz","lines":""},"geometry":{"type":"Point","coordinates":[13.377008,52.508944]}},{"type":"Feature","properties":{"k":"entrance","name":"S+U Potsdamer Platz","lines":""},"geometry":{"type":"Point","coordinates":[13.376041,52.508829]}},{"type":"Feature","properties":{"k":"entrance","name":"Hansaplatz","lines":""},"geometry":{"type":"Point","coordinates":[13.342222,52.517133]}},{"type":"Feature","properties":{"k":"entrance","name":"Altstadt Spandau","lines":""},"geometry":{"type":"Point","coordinates":[13.205334,52.539092]}},{"type":"Feature","properties":{"k":"entrance","name":"Blaschkoallee","lines":""},"geometry":{"type":"Point","coordinates":[13.448972,52.452641]}},{"type":"Feature","properties":{"k":"entrance","name":"Oranienburger Straße","lines":""},"geometry":{"type":"Point","coordinates":[13.392478,52.524977]}},{"type":"Feature","properties":{"k":"entrance","name":"Oranienburger Straße","lines":""},"geometry":{"type":"Point","coordinates":[13.392582,52.525159]}},{"type":"Feature","properties":{"k":"entrance","name":"Kochstraße/Checkpoint Charlie","lines":""},"geometry":{"type":"Point","coordinates":[13.390709,52.505448]}},{"type":"Feature","properties":{"k":"entrance","name":"Magdalenenstraße (Campus für Demokratie)","lines":""},"geometry":{"type":"Point","coordinates":[13.488457,52.512191]}},{"type":"Feature","properties":{"k":"entrance","name":"Magdalenenstraße (Campus für Demokratie)","lines":""},"geometry":{"type":"Point","coordinates":[13.488536,52.512447]}},{"type":"Feature","properties":{"k":"entrance","name":"Magdalenenstraße (Campus für Demokratie)","lines":""},"geometry":{"type":"Point","coordinates":[13.48563,52.512478]}},{"type":"Feature","properties":{"k":"entrance","name":"Magdalenenstraße (Campus für Demokratie)","lines":""},"geometry":{"type":"Point","coordinates":[13.485701,52.512733]}},{"type":"Feature","properties":{"k":"entrance","name":"Lichtenberg","lines":""},"geometry":{"type":"Point","coordinates":[13.499694,52.510891]}},{"type":"Feature","properties":{"k":"entrance","name":"Alexanderplatz","lines":""},"geometry":{"type":"Point","coordinates":[13.411667,52.521541]}},{"type":"Feature","properties":{"k":"entrance","name":"Eberswalder Straße","lines":""},"geometry":{"type":"Point","coordinates":[13.412157,52.541179]}},{"type":"Feature","properties":{"k":"entrance","name":"Friedrichsfelde","lines":""},"geometry":{"type":"Point","coordinates":[13.513419,52.505618]}},{"type":"Feature","properties":{"k":"entrance","name":"Mendelssohn-Bartholdy-Park","lines":""},"geometry":{"type":"Point","coordinates":[13.374956,52.50418]}},{"type":"Feature","properties":{"k":"entrance","name":"Kaulsdorf-Nord","lines":""},"geometry":{"type":"Point","coordinates":[13.589111,52.521726]}},{"type":"Feature","properties":{"k":"entrance","name":"Kaulsdorf-Nord","lines":""},"geometry":{"type":"Point","coordinates":[13.588639,52.521709]}},{"type":"Feature","properties":{"k":"entrance","name":"Kaulsdorf-Nord","lines":""},"geometry":{"type":"Point","coordinates":[13.588713,52.521097]}},{"type":"Feature","properties":{"k":"entrance","name":"Kaulsdorf-Nord","lines":""},"geometry":{"type":"Point","coordinates":[13.589188,52.521113]}},{"type":"Feature","properties":{"k":"entrance","name":"","lines":""},"geometry":{"type":"Point","coordinates":[13.252153,52.449559]}},{"type":"Feature","properties":{"k":"entrance","name":"Klosterstraße","lines":""},"geometry":{"type":"Point","coordinates":[13.412205,52.516221]}},{"type":"Feature","properties":{"k":"entrance","name":"Warschauer Straße/Stralauer Allee/Mühlenstraße/East Side Mall","lines":""},"geometry":{"type":"Point","coordinates":[13.449453,52.505368]}},{"type":"Feature","properties":{"k":"entrance","name":"Nordbahnhof","lines":""},"geometry":{"type":"Point","coordinates":[13.387758,52.53312]}},{"type":"Feature","properties":{"k":"entrance","name":"Yorckstraße","lines":""},"geometry":{"type":"Point","coordinates":[13.369571,52.49308]}},{"type":"Feature","properties":{"k":"entrance","name":"Neukölln","lines":""},"geometry":{"type":"Point","coordinates":[13.441524,52.469552]}},{"type":"Feature","properties":{"k":"entrance","name":"Kottbusser Damm/Graefestraße/Planufer","lines":""},"geometry":{"type":"Point","coordinates":[13.421008,52.494416]}},{"type":"Feature","properties":{"k":"entrance","name":"Friedrichstraße","lines":""},"geometry":{"type":"Point","coordinates":[13.38543,52.519721]}},{"type":"Feature","properties":{"k":"entrance","name":"","lines":""},"geometry":{"type":"Point","coordinates":[13.385986,52.465649]}},{"type":"Feature","properties":{"k":"entrance","name":"","lines":""},"geometry":{"type":"Point","coordinates":[13.385143,52.465646]}},{"type":"Feature","properties":{"k":"entrance","name":"","lines":""},"geometry":{"type":"Point","coordinates":[13.385832,52.4663]}},{"type":"Feature","properties":{"k":"entrance","name":"","lines":""},"geometry":{"type":"Point","coordinates":[13.385353,52.466291]}},{"type":"Feature","properties":{"k":"entrance","name":"Kaiserin-Augusta-Straße","lines":""},"geometry":{"type":"Point","coordinates":[13.384865,52.459381]}},{"type":"Feature","properties":{"k":"entrance","name":"Kaiserin-Augusta-Straße","lines":""},"geometry":{"type":"Point","coordinates":[13.384075,52.459457]}},{"type":"Feature","properties":{"k":"entrance","name":"Kaiserin-Augusta-Straße","lines":""},"geometry":{"type":"Point","coordinates":[13.385212,52.460726]}},{"type":"Feature","properties":{"k":"entrance","name":"Kaiserin-Augusta-Straße","lines":""},"geometry":{"type":"Point","coordinates":[13.384455,52.460805]}},{"type":"Feature","properties":{"k":"entrance","name":"Deutsche Oper","lines":""},"geometry":{"type":"Point","coordinates":[13.30895,52.512016]}},{"type":"Feature","properties":{"k":"entrance","name":"Hauptbahnhof","lines":""},"geometry":{"type":"Point","coordinates":[13.370949,52.524115]}},{"type":"Feature","properties":{"k":"entrance","name":"Märkisches Museum","lines":""},"geometry":{"type":"Point","coordinates":[13.411242,52.51269]}},{"type":"Feature","properties":{"k":"entrance","name":"","lines":""},"geometry":{"type":"Point","coordinates":[13.396745,52.513183]}},{"type":"Feature","properties":{"k":"entrance","name":"","lines":""},"geometry":{"type":"Point","coordinates":[13.389872,52.51054]}},{"type":"Feature","properties":{"k":"entrance","name":"","lines":""},"geometry":{"type":"Point","coordinates":[13.389816,52.510891]}},{"type":"Feature","properties":{"k":"entrance","name":"","lines":""},"geometry":{"type":"Point","coordinates":[13.389796,52.511019]}},{"type":"Feature","properties":{"k":"entrance","name":"","lines":""},"geometry":{"type":"Point","coordinates":[13.38987,52.512125]}},{"type":"Feature","properties":{"k":"station","name":"Gleisdreieck","lines":""},"geometry":{"type":"Point","coordinates":[13.374032,52.499526]}},{"type":"Feature","properties":{"k":"entrance","name":"Hohenzollernplatz","lines":""},"geometry":{"type":"Point","coordinates":[13.325976,52.494531]}},{"type":"Feature","properties":{"k":"entrance","name":"","lines":""},"geometry":{"type":"Point","coordinates":[13.441642,52.500893]}},{"type":"Feature","properties":{"k":"entrance","name":"Wuhletal","lines":""},"geometry":{"type":"Point","coordinates":[13.576636,52.513021]}},{"type":"Feature","properties":{"k":"entrance","name":"Schloßstraße","lines":""},"geometry":{"type":"Point","coordinates":[13.325453,52.461332]}},{"type":"Feature","properties":{"k":"entrance","name":"Nordbahnhof","lines":""},"geometry":{"type":"Point","coordinates":[13.388488,52.531844]}},{"type":"Feature","properties":{"k":"entrance","name":"Nordbahnhof","lines":""},"geometry":{"type":"Point","coordinates":[13.388313,52.531823]}},{"type":"Feature","properties":{"k":"entrance","name":"Nordbahnhof","lines":""},"geometry":{"type":"Point","coordinates":[13.387026,52.532853]}},{"type":"Feature","properties":{"k":"entrance","name":"Nordbahnhof","lines":""},"geometry":{"type":"Point","coordinates":[13.387149,52.532787]}},{"type":"Feature","properties":{"k":"entrance","name":"S+U Brandenburger Tor","lines":""},"geometry":{"type":"Point","coordinates":[13.383242,52.516874]}},{"type":"Feature","properties":{"k":"entrance","name":"Scharnweberstraße","lines":""},"geometry":{"type":"Point","coordinates":[13.313581,52.566603]}},{"type":"Feature","properties":{"k":"entrance","name":"Borsigwerke","lines":""},"geometry":{"type":"Point","coordinates":[13.290546,52.581042]}},{"type":"Feature","properties":{"k":"entrance","name":"Borsigwerke","lines":""},"geometry":{"type":"Point","coordinates":[13.289276,52.582865]}},{"type":"Feature","properties":{"k":"entrance","name":"Borsigwerke","lines":""},"geometry":{"type":"Point","coordinates":[13.290383,52.582531]}},{"type":"Feature","properties":{"k":"entrance","name":"Borsigwerke","lines":""},"geometry":{"type":"Point","coordinates":[13.291333,52.581224]}},{"type":"Feature","properties":{"k":"entrance","name":"Potsdamer Platz","lines":""},"geometry":{"type":"Point","coordinates":[13.376524,52.510413]}},{"type":"Feature","properties":{"k":"entrance","name":"Potsdamer Platz","lines":""},"geometry":{"type":"Point","coordinates":[13.376578,52.510659]}},{"type":"Feature","properties":{"k":"entrance","name":"S+U Potsdamer Platz","lines":""},"geometry":{"type":"Point","coordinates":[13.376745,52.508677]}},{"type":"Feature","properties":{"k":"entrance","name":"Potsdamer Platz","lines":""},"geometry":{"type":"Point","coordinates":[13.377318,52.509713]}},{"type":"Feature","properties":{"k":"entrance","name":"","lines":""},"geometry":{"type":"Point","coordinates":[13.38153,52.503448]}},{"type":"Feature","properties":{"k":"entrance","name":"","lines":""},"geometry":{"type":"Point","coordinates":[13.381301,52.503504]}},{"type":"Feature","properties":{"k":"entrance","name":"","lines":""},"geometry":{"type":"Point","coordinates":[13.381403,52.504437]}},{"type":"Feature","properties":{"k":"entrance","name":"","lines":""},"geometry":{"type":"Point","coordinates":[13.381788,52.504571]}},{"type":"Feature","properties":{"k":"entrance","name":"Anhalter Bahnhof","lines":""},"geometry":{"type":"Point","coordinates":[13.382297,52.504671]}},{"type":"Feature","properties":{"k":"station","name":"Gesundbrunnen","lines":""},"geometry":{"type":"Point","coordinates":[13.388306,52.548822]}},{"type":"Feature","properties":{"k":"entrance","name":"S+U Potsdamer Platz","lines":""},"geometry":{"type":"Point","coordinates":[13.376299,52.508848]}},{"type":"Feature","properties":{"k":"entrance","name":"Potsdamer Platz","lines":""},"geometry":{"type":"Point","coordinates":[13.376073,52.509726]}},{"type":"Feature","properties":{"k":"entrance","name":"","lines":""},"geometry":{"type":"Point","coordinates":[13.377368,52.509417]}},{"type":"Feature","properties":{"k":"entrance","name":"Potsdamer Platz","lines":""},"geometry":{"type":"Point","coordinates":[13.376941,52.510637]}},{"type":"Feature","properties":{"k":"entrance","name":"S+U Potsdamer Platz","lines":""},"geometry":{"type":"Point","coordinates":[13.375106,52.508873]}},{"type":"Feature","properties":{"k":"entrance","name":"S+U Potsdamer Platz","lines":""},"geometry":{"type":"Point","coordinates":[13.375623,52.5091]}},{"type":"Feature","properties":{"k":"entrance","name":"Potsdamer Platz","lines":""},"geometry":{"type":"Point","coordinates":[13.376878,52.510394]}},{"type":"Feature","properties":{"k":"entrance","name":"Wedding","lines":""},"geometry":{"type":"Point","coordinates":[13.364248,52.543511]}},{"type":"Feature","properties":{"k":"entrance","name":"Kurt-Schumacher-Platz","lines":""},"geometry":{"type":"Point","coordinates":[13.326628,52.563293]}},{"type":"Feature","properties":{"k":"entrance","name":"Kurt-Schumacher-Platz","lines":""},"geometry":{"type":"Point","coordinates":[13.326714,52.563415]}},{"type":"Feature","properties":{"k":"entrance","name":"Rehberge","lines":""},"geometry":{"type":"Point","coordinates":[13.341671,52.556278]}},{"type":"Feature","properties":{"k":"entrance","name":"Wedding","lines":""},"geometry":{"type":"Point","coordinates":[13.365802,52.542628]}},{"type":"Feature","properties":{"k":"entrance","name":"Vinetastraße","lines":""},"geometry":{"type":"Point","coordinates":[13.412802,52.558788]}},{"type":"Feature","properties":{"k":"entrance","name":"Vinetastraße","lines":""},"geometry":{"type":"Point","coordinates":[13.413383,52.559016]}},{"type":"Feature","properties":{"k":"entrance","name":"Vinetastraße","lines":""},"geometry":{"type":"Point","coordinates":[13.413151,52.559015]}},{"type":"Feature","properties":{"k":"entrance","name":"Vinetastraße","lines":""},"geometry":{"type":"Point","coordinates":[13.413566,52.55906]}},{"type":"Feature","properties":{"k":"entrance","name":"Vinetastraße","lines":""},"geometry":{"type":"Point","coordinates":[13.413141,52.55926]}},{"type":"Feature","properties":{"k":"entrance","name":"Vinetastraße","lines":""},"geometry":{"type":"Point","coordinates":[13.413365,52.55927]}},{"type":"Feature","properties":{"k":"entrance","name":"Weberwiese","lines":""},"geometry":{"type":"Point","coordinates":[13.446357,52.516706]}},{"type":"Feature","properties":{"k":"entrance","name":"Alexanderplatz","lines":""},"geometry":{"type":"Point","coordinates":[13.414707,52.520827]}},{"type":"Feature","properties":{"k":"entrance","name":"Alexanderplatz","lines":""},"geometry":{"type":"Point","coordinates":[13.413626,52.520973]}},{"type":"Feature","properties":{"k":"entrance","name":"Alexanderplatz","lines":""},"geometry":{"type":"Point","coordinates":[13.413191,52.521621]}},{"type":"Feature","properties":{"k":"entrance","name":"Alexanderplatz","lines":""},"geometry":{"type":"Point","coordinates":[13.411929,52.521682]}},{"type":"Feature","properties":{"k":"entrance","name":"Alexanderplatz","lines":""},"geometry":{"type":"Point","coordinates":[13.413169,52.522225]}},{"type":"Feature","properties":{"k":"entrance","name":"Zoologischer Garten","lines":""},"geometry":{"type":"Point","coordinates":[13.332327,52.506615]}},{"type":"Feature","properties":{"k":"entrance","name":"Zoologischer Garten","lines":""},"geometry":{"type":"Point","coordinates":[13.333094,52.507433]}},{"type":"Feature","properties":{"k":"entrance","name":"Zoologischer Garten","lines":""},"geometry":{"type":"Point","coordinates":[13.333285,52.507689]}},{"type":"Feature","properties":{"k":"entrance","name":"Zoologischer Garten","lines":""},"geometry":{"type":"Point","coordinates":[13.333815,52.505716]}},{"type":"Feature","properties":{"k":"entrance","name":"Friedrichstraße","lines":""},"geometry":{"type":"Point","coordinates":[13.388632,52.519948]}},{"type":"Feature","properties":{"k":"entrance","name":"Friedrichstraße","lines":""},"geometry":{"type":"Point","coordinates":[13.388623,52.520119]}},{"type":"Feature","properties":{"k":"entrance","name":"Rathaus Neukölln","lines":""},"geometry":{"type":"Point","coordinates":[13.434514,52.481411]}},{"type":"Feature","properties":{"k":"entrance","name":"Amrumer Straße","lines":""},"geometry":{"type":"Point","coordinates":[13.349115,52.541774]}},{"type":"Feature","properties":{"k":"station","name":"Wedding","lines":""},"geometry":{"type":"Point","coordinates":[13.365037,52.543062]}},{"type":"Feature","properties":{"k":"entrance","name":"Naturkundemuseum","lines":""},"geometry":{"type":"Point","coordinates":[13.382804,52.530775]}},{"type":"Feature","properties":{"k":"entrance","name":"","lines":""},"geometry":{"type":"Point","coordinates":[13.390011,52.509696]}},{"type":"Feature","properties":{"k":"entrance","name":"","lines":""},"geometry":{"type":"Point","coordinates":[13.389986,52.509846]}},{"type":"Feature","properties":{"k":"entrance","name":"Frankfurter Tor","lines":""},"geometry":{"type":"Point","coordinates":[13.45396,52.51561]}},{"type":"Feature","properties":{"k":"entrance","name":"Frankfurter Tor","lines":""},"geometry":{"type":"Point","coordinates":[13.453438,52.515727]}},{"type":"Feature","properties":{"k":"entrance","name":"Frankfurter Tor","lines":""},"geometry":{"type":"Point","coordinates":[13.4548,52.515853]}},{"type":"Feature","properties":{"k":"entrance","name":"Frankfurter Tor","lines":""},"geometry":{"type":"Point","coordinates":[13.454459,52.515885]}},{"type":"Feature","properties":{"k":"entrance","name":"Frankfurter Tor","lines":""},"geometry":{"type":"Point","coordinates":[13.45334,52.516003]}},{"type":"Feature","properties":{"k":"entrance","name":"Frankfurter Tor","lines":""},"geometry":{"type":"Point","coordinates":[13.453004,52.516038]}},{"type":"Feature","properties":{"k":"entrance","name":"Weberwiese","lines":""},"geometry":{"type":"Point","coordinates":[13.443317,52.517013]}},{"type":"Feature","properties":{"k":"entrance","name":"Strausberger Platz","lines":""},"geometry":{"type":"Point","coordinates":[13.430045,52.518455]}},{"type":"Feature","properties":{"k":"entrance","name":"Richard-Wagner-Platz","lines":""},"geometry":{"type":"Point","coordinates":[13.30702,52.517643]}},{"type":"Feature","properties":{"k":"entrance","name":"Anton-Wilhelm-Amo-Straße","lines":""},"geometry":{"type":"Point","coordinates":[13.383842,52.511538]}},{"type":"Feature","properties":{"k":"entrance","name":"Anton-Wilhelm-Amo-Straße","lines":""},"geometry":{"type":"Point","coordinates":[13.386316,52.511903]}},{"type":"Feature","properties":{"k":"entrance","name":"","lines":""},"geometry":{"type":"Point","coordinates":[13.389073,52.512078]}},{"type":"Feature","properties":{"k":"entrance","name":"","lines":""},"geometry":{"type":"Point","coordinates":[13.389328,52.512095]}},{"type":"Feature","properties":{"k":"entrance","name":"","lines":""},"geometry":{"type":"Point","coordinates":[13.38598,52.464719]}},{"type":"Feature","properties":{"k":"entrance","name":"Innsbrucker Platz","lines":""},"geometry":{"type":"Point","coordinates":[13.343343,52.479668]}},{"type":"Feature","properties":{"k":"entrance","name":"","lines":""},"geometry":{"type":"Point","coordinates":[13.385194,52.47091]}},{"type":"Feature","properties":{"k":"entrance","name":"Strausberger Platz","lines":""},"geometry":{"type":"Point","coordinates":[13.430336,52.517958]}},{"type":"Feature","properties":{"k":"station","name":"Stadtmitte","lines":""},"geometry":{"type":"Point","coordinates":[13.389655,52.512081]}},{"type":"Feature","properties":{"k":"entrance","name":"Märkisches Museum","lines":""},"geometry":{"type":"Point","coordinates":[13.409015,52.512045]}},{"type":"Feature","properties":{"k":"entrance","name":"Schillingstraße","lines":""},"geometry":{"type":"Point","coordinates":[13.419698,52.521278]}},{"type":"Feature","properties":{"k":"entrance","name":"Rathaus Reinickendorf","lines":""},"geometry":{"type":"Point","coordinates":[13.325599,52.588975]}},{"type":"Feature","properties":{"k":"entrance","name":"Rathaus Reinickendorf","lines":""},"geometry":{"type":"Point","coordinates":[13.326114,52.587665]}},{"type":"Feature","properties":{"k":"entrance","name":"Innsbrucker Platz","lines":""},"geometry":{"type":"Point","coordinates":[13.343303,52.478597]}},{"type":"Feature","properties":{"k":"entrance","name":"Tempelhof","lines":""},"geometry":{"type":"Point","coordinates":[13.385822,52.468904]}},{"type":"Feature","properties":{"k":"entrance","name":"Tempelhof","lines":""},"geometry":{"type":"Point","coordinates":[13.385357,52.468948]}},{"type":"Feature","properties":{"k":"entrance","name":"Karl-Marx-Straße/Hobrechtstraße","lines":""},"geometry":{"type":"Point","coordinates":[13.425548,52.485938]}},{"type":"Feature","properties":{"k":"entrance","name":"Voltastraße","lines":""},"geometry":{"type":"Point","coordinates":[13.392421,52.542885]}},{"type":"Feature","properties":{"k":"entrance","name":"Rathaus Steglitz","lines":""},"geometry":{"type":"Point","coordinates":[13.321259,52.45593]}},{"type":"Feature","properties":{"k":"entrance","name":"Rathaus Steglitz","lines":""},"geometry":{"type":"Point","coordinates":[13.32099,52.455973]}},{"type":"Feature","properties":{"k":"entrance","name":"","lines":""},"geometry":{"type":"Point","coordinates":[13.320639,52.456505]}},{"type":"Feature","properties":{"k":"entrance","name":"Rathaus Spandau","lines":""},"geometry":{"type":"Point","coordinates":[13.200723,52.5358]}},{"type":"Feature","properties":{"k":"entrance","name":"Rathaus Spandau","lines":""},"geometry":{"type":"Point","coordinates":[13.199371,52.535976]}},{"type":"Feature","properties":{"k":"entrance","name":"","lines":""},"geometry":{"type":"Point","coordinates":[13.332199,52.50416]}},{"type":"Feature","properties":{"k":"entrance","name":"Bernauer Straße","lines":""},"geometry":{"type":"Point","coordinates":[13.397344,52.536547]}},{"type":"Feature","properties":{"k":"entrance","name":"Rosa-Luxemburg-Platz","lines":""},"geometry":{"type":"Point","coordinates":[13.410829,52.526974]}},{"type":"Feature","properties":{"k":"entrance","name":"Rosa-Luxemburg-Platz","lines":""},"geometry":{"type":"Point","coordinates":[13.410138,52.528429]}},{"type":"Feature","properties":{"k":"entrance","name":"Senefelderplatz","lines":""},"geometry":{"type":"Point","coordinates":[13.412545,52.53177]}},{"type":"Feature","properties":{"k":"entrance","name":"Senefelderplatz","lines":""},"geometry":{"type":"Point","coordinates":[13.412834,52.533072]}},{"type":"Feature","properties":{"k":"entrance","name":"S+U Brandenburger Tor","lines":""},"geometry":{"type":"Point","coordinates":[13.380027,52.516437]}},{"type":"Feature","properties":{"k":"entrance","name":"Neu-Westend","lines":""},"geometry":{"type":"Point","coordinates":[13.260528,52.51604]}},{"type":"Feature","properties":{"k":"entrance","name":"Ruhleben","lines":""},"geometry":{"type":"Point","coordinates":[13.241194,52.525532]}},{"type":"Feature","properties":{"k":"entrance","name":"Ruhleben","lines":""},"geometry":{"type":"Point","coordinates":[13.241346,52.525758]}},{"type":"Feature","properties":{"k":"entrance","name":"Zoologischer Garten","lines":""},"geometry":{"type":"Point","coordinates":[13.332189,52.506723]}},{"type":"Feature","properties":{"k":"station","name":"Seestraße","lines":""},"geometry":{"type":"Point","coordinates":[13.353118,52.549803]}},{"type":"Feature","properties":{"k":"station","name":"Leopoldplatz","lines":""},"geometry":{"type":"Point","coordinates":[13.359167,52.546383]}},{"type":"Feature","properties":{"k":"entrance","name":"Residenzstraße","lines":""},"geometry":{"type":"Point","coordinates":[13.360474,52.570159]}},{"type":"Feature","properties":{"k":"entrance","name":"Heidelberger Platz","lines":""},"geometry":{"type":"Point","coordinates":[13.314053,52.480772]}},{"type":"Feature","properties":{"k":"entrance","name":"Hermannplatz","lines":""},"geometry":{"type":"Point","coordinates":[13.424017,52.485574]}},{"type":"Feature","properties":{"k":"entrance","name":"Karl-Marx-Straße/Mainzer Straße","lines":""},"geometry":{"type":"Point","coordinates":[13.425314,52.485791]}},{"type":"Feature","properties":{"k":"entrance","name":"Schönhauser Allee","lines":""},"geometry":{"type":"Point","coordinates":[13.413554,52.548526]}},{"type":"Feature","properties":{"k":"entrance","name":"Schönhauser Allee","lines":""},"geometry":{"type":"Point","coordinates":[13.413718,52.549475]}},{"type":"Feature","properties":{"k":"entrance","name":"Schönhauser Allee","lines":""},"geometry":{"type":"Point","coordinates":[13.413788,52.549886]}},{"type":"Feature","properties":{"k":"entrance","name":"Ullsteinstraße","lines":""},"geometry":{"type":"Point","coordinates":[13.383857,52.454707]}},{"type":"Feature","properties":{"k":"entrance","name":"Ernst-Reuter-Platz","lines":""},"geometry":{"type":"Point","coordinates":[13.322225,52.511462]}},{"type":"Feature","properties":{"k":"entrance","name":"Ernst-Reuter-Platz","lines":""},"geometry":{"type":"Point","coordinates":[13.322906,52.511648]}},{"type":"Feature","properties":{"k":"entrance","name":"Ernst-Reuter-Platz","lines":""},"geometry":{"type":"Point","coordinates":[13.321462,52.511859]}},{"type":"Feature","properties":{"k":"entrance","name":"Ernst-Reuter-Platz","lines":""},"geometry":{"type":"Point","coordinates":[13.323034,52.512206]}},{"type":"Feature","properties":{"k":"entrance","name":"Ernst-Reuter-Platz","lines":""},"geometry":{"type":"Point","coordinates":[13.322,52.512226]}},{"type":"Feature","properties":{"k":"entrance","name":"Theodor-Heuss-Platz","lines":""},"geometry":{"type":"Point","coordinates":[13.273341,52.509662]}},{"type":"Feature","properties":{"k":"entrance","name":"Theodor-Heuss-Platz","lines":""},"geometry":{"type":"Point","coordinates":[13.27344,52.509881]}},{"type":"Feature","properties":{"k":"entrance","name":"Theodor-Heuss-Platz","lines":""},"geometry":{"type":"Point","coordinates":[13.271565,52.510017]}},{"type":"Feature","properties":{"k":"entrance","name":"Theodor-Heuss-Platz","lines":""},"geometry":{"type":"Point","coordinates":[13.271885,52.510177]}},{"type":"Feature","properties":{"k":"entrance","name":"Frankfurter Tor","lines":""},"geometry":{"type":"Point","coordinates":[13.452873,52.515784]}},{"type":"Feature","properties":{"k":"station","name":"Frankfurter Allee","lines":""},"geometry":{"type":"Point","coordinates":[13.475436,52.513623]}},{"type":"Feature","properties":{"k":"entrance","name":"Oranienburger Tor","lines":""},"geometry":{"type":"Point","coordinates":[13.387492,52.524756]}},{"type":"Feature","properties":{"k":"entrance","name":"Oranienburger Tor","lines":""},"geometry":{"type":"Point","coordinates":[13.387467,52.524917]}},{"type":"Feature","properties":{"k":"station","name":"Naturkundemuseum","lines":""},"geometry":{"type":"Point","coordinates":[13.38216,52.531272]}},{"type":"Feature","properties":{"k":"entrance","name":"Naturkundemuseum","lines":""},"geometry":{"type":"Point","coordinates":[13.382645,52.530903]}},{"type":"Feature","properties":{"k":"entrance","name":"Naturkundemuseum","lines":""},"geometry":{"type":"Point","coordinates":[13.381664,52.53168]}},{"type":"Feature","properties":{"k":"entrance","name":"Rudolfstraße/Rotherstraße/Warschauer Platz/Fundbüro","lines":""},"geometry":{"type":"Point","coordinates":[13.449496,52.505237]}},{"type":"Feature","properties":{"k":"entrance","name":"Warschauer Straße/Stralauer Allee/Mühlenstraße/Helsingforser Straße/East Side Mall","lines":""},"geometry":{"type":"Point","coordinates":[13.449135,52.505359]}},{"type":"Feature","properties":{"k":"entrance","name":"Nollendorfplatz","lines":""},"geometry":{"type":"Point","coordinates":[13.353365,52.499486]}},{"type":"Feature","properties":{"k":"entrance","name":"Nollendorfplatz","lines":""},"geometry":{"type":"Point","coordinates":[13.353516,52.499753]}},{"type":"Feature","properties":{"k":"entrance","name":"Rosenthaler Platz","lines":""},"geometry":{"type":"Point","coordinates":[13.401303,52.529519]}},{"type":"Feature","properties":{"k":"entrance","name":"Rosenthaler Platz","lines":""},"geometry":{"type":"Point","coordinates":[13.401889,52.529598]}},{"type":"Feature","properties":{"k":"entrance","name":"Rosenthaler Platz","lines":""},"geometry":{"type":"Point","coordinates":[13.400836,52.52973]}},{"type":"Feature","properties":{"k":"entrance","name":"Güntzelstraße","lines":""},"geometry":{"type":"Point","coordinates":[13.330571,52.49298]}},{"type":"Feature","properties":{"k":"entrance","name":"Güntzelstraße","lines":""},"geometry":{"type":"Point","coordinates":[13.33113,52.492964]}},{"type":"Feature","properties":{"k":"entrance","name":"Eberswalder Straße","lines":""},"geometry":{"type":"Point","coordinates":[13.412226,52.542243]}},{"type":"Feature","properties":{"k":"station","name":"Voltastraße","lines":""},"geometry":{"type":"Point","coordinates":[13.392876,52.54229]}},{"type":"Feature","properties":{"k":"entrance","name":"Prinzenstraße, Ritterstraße, Aufbau Haus","lines":""},"geometry":{"type":"Point","coordinates":[13.410338,52.503422]}},{"type":"Feature","properties":{"k":"entrance","name":"Oranienstraße, Lobeckstraße, Bus M29 -> Hermannplatz","lines":""},"geometry":{"type":"Point","coordinates":[13.410228,52.503605]}},{"type":"Feature","properties":{"k":"entrance","name":"Oranienstraße, Oranienplatz, Luckauer Straße","lines":""},"geometry":{"type":"Point","coordinates":[13.411209,52.503693]}},{"type":"Feature","properties":{"k":"entrance","name":"Heinrich-Heine-Straße, Sebastianstraße","lines":""},"geometry":{"type":"Point","coordinates":[13.411127,52.503842]}},{"type":"Feature","properties":{"k":"entrance","name":"Oranienstraße, Stallschreiberstraße","lines":""},"geometry":{"type":"Point","coordinates":[13.410402,52.503865]}},{"type":"Feature","properties":{"k":"station","name":"Moritzplatz","lines":""},"geometry":{"type":"Point","coordinates":[13.410748,52.503662]}},{"type":"Feature","properties":{"k":"entrance","name":"Kottbusser Damm/Schönleinstraße/Böckhstraße","lines":""},"geometry":{"type":"Point","coordinates":[13.422115,52.492634]}},{"type":"Feature","properties":{"k":"entrance","name":"Kottbusser Damm/Bürknerstraße","lines":""},"geometry":{"type":"Point","coordinates":[13.422457,52.492721]}},{"type":"Feature","properties":{"k":"station","name":"Schönleinstraße","lines":""},"geometry":{"type":"Point","coordinates":[13.422057,52.493055]}},{"type":"Feature","properties":{"k":"entrance","name":"Kottbusser Damm/Schinkestraße/Maybachufer","lines":""},"geometry":{"type":"Point","coordinates":[13.421522,52.494198]}},{"type":"Feature","properties":{"k":"station","name":"Boddinstraße","lines":""},"geometry":{"type":"Point","coordinates":[13.425281,52.480168]}},{"type":"Feature","properties":{"k":"entrance","name":"Hermannstraße;Leinestraße;Tempelhofer Feld","lines":""},"geometry":{"type":"Point","coordinates":[13.428406,52.472585]}},{"type":"Feature","properties":{"k":"entrance","name":"Hermannstraße;Altenbracker Straße;Thomasstraße;Jonasstraße;Leinestraße","lines":""},"geometry":{"type":"Point","coordinates":[13.428669,52.472639]}},{"type":"Feature","properties":{"k":"station","name":"Leinestraße","lines":""},"geometry":{"type":"Point","coordinates":[13.428354,52.472979]}},{"type":"Feature","properties":{"k":"entrance","name":"Hermannstraße;Leykestraße;Mittelweg","lines":""},"geometry":{"type":"Point","coordinates":[13.427828,52.474259]}},{"type":"Feature","properties":{"k":"entrance","name":"Strausberger Platz","lines":""},"geometry":{"type":"Point","coordinates":[13.432698,52.517634]}},{"type":"Feature","properties":{"k":"entrance","name":"Strausberger Platz","lines":""},"geometry":{"type":"Point","coordinates":[13.433251,52.518042]}},{"type":"Feature","properties":{"k":"entrance","name":"Strausberger Platz","lines":""},"geometry":{"type":"Point","coordinates":[13.432599,52.51811]}},{"type":"Feature","properties":{"k":"station","name":"Strausberger Platz","lines":""},"geometry":{"type":"Point","coordinates":[13.431526,52.518098]}},{"type":"Feature","properties":{"k":"station","name":"Dahlem-Dorf","lines":""},"geometry":{"type":"Point","coordinates":[13.289705,52.45741]}},{"type":"Feature","properties":{"k":"station","name":"Weberwiese","lines":""},"geometry":{"type":"Point","coordinates":[13.444714,52.516747]}},{"type":"Feature","properties":{"k":"station","name":"Grenzallee","lines":""},"geometry":{"type":"Point","coordinates":[13.444772,52.462882]}},{"type":"Feature","properties":{"k":"entrance","name":"Seestraße","lines":""},"geometry":{"type":"Point","coordinates":[13.352278,52.550183]}},{"type":"Feature","properties":{"k":"station","name":"Rehberge","lines":""},"geometry":{"type":"Point","coordinates":[13.340984,52.556689]}},{"type":"Feature","properties":{"k":"station","name":"Hallesches Tor","lines":""},"geometry":{"type":"Point","coordinates":[13.39065,52.49776]}},{"type":"Feature","properties":{"k":"station","name":"U Potsdamer Platz","lines":""},"geometry":{"type":"Point","coordinates":[13.378215,52.509159]}},{"type":"Feature","properties":{"k":"entrance","name":"","lines":""},"geometry":{"type":"Point","coordinates":[13.391728,52.497765]}},{"type":"Feature","properties":{"k":"station","name":"Hauptbahnhof","lines":""},"geometry":{"type":"Point","coordinates":[13.370124,52.525282]}},{"type":"Feature","properties":{"k":"station","name":"Britz-Süd","lines":""},"geometry":{"type":"Point","coordinates":[13.448187,52.437792]}},{"type":"Feature","properties":{"k":"station","name":"Johannisthaler Chaussee","lines":""},"geometry":{"type":"Point","coordinates":[13.453338,52.429321]}},{"type":"Feature","properties":{"k":"station","name":"Lipschitzallee","lines":""},"geometry":{"type":"Point","coordinates":[13.462698,52.424642]}},{"type":"Feature","properties":{"k":"station","name":"Rudow","lines":""},"geometry":{"type":"Point","coordinates":[13.495398,52.41617]}},{"type":"Feature","properties":{"k":"station","name":"Zwickauer Damm","lines":""},"geometry":{"type":"Point","coordinates":[13.48394,52.42338]}},{"type":"Feature","properties":{"k":"station","name":"Afrikanische Straße","lines":""},"geometry":{"type":"Point","coordinates":[13.334618,52.560238]}},{"type":"Feature","properties":{"k":"station","name":"Kurt-Schumacher-Platz","lines":""},"geometry":{"type":"Point","coordinates":[13.327129,52.563227]}},{"type":"Feature","properties":{"k":"entrance","name":"Scharnweberstraße","lines":""},"geometry":{"type":"Point","coordinates":[13.311673,52.56703]}},{"type":"Feature","properties":{"k":"station","name":"Scharnweberstraße","lines":""},"geometry":{"type":"Point","coordinates":[13.312622,52.566817]}},{"type":"Feature","properties":{"k":"station","name":"Otisstraße","lines":""},"geometry":{"type":"Point","coordinates":[13.302925,52.571034]}},{"type":"Feature","properties":{"k":"station","name":"Holzhauser Straße","lines":""},"geometry":{"type":"Point","coordinates":[13.296113,52.575692]}},{"type":"Feature","properties":{"k":"station","name":"Borsigwerke","lines":""},"geometry":{"type":"Point","coordinates":[13.290592,52.581841]}},{"type":"Feature","properties":{"k":"station","name":"Brandenburger Tor","lines":""},"geometry":{"type":"Point","coordinates":[13.38099,52.516605]}},{"type":"Feature","properties":{"k":"station","name":"Neukölln","lines":""},"geometry":{"type":"Point","coordinates":[13.44182,52.468596]}},{"type":"Feature","properties":{"k":"station","name":"Weinmeisterstraße","lines":""},"geometry":{"type":"Point","coordinates":[13.405019,52.525467]}},{"type":"Feature","properties":{"k":"station","name":"U Friedrichstraße","lines":""},"geometry":{"type":"Point","coordinates":[13.388286,52.520263]}},{"type":"Feature","properties":{"k":"station","name":"Anton-Wilhelm-Amo-Straße","lines":""},"geometry":{"type":"Point","coordinates":[13.385091,52.511792]}},{"type":"Feature","properties":{"k":"station","name":"Warschauer Straße","lines":""},"geometry":{"type":"Point","coordinates":[13.449006,52.505014]}},{"type":"Feature","properties":{"k":"station","name":"Krumme Lanke","lines":""},"geometry":{"type":"Point","coordinates":[13.241392,52.443448]}},{"type":"Feature","properties":{"k":"station","name":"Görlitzer Bahnhof","lines":""},"geometry":{"type":"Point","coordinates":[13.428036,52.499263]}},{"type":"Feature","properties":{"k":"station","name":"Klosterstraße","lines":""},"geometry":{"type":"Point","coordinates":[13.412432,52.517235]}},{"type":"Feature","properties":{"k":"entrance","name":"Klosterstraße","lines":""},"geometry":{"type":"Point","coordinates":[13.411974,52.518028]}},{"type":"Feature","properties":{"k":"station","name":"Schillingstraße","lines":""},"geometry":{"type":"Point","coordinates":[13.421112,52.52079]}},{"type":"Feature","properties":{"k":"station","name":"Frankfurter Tor","lines":""},"geometry":{"type":"Point","coordinates":[13.453974,52.515818]}},{"type":"Feature","properties":{"k":"station","name":"Schlesisches Tor","lines":""},"geometry":{"type":"Point","coordinates":[13.441463,52.500834]}},{"type":"Feature","properties":{"k":"station","name":"Westhafen","lines":""},"geometry":{"type":"Point","coordinates":[13.342574,52.536735]}},{"type":"Feature","properties":{"k":"entrance","name":"","lines":""},"geometry":{"type":"Point","coordinates":[13.406336,52.498238]}},{"type":"Feature","properties":{"k":"entrance","name":"","lines":""},"geometry":{"type":"Point","coordinates":[13.406313,52.498262]}},{"type":"Feature","properties":{"k":"entrance","name":"","lines":""},"geometry":{"type":"Point","coordinates":[13.406406,52.498618]}},{"type":"Feature","properties":{"k":"entrance","name":"Adalbertstraße","lines":""},"geometry":{"type":"Point","coordinates":[13.418429,52.499406]}},{"type":"Feature","properties":{"k":"station","name":"Prinzenstraße","lines":""},"geometry":{"type":"Point","coordinates":[13.40591,52.498397]}},{"type":"Feature","properties":{"k":"station","name":"Alt-Mariendorf","lines":""},"geometry":{"type":"Point","coordinates":[13.387514,52.439675]}},{"type":"Feature","properties":{"k":"entrance","name":"","lines":""},"geometry":{"type":"Point","coordinates":[13.386285,52.484613]}},{"type":"Feature","properties":{"k":"entrance","name":"","lines":""},"geometry":{"type":"Point","coordinates":[13.385193,52.484738]}},{"type":"Feature","properties":{"k":"entrance","name":"","lines":""},"geometry":{"type":"Point","coordinates":[13.3867,52.48515]}},{"type":"Feature","properties":{"k":"station","name":"Platz der Luftbrücke","lines":""},"geometry":{"type":"Point","coordinates":[13.385951,52.486084]}},{"type":"Feature","properties":{"k":"entrance","name":"","lines":""},"geometry":{"type":"Point","coordinates":[13.386142,52.486655]}},{"type":"Feature","properties":{"k":"entrance","name":"Paracelsus-Bad","lines":""},"geometry":{"type":"Point","coordinates":[13.347781,52.573848]}},{"type":"Feature","properties":{"k":"station","name":"Paracelsus-Bad","lines":""},"geometry":{"type":"Point","coordinates":[13.348511,52.574243]}},{"type":"Feature","properties":{"k":"entrance","name":"Residenzstraße","lines":""},"geometry":{"type":"Point","coordinates":[13.361216,52.570588]}},{"type":"Feature","properties":{"k":"station","name":"Residenzstraße","lines":""},"geometry":{"type":"Point","coordinates":[13.360474,52.57119]}},{"type":"Feature","properties":{"k":"entrance","name":"Residenzstraße","lines":""},"geometry":{"type":"Point","coordinates":[13.359777,52.571529]}},{"type":"Feature","properties":{"k":"entrance","name":"Residenzstraße","lines":""},"geometry":{"type":"Point","coordinates":[13.360346,52.572375]}},{"type":"Feature","properties":{"k":"station","name":"Franz-Neumann-Platz","lines":""},"geometry":{"type":"Point","coordinates":[13.363924,52.564539]}},{"type":"Feature","properties":{"k":"station","name":"Vinetastraße","lines":""},"geometry":{"type":"Point","coordinates":[13.413278,52.559325]}},{"type":"Feature","properties":{"k":"station","name":"Kaiserin-Augusta-Straße","lines":""},"geometry":{"type":"Point","coordinates":[13.384635,52.459976]}},{"type":"Feature","properties":{"k":"station","name":"Westphalweg","lines":""},"geometry":{"type":"Point","coordinates":[13.385691,52.446267]}},{"type":"Feature","properties":{"k":"entrance","name":"Kottbusser Straße/Admiralstraße/Skalitzer Straße","lines":""},"geometry":{"type":"Point","coordinates":[13.417773,52.498767]}},{"type":"Feature","properties":{"k":"station","name":"Kottbusser Tor","lines":""},"geometry":{"type":"Point","coordinates":[13.418311,52.498985]}},{"type":"Feature","properties":{"k":"station","name":"Sophie-Charlotte-Platz","lines":""},"geometry":{"type":"Point","coordinates":[13.296331,52.510914]}},{"type":"Feature","properties":{"k":"entrance","name":"Bayerischer Platz","lines":""},"geometry":{"type":"Point","coordinates":[13.340304,52.488414]}},{"type":"Feature","properties":{"k":"entrance","name":"Bayerischer Platz","lines":""},"geometry":{"type":"Point","coordinates":[13.340479,52.489765]}},{"type":"Feature","properties":{"k":"station","name":"Nollendorfplatz","lines":""},"geometry":{"type":"Point","coordinates":[13.35373,52.499597]}},{"type":"Feature","properties":{"k":"entrance","name":"Nollendorfplatz","lines":""},"geometry":{"type":"Point","coordinates":[13.35487,52.499969]}},{"type":"Feature","properties":{"k":"entrance","name":"Rathaus Schöneberg","lines":""},"geometry":{"type":"Point","coordinates":[13.341791,52.483646]}},{"type":"Feature","properties":{"k":"entrance","name":"Kochstraße/Checkpoint Charlie","lines":""},"geometry":{"type":"Point","coordinates":[13.390735,52.505302]}},{"type":"Feature","properties":{"k":"entrance","name":"Kochstraße/Checkpoint Charlie","lines":""},"geometry":{"type":"Point","coordinates":[13.390533,52.50658]}},{"type":"Feature","properties":{"k":"station","name":"Spittelmarkt","lines":""},"geometry":{"type":"Point","coordinates":[13.404115,52.511296]}},{"type":"Feature","properties":{"k":"entrance","name":"Kurfürstenstraße","lines":""},"geometry":{"type":"Point","coordinates":[13.360477,52.500379]}},{"type":"Feature","properties":{"k":"station","name":"Kurfürstenstraße","lines":""},"geometry":{"type":"Point","coordinates":[13.361941,52.49996]}},{"type":"Feature","properties":{"k":"entrance","name":"Schwartzkopffstraße","lines":""},"geometry":{"type":"Point","coordinates":[13.377472,52.535043]}},{"type":"Feature","properties":{"k":"station","name":"Schwartzkopffstraße","lines":""},"geometry":{"type":"Point","coordinates":[13.377318,52.535157]}},{"type":"Feature","properties":{"k":"station","name":"Senefelderplatz","lines":""},"geometry":{"type":"Point","coordinates":[13.412686,52.53239]}},{"type":"Feature","properties":{"k":"entrance","name":"Zwickauer Damm","lines":""},"geometry":{"type":"Point","coordinates":[13.483691,52.42319]}},{"type":"Feature","properties":{"k":"entrance","name":"Johannisthaler Chaussee","lines":""},"geometry":{"type":"Point","coordinates":[13.45309,52.42966]}},{"type":"Feature","properties":{"k":"station","name":"Konstanzer Straße","lines":""},"geometry":{"type":"Point","coordinates":[13.309074,52.494532]}},{"type":"Feature","properties":{"k":"station","name":"Karl-Marx-Straße","lines":""},"geometry":{"type":"Point","coordinates":[13.439338,52.47627]}},{"type":"Feature","properties":{"k":"entrance","name":"","lines":""},"geometry":{"type":"Point","coordinates":[13.394318,52.513325]}},{"type":"Feature","properties":{"k":"entrance","name":"","lines":""},"geometry":{"type":"Point","coordinates":[13.391841,52.512244]}},{"type":"Feature","properties":{"k":"station","name":"Oranienburger Tor","lines":""},"geometry":{"type":"Point","coordinates":[13.387358,52.5256]}},{"type":"Feature","properties":{"k":"station","name":"Adenauerplatz","lines":""},"geometry":{"type":"Point","coordinates":[13.307323,52.500003]}},{"type":"Feature","properties":{"k":"station","name":"Cottbusser Platz","lines":""},"geometry":{"type":"Point","coordinates":[13.596402,52.533833]}},{"type":"Feature","properties":{"k":"station","name":"Kaulsdorf-Nord","lines":""},"geometry":{"type":"Point","coordinates":[13.588918,52.521153]}},{"type":"Feature","properties":{"k":"station","name":"Magdalenenstraße (Campus für Demokratie)","lines":""},"geometry":{"type":"Point","coordinates":[13.487079,52.512454]}},{"type":"Feature","properties":{"k":"station","name":"Kienberg (Gärten der Welt)","lines":""},"geometry":{"type":"Point","coordinates":[13.590637,52.528615]}},{"type":"Feature","properties":{"k":"station","name":"Nauener Platz","lines":"U9"},"geometry":{"type":"Point","coordinates":[13.36717,52.551406]}},{"type":"Feature","properties":{"k":"station","name":"Mendelssohn-Bartholdy-Park","lines":""},"geometry":{"type":"Point","coordinates":[13.374861,52.503724]}},{"type":"Feature","properties":{"k":"station","name":"Möckernbrücke","lines":""},"geometry":{"type":"Point","coordinates":[13.383123,52.498693]}},{"type":"Feature","properties":{"k":"station","name":"Pankstraße","lines":""},"geometry":{"type":"Point","coordinates":[13.381458,52.552262]}},{"type":"Feature","properties":{"k":"station","name":"Samariterstraße","lines":""},"geometry":{"type":"Point","coordinates":[13.464441,52.51474]}},{"type":"Feature","properties":{"k":"station","name":"Hönow","lines":""},"geometry":{"type":"Point","coordinates":[13.633123,52.538433]}},{"type":"Feature","properties":{"k":"entrance","name":"Rosenthaler Platz","lines":""},"geometry":{"type":"Point","coordinates":[13.400209,52.531193]}},{"type":"Feature","properties":{"k":"entrance","name":"Gesundbrunnen","lines":""},"geometry":{"type":"Point","coordinates":[13.389,52.547663]}},{"type":"Feature","properties":{"k":"station","name":"Bülowstraße","lines":""},"geometry":{"type":"Point","coordinates":[13.363221,52.497586]}},{"type":"Feature","properties":{"k":"station","name":"Hausvogteiplatz","lines":""},"geometry":{"type":"Point","coordinates":[13.395591,52.51335]}},{"type":"Feature","properties":{"k":"station","name":"Alt-Tempelhof","lines":""},"geometry":{"type":"Point","coordinates":[13.38563,52.465522]}},{"type":"Feature","properties":{"k":"station","name":"Ullsteinstraße","lines":""},"geometry":{"type":"Point","coordinates":[13.384466,52.453745]}},{"type":"Feature","properties":{"k":"station","name":"Mehringdamm","lines":""},"geometry":{"type":"Point","coordinates":[13.388617,52.494131]}},{"type":"Feature","properties":{"k":"station","name":"Paradestraße","lines":""},"geometry":{"type":"Point","coordinates":[13.386256,52.478019]}},{"type":"Feature","properties":{"k":"entrance","name":"","lines":""},"geometry":{"type":"Point","coordinates":[13.386269,52.478109]}},{"type":"Feature","properties":{"k":"station","name":"Lichtenberg","lines":""},"geometry":{"type":"Point","coordinates":[13.498602,52.511115]}},{"type":"Feature","properties":{"k":"station","name":"Onkel Toms Hütte","lines":""},"geometry":{"type":"Point","coordinates":[13.253075,52.449891]}},{"type":"Feature","properties":{"k":"station","name":"Oskar-Helene-Heim","lines":""},"geometry":{"type":"Point","coordinates":[13.269071,52.450361]}},{"type":"Feature","properties":{"k":"station","name":"Freie Universität (Thielplatz)","lines":""},"geometry":{"type":"Point","coordinates":[13.281744,52.451039]}},{"type":"Feature","properties":{"k":"station","name":"Uhlandstraße","lines":""},"geometry":{"type":"Point","coordinates":[13.326697,52.502812]}},{"type":"Feature","properties":{"k":"station","name":"Wittenbergplatz","lines":""},"geometry":{"type":"Point","coordinates":[13.343001,52.501798]}},{"type":"Feature","properties":{"k":"station","name":"Hansaplatz","lines":"U9"},"geometry":{"type":"Point","coordinates":[13.342037,52.518008]}},{"type":"Feature","properties":{"k":"entrance","name":"","lines":""},"geometry":{"type":"Point","coordinates":[13.463087,52.4245]}},{"type":"Feature","properties":{"k":"entrance","name":"","lines":""},"geometry":{"type":"Point","coordinates":[13.341722,52.532305]}},{"type":"Feature","properties":{"k":"station","name":"Birkenstraße","lines":"U9"},"geometry":{"type":"Point","coordinates":[13.341353,52.532382]}},{"type":"Feature","properties":{"k":"entrance","name":"Blaschkoallee","lines":""},"geometry":{"type":"Point","coordinates":[13.449353,52.451457]}},{"type":"Feature","properties":{"k":"station","name":"Blaschkoallee","lines":""},"geometry":{"type":"Point","coordinates":[13.449202,52.45208]}},{"type":"Feature","properties":{"k":"entrance","name":"Blissestraße","lines":""},"geometry":{"type":"Point","coordinates":[13.320327,52.486134]}},{"type":"Feature","properties":{"k":"station","name":"Blissestraße","lines":""},"geometry":{"type":"Point","coordinates":[13.320545,52.486489]}},{"type":"Feature","properties":{"k":"station","name":"Breitenbachplatz","lines":""},"geometry":{"type":"Point","coordinates":[13.308871,52.467027]}},{"type":"Feature","properties":{"k":"station","name":"Osloer Straße","lines":""},"geometry":{"type":"Point","coordinates":[13.373271,52.55716]}},{"type":"Feature","properties":{"k":"entrance","name":"Nordbahnhof","lines":""},"geometry":{"type":"Point","coordinates":[13.388147,52.53198]}},{"type":"Feature","properties":{"k":"entrance","name":"Oranienburger Straße","lines":""},"geometry":{"type":"Point","coordinates":[13.393278,52.525719]}},{"type":"Feature","properties":{"k":"entrance","name":"","lines":""},"geometry":{"type":"Point","coordinates":[13.382327,52.504208]}},{"type":"Feature","properties":{"k":"entrance","name":"Zoologischer Garten","lines":""},"geometry":{"type":"Point","coordinates":[13.332532,52.506613]}},{"type":"Feature","properties":{"k":"entrance","name":"Aufzug U1 U2 U3 Fahrtrichtung West","lines":""},"geometry":{"type":"Point","coordinates":[13.343571,52.501793]}},{"type":"Feature","properties":{"k":"entrance","name":"Aufzug U2 U3 Fahrtrichtung Ost","lines":""},"geometry":{"type":"Point","coordinates":[13.343448,52.501639]}},{"type":"Feature","properties":{"k":"station","name":"Bundestag","lines":""},"geometry":{"type":"Point","coordinates":[13.372955,52.520112]}},{"type":"Feature","properties":{"k":"entrance","name":"Zoologischer Garten","lines":""},"geometry":{"type":"Point","coordinates":[13.332763,52.505786]}},{"type":"Feature","properties":{"k":"entrance","name":"Rathaus Spandau","lines":""},"geometry":{"type":"Point","coordinates":[13.198825,52.534748]}},{"type":"Feature","properties":{"k":"entrance","name":"Rathaus Spandau","lines":""},"geometry":{"type":"Point","coordinates":[13.199355,52.535075]}},{"type":"Feature","properties":{"k":"entrance","name":"Rathaus Spandau","lines":""},"geometry":{"type":"Point","coordinates":[13.199597,52.535677]}},{"type":"Feature","properties":{"k":"entrance","name":"Rathaus Spandau","lines":""},"geometry":{"type":"Point","coordinates":[13.199761,52.536169]}},{"type":"Feature","properties":{"k":"entrance","name":"","lines":""},"geometry":{"type":"Point","coordinates":[13.418556,52.499003]}},{"type":"Feature","properties":{"k":"entrance","name":"Rathaus Spandau","lines":""},"geometry":{"type":"Point","coordinates":[13.199485,52.535507]}},{"type":"Feature","properties":{"k":"entrance","name":"Rathaus Spandau","lines":""},"geometry":{"type":"Point","coordinates":[13.200423,52.535607]}},{"type":"Feature","properties":{"k":"entrance","name":"Hauptbahnhof","lines":""},"geometry":{"type":"Point","coordinates":[13.36992,52.525707]}},{"type":"Feature","properties":{"k":"entrance","name":"Jungfernheide","lines":""},"geometry":{"type":"Point","coordinates":[13.300532,52.530752]}},{"type":"Feature","properties":{"k":"entrance","name":"Bayerischer Platz","lines":""},"geometry":{"type":"Point","coordinates":[13.340293,52.488305]}},{"type":"Feature","properties":{"k":"entrance","name":"Hauptbahnhof","lines":""},"geometry":{"type":"Point","coordinates":[13.369646,52.52649]}},{"type":"Feature","properties":{"k":"entrance","name":"Hauptbahnhof","lines":""},"geometry":{"type":"Point","coordinates":[13.369582,52.526575]}},{"type":"Feature","properties":{"k":"station","name":"Turmstraße","lines":"U9"},"geometry":{"type":"Point","coordinates":[13.341297,52.526149]}},{"type":"Feature","properties":{"k":"station","name":"Siemensdamm","lines":""},"geometry":{"type":"Point","coordinates":[13.272764,52.536775]}},{"type":"Feature","properties":{"k":"entrance","name":"","lines":""},"geometry":{"type":"Point","coordinates":[13.389743,52.495378]}},{"type":"Feature","properties":{"k":"entrance","name":"Parchimer Allee","lines":""},"geometry":{"type":"Point","coordinates":[13.449771,52.445458]}},{"type":"Feature","properties":{"k":"entrance","name":"Parchimer Allee","lines":""},"geometry":{"type":"Point","coordinates":[13.449215,52.444079]}},{"type":"Feature","properties":{"k":"entrance","name":"Kienberg (Gärten der Welt)","lines":""},"geometry":{"type":"Point","coordinates":[13.590948,52.529296]}},{"type":"Feature","properties":{"k":"entrance","name":"Jakob-Kaiser-Platz","lines":""},"geometry":{"type":"Point","coordinates":[13.292901,52.536681]}},{"type":"Feature","properties":{"k":"entrance","name":"Jakob-Kaiser-Platz","lines":""},"geometry":{"type":"Point","coordinates":[13.294031,52.53658]}},{"type":"Feature","properties":{"k":"entrance","name":"Halemweg","lines":""},"geometry":{"type":"Point","coordinates":[13.286501,52.536673]}},{"type":"Feature","properties":{"k":"entrance","name":"Halemweg","lines":""},"geometry":{"type":"Point","coordinates":[13.286503,52.536588]}},{"type":"Feature","properties":{"k":"entrance","name":"Wilmersdorfer Straße","lines":""},"geometry":{"type":"Point","coordinates":[13.306701,52.506468]}},{"type":"Feature","properties":{"k":"entrance","name":"Hermannstraße;Silbersteinstraße;Kranoldstraße","lines":""},"geometry":{"type":"Point","coordinates":[13.431866,52.466844]}},{"type":"Feature","properties":{"k":"entrance","name":"Mendelssohn-Bartholdy-Park","lines":""},"geometry":{"type":"Point","coordinates":[13.375224,52.504125]}},{"type":"Feature","properties":{"k":"entrance","name":"Mendelssohn-Bartholdy-Park","lines":""},"geometry":{"type":"Point","coordinates":[13.374832,52.50333]}},{"type":"Feature","properties":{"k":"entrance","name":"Mendelssohn-Bartholdy-Park","lines":""},"geometry":{"type":"Point","coordinates":[13.374663,52.503352]}},{"type":"Feature","properties":{"k":"entrance","name":"Tempelhof","lines":""},"geometry":{"type":"Point","coordinates":[13.385601,52.470381]}},{"type":"Feature","properties":{"k":"entrance","name":"Nollendorfplatz","lines":""},"geometry":{"type":"Point","coordinates":[13.35559,52.499135]}},{"type":"Feature","properties":{"k":"station","name":"Tierpark","lines":""},"geometry":{"type":"Point","coordinates":[13.52296,52.497724]}},{"type":"Feature","properties":{"k":"station","name":"Alexanderplatz","lines":""},"geometry":{"type":"Point","coordinates":[13.413908,52.521585]}},{"type":"Feature","properties":{"k":"entrance","name":"","lines":""},"geometry":{"type":"Point","coordinates":[13.343434,52.478249]}},{"type":"Feature","properties":{"k":"entrance","name":"Bundesplatz","lines":""},"geometry":{"type":"Point","coordinates":[13.328821,52.477726]}},{"type":"Feature","properties":{"k":"entrance","name":"Bundesplatz","lines":""},"geometry":{"type":"Point","coordinates":[13.328151,52.477732]}},{"type":"Feature","properties":{"k":"entrance","name":"Zitadelle","lines":""},"geometry":{"type":"Point","coordinates":[13.218337,52.537148]}},{"type":"Feature","properties":{"k":"entrance","name":"","lines":""},"geometry":{"type":"Point","coordinates":[13.392088,52.512258]}},{"type":"Feature","properties":{"k":"entrance","name":"Hermannplatz / Hermannstraße","lines":""},"geometry":{"type":"Point","coordinates":[13.424498,52.48667]}},{"type":"Feature","properties":{"k":"station","name":"Jungfernheide","lines":""},"geometry":{"type":"Point","coordinates":[13.30063,52.530788]}},{"type":"Feature","properties":{"k":"entrance","name":"Skalitzer Straße/Wassertorplatz","lines":""},"geometry":{"type":"Point","coordinates":[13.417143,52.498914]}},{"type":"Feature","properties":{"k":"entrance","name":"Karl-Bonhoeffer-Nervenklinik","lines":""},"geometry":{"type":"Point","coordinates":[13.333367,52.578508]}},{"type":"Feature","properties":{"k":"entrance","name":"Karl-Bonhoeffer-Nervenklinik","lines":""},"geometry":{"type":"Point","coordinates":[13.333492,52.579191]}},{"type":"Feature","properties":{"k":"entrance","name":"Karl-Bonhoeffer-Nervenklinik","lines":""},"geometry":{"type":"Point","coordinates":[13.333069,52.579382]}},{"type":"Feature","properties":{"k":"station","name":"Louis-Lewin-Straße","lines":""},"geometry":{"type":"Point","coordinates":[13.618346,52.538977]}},{"type":"Feature","properties":{"k":"station","name":"Hellersdorf","lines":""},"geometry":{"type":"Point","coordinates":[13.606672,52.536688]}},{"type":"Feature","properties":{"k":"entrance","name":"Heinrich-Heine-Straße","lines":""},"geometry":{"type":"Point","coordinates":[13.415388,52.509279]}},{"type":"Feature","properties":{"k":"station","name":"Märkisches Museum","lines":""},"geometry":{"type":"Point","coordinates":[13.410175,52.512335]}},{"type":"Feature","properties":{"k":"entrance","name":"","lines":""},"geometry":{"type":"Point","coordinates":[13.411523,52.567122]}},{"type":"Feature","properties":{"k":"station","name":"Rathaus Spandau","lines":""},"geometry":{"type":"Point","coordinates":[13.199774,52.535171]}},{"type":"Feature","properties":{"k":"entrance","name":"Heinrich-Heine-Straße","lines":""},"geometry":{"type":"Point","coordinates":[13.416183,52.510916]}},{"type":"Feature","properties":{"k":"entrance","name":"Reinickendorfer Straße","lines":""},"geometry":{"type":"Point","coordinates":[13.369388,52.540584]}},{"type":"Feature","properties":{"k":"station","name":"Kleistpark","lines":""},"geometry":{"type":"Point","coordinates":[13.36022,52.490367]}},{"type":"Feature","properties":{"k":"entrance","name":"","lines":""},"geometry":{"type":"Point","coordinates":[13.360212,52.490732]}},{"type":"Feature","properties":{"k":"entrance","name":"Kleistpark","lines":""},"geometry":{"type":"Point","coordinates":[13.36078,52.490611]}},{"type":"Feature","properties":{"k":"entrance","name":"","lines":""},"geometry":{"type":"Point","coordinates":[13.359813,52.490651]}},{"type":"Feature","properties":{"k":"entrance","name":"Eisenacher Straße","lines":""},"geometry":{"type":"Point","coordinates":[13.352054,52.489545]}},{"type":"Feature","properties":{"k":"entrance","name":"Eisenacher Straße","lines":""},"geometry":{"type":"Point","coordinates":[13.351748,52.489955]}},{"type":"Feature","properties":{"k":"entrance","name":"Eisenacher Straße","lines":""},"geometry":{"type":"Point","coordinates":[13.34897,52.489209]}},{"type":"Feature","properties":{"k":"station","name":"Kochstraße/Checkpoint Charlie","lines":""},"geometry":{"type":"Point","coordinates":[13.390612,52.506045]}},{"type":"Feature","properties":{"k":"entrance","name":"Hönow","lines":""},"geometry":{"type":"Point","coordinates":[13.634594,52.538109]}},{"type":"Feature","properties":{"k":"entrance","name":"Hellersdorf","lines":""},"geometry":{"type":"Point","coordinates":[13.607749,52.536956]}},{"type":"Feature","properties":{"k":"entrance","name":"Cottbusser Platz","lines":""},"geometry":{"type":"Point","coordinates":[13.59683,52.534658]}},{"type":"Feature","properties":{"k":"entrance","name":"Kienberg (Gärten der Welt)","lines":""},"geometry":{"type":"Point","coordinates":[13.589745,52.527665]}},{"type":"Feature","properties":{"k":"entrance","name":"Kienberg (Gärten der Welt)","lines":""},"geometry":{"type":"Point","coordinates":[13.589863,52.527884]}},{"type":"Feature","properties":{"k":"entrance","name":"","lines":""},"geometry":{"type":"Point","coordinates":[13.391728,52.498679]}},{"type":"Feature","properties":{"k":"station","name":"Rathaus Schöneberg","lines":""},"geometry":{"type":"Point","coordinates":[13.341972,52.483177]}},{"type":"Feature","properties":{"k":"station","name":"Viktoria-Luise-Platz","lines":""},"geometry":{"type":"Point","coordinates":[13.343186,52.496175]}},{"type":"Feature","properties":{"k":"station","name":"Rüdesheimer Platz","lines":""},"geometry":{"type":"Point","coordinates":[13.314415,52.473246]}},{"type":"Feature","properties":{"k":"entrance","name":"Rüdesheimer Platz","lines":""},"geometry":{"type":"Point","coordinates":[13.314468,52.474128]}},{"type":"Feature","properties":{"k":"entrance","name":"Walther-Schreiber-Platz","lines":""},"geometry":{"type":"Point","coordinates":[13.328446,52.466865]}},{"type":"Feature","properties":{"k":"entrance","name":"Walther-Schreiber-Platz","lines":""},"geometry":{"type":"Point","coordinates":[13.32816,52.466867]}},{"type":"Feature","properties":{"k":"entrance","name":"Walther-Schreiber-Platz","lines":""},"geometry":{"type":"Point","coordinates":[13.328167,52.465046]}},{"type":"Feature","properties":{"k":"entrance","name":"Walther-Schreiber-Platz","lines":""},"geometry":{"type":"Point","coordinates":[13.328591,52.465467]}},{"type":"Feature","properties":{"k":"station","name":"Podbielskiallee","lines":""},"geometry":{"type":"Point","coordinates":[13.295752,52.464103]}},{"type":"Feature","properties":{"k":"station","name":"Augsburger Straße","lines":""},"geometry":{"type":"Point","coordinates":[13.336464,52.500442]}},{"type":"Feature","properties":{"k":"station","name":"Heidelberger Platz","lines":""},"geometry":{"type":"Point","coordinates":[13.312883,52.479796]}},{"type":"Feature","properties":{"k":"station","name":"Hohenzollernplatz","lines":""},"geometry":{"type":"Point","coordinates":[13.324755,52.494085]}},{"type":"Feature","properties":{"k":"station","name":"Spichernstraße","lines":""},"geometry":{"type":"Point","coordinates":[13.331009,52.496445]}},{"type":"Feature","properties":{"k":"station","name":"Fehrbelliner Platz","lines":""},"geometry":{"type":"Point","coordinates":[13.314844,52.490299]}},{"type":"Feature","properties":{"k":"station","name":"Hermannplatz","lines":""},"geometry":{"type":"Point","coordinates":[13.424553,52.486286]}},{"type":"Feature","properties":{"k":"station","name":"Rathaus Neukölln","lines":""},"geometry":{"type":"Point","coordinates":[13.434179,52.481652]}},{"type":"Feature","properties":{"k":"station","name":"Parchimer Allee","lines":""},"geometry":{"type":"Point","coordinates":[13.4496,52.444774]}},{"type":"Feature","properties":{"k":"station","name":"Jakob-Kaiser-Platz","lines":""},"geometry":{"type":"Point","coordinates":[13.293301,52.536279]}},{"type":"Feature","properties":{"k":"station","name":"Wilmersdorfer Straße","lines":""},"geometry":{"type":"Point","coordinates":[13.306637,52.506675]}},{"type":"Feature","properties":{"k":"station","name":"Zitadelle","lines":""},"geometry":{"type":"Point","coordinates":[13.217536,52.537652]}},{"type":"Feature","properties":{"k":"station","name":"Paulsternstraße","lines":""},"geometry":{"type":"Point","coordinates":[13.247818,52.537982]}},{"type":"Feature","properties":{"k":"station","name":"Halemweg","lines":""},"geometry":{"type":"Point","coordinates":[13.286104,52.536626]}},{"type":"Feature","properties":{"k":"entrance","name":"U-Bhf Haselhorst","lines":""},"geometry":{"type":"Point","coordinates":[13.231697,52.538171]}},{"type":"Feature","properties":{"k":"entrance","name":"U-Bhf Haselhorst","lines":""},"geometry":{"type":"Point","coordinates":[13.231508,52.538889]}},{"type":"Feature","properties":{"k":"entrance","name":"U-Bhf Haselhorst","lines":""},"geometry":{"type":"Point","coordinates":[13.234894,52.538621]}},{"type":"Feature","properties":{"k":"entrance","name":"U-Bhf Haselhorst","lines":""},"geometry":{"type":"Point","coordinates":[13.235816,52.539747]}},{"type":"Feature","properties":{"k":"entrance","name":"U-Bhf Haselhorst","lines":""},"geometry":{"type":"Point","coordinates":[13.235793,52.539761]}},{"type":"Feature","properties":{"k":"entrance","name":"Paulsternstraße","lines":""},"geometry":{"type":"Point","coordinates":[13.248151,52.537886]}},{"type":"Feature","properties":{"k":"station","name":"Reinickendorfer Straße","lines":""},"geometry":{"type":"Point","coordinates":[13.370289,52.540043]}},{"type":"Feature","properties":{"k":"entrance","name":"Friedrich-Wilhelm-Platz","lines":""},"geometry":{"type":"Point","coordinates":[13.32908,52.471057]}},{"type":"Feature","properties":{"k":"entrance","name":"Friedrich-Wilhelm-Platz","lines":""},"geometry":{"type":"Point","coordinates":[13.328773,52.473127]}},{"type":"Feature","properties":{"k":"entrance","name":"Friedrich-Wilhelm-Platz","lines":""},"geometry":{"type":"Point","coordinates":[13.328254,52.472958]}},{"type":"Feature","properties":{"k":"entrance","name":"Friedrich-Wilhelm-Platz","lines":""},"geometry":{"type":"Point","coordinates":[13.32804,52.471214]}},{"type":"Feature","properties":{"k":"entrance","name":"Friedrich-Wilhelm-Platz","lines":""},"geometry":{"type":"Point","coordinates":[13.329435,52.471417]}},{"type":"Feature","properties":{"k":"entrance","name":"Holzhauser Straße","lines":""},"geometry":{"type":"Point","coordinates":[13.295547,52.576394]}},{"type":"Feature","properties":{"k":"entrance","name":"Holzhauser Straße","lines":""},"geometry":{"type":"Point","coordinates":[13.295377,52.576319]}},{"type":"Feature","properties":{"k":"station","name":"Schönhauser Allee","lines":""},"geometry":{"type":"Point","coordinates":[13.413711,52.549489]}},{"type":"Feature","properties":{"k":"station","name":"Karl-Bonhoeffer-Nervenklinik","lines":""},"geometry":{"type":"Point","coordinates":[13.333503,52.578623]}},{"type":"Feature","properties":{"k":"station","name":"Wittenau","lines":""},"geometry":{"type":"Point","coordinates":[13.334711,52.595641]}},{"type":"Feature","properties":{"k":"station","name":"Rosa-Luxemburg-Platz","lines":""},"geometry":{"type":"Point","coordinates":[13.410487,52.527695]}},{"type":"Feature","properties":{"k":"station","name":"Mierendorffplatz","lines":""},"geometry":{"type":"Point","coordinates":[13.304772,52.526344]}},{"type":"Feature","properties":{"k":"station","name":"Pankow","lines":""},"geometry":{"type":"Point","coordinates":[13.41172,52.56678]}},{"type":"Feature","properties":{"k":"station","name":"Haselhorst","lines":""},"geometry":{"type":"Point","coordinates":[13.233094,52.538718]}},{"type":"Feature","properties":{"k":"entrance","name":"S+U Brandenburger Tor","lines":""},"geometry":{"type":"Point","coordinates":[13.382244,52.516577]}},{"type":"Feature","properties":{"k":"station","name":"Stadtmitte","lines":""},"geometry":{"type":"Point","coordinates":[13.389851,52.510618]}},{"type":"Feature","properties":{"k":"station","name":"Hallesches Tor","lines":""},"geometry":{"type":"Point","coordinates":[13.391713,52.499026]}},{"type":"Feature","properties":{"k":"station","name":"Möckernbrücke","lines":""},"geometry":{"type":"Point","coordinates":[13.382898,52.499118]}},{"type":"Feature","properties":{"k":"entrance","name":"Rudow","lines":""},"geometry":{"type":"Point","coordinates":[13.495752,52.41583]}},{"type":"Feature","properties":{"k":"station","name":"Bundesplatz","lines":"U9"},"geometry":{"type":"Point","coordinates":[13.3285,52.477648]}},{"type":"Feature","properties":{"k":"station","name":"Rohrdamm","lines":""},"geometry":{"type":"Point","coordinates":[13.262306,52.536995]}},{"type":"Feature","properties":{"k":"station","name":"Tempelhof","lines":""},"geometry":{"type":"Point","coordinates":[13.385627,52.469546]}},{"type":"Feature","properties":{"k":"station","name":"Olympia-Stadion","lines":""},"geometry":{"type":"Point","coordinates":[13.250448,52.516864]}},{"type":"Feature","properties":{"k":"station","name":"Heinrich-Heine-Straße","lines":""},"geometry":{"type":"Point","coordinates":[13.416027,52.510448]}},{"type":"Feature","properties":{"k":"station","name":"Eberswalder Straße","lines":""},"geometry":{"type":"Point","coordinates":[13.412177,52.541515]}},{"type":"Feature","properties":{"k":"station","name":"Bernauer Straße","lines":""},"geometry":{"type":"Point","coordinates":[13.396617,52.537438]}},{"type":"Feature","properties":{"k":"station","name":"Alt-Tegel","lines":""},"geometry":{"type":"Point","coordinates":[13.283751,52.589456]}},{"type":"Feature","properties":{"k":"station","name":"Altstadt Spandau","lines":""},"geometry":{"type":"Point","coordinates":[13.206257,52.538838]}},{"type":"Feature","properties":{"k":"entrance","name":"","lines":""},"geometry":{"type":"Point","coordinates":[13.418485,52.515161]}},{"type":"Feature","properties":{"k":"entrance","name":"","lines":""},"geometry":{"type":"Point","coordinates":[13.269971,52.450295]}},{"type":"Feature","properties":{"k":"entrance","name":"","lines":""},"geometry":{"type":"Point","coordinates":[13.328729,52.472314]}},{"type":"Feature","properties":{"k":"entrance","name":"","lines":""},"geometry":{"type":"Point","coordinates":[13.296058,52.464223]}},{"type":"Feature","properties":{"k":"station","name":"Wutzkyallee","lines":""},"geometry":{"type":"Point","coordinates":[13.474567,52.423326]}},{"type":"Feature","properties":{"k":"entrance","name":"Friedrichsfelde","lines":""},"geometry":{"type":"Point","coordinates":[13.512109,52.506834]}},{"type":"Feature","properties":{"k":"entrance","name":"Jakob-Kaiser-Platz","lines":""},"geometry":{"type":"Point","coordinates":[13.294421,52.536242]}},{"type":"Feature","properties":{"k":"entrance","name":"Karl-Marx-Straße","lines":""},"geometry":{"type":"Point","coordinates":[13.439412,52.476112]}},{"type":"Feature","properties":{"k":"entrance","name":"Viktoria-Luise-Platz","lines":""},"geometry":{"type":"Point","coordinates":[13.343362,52.496231]}},{"type":"Feature","properties":{"k":"entrance","name":"Breitenbachplatz","lines":""},"geometry":{"type":"Point","coordinates":[13.308949,52.46707]}},{"type":"Feature","properties":{"k":"entrance","name":"Hermann Quartier","lines":""},"geometry":{"type":"Point","coordinates":[13.431906,52.467069]}},{"type":"Feature","properties":{"k":"entrance","name":"Rudow","lines":""},"geometry":{"type":"Point","coordinates":[13.49606,52.416057]}},{"type":"Feature","properties":{"k":"entrance","name":"","lines":""},"geometry":{"type":"Point","coordinates":[13.399912,52.517476]}},{"type":"Feature","properties":{"k":"entrance","name":"","lines":""},"geometry":{"type":"Point","coordinates":[13.399781,52.516926]}},{"type":"Feature","properties":{"k":"station","name":"Unter den Linden","lines":"U5;U6"},"geometry":{"type":"Point","coordinates":[13.38882,52.516988]}},{"type":"Feature","properties":{"k":"station","name":"Rotes Rathaus","lines":""},"geometry":{"type":"Point","coordinates":[13.408083,52.518842]}},{"type":"Feature","properties":{"k":"entrance","name":"Unter den Linden","lines":""},"geometry":{"type":"Point","coordinates":[13.38854,52.516979]}},{"type":"Feature","properties":{"k":"entrance","name":"Unter den Linden","lines":""},"geometry":{"type":"Point","coordinates":[13.389051,52.517014]}},{"type":"Feature","properties":{"k":"entrance","name":"Unter den Linden","lines":""},"geometry":{"type":"Point","coordinates":[13.39039,52.517097]}},{"type":"Feature","properties":{"k":"entrance","name":"Unter den Linden","lines":""},"geometry":{"type":"Point","coordinates":[13.389085,52.515962]}},{"type":"Feature","properties":{"k":"entrance","name":"","lines":""},"geometry":{"type":"Point","coordinates":[13.408109,52.519065]}},{"type":"Feature","properties":{"k":"entrance","name":"","lines":""},"geometry":{"type":"Point","coordinates":[13.408427,52.518821]}},{"type":"Feature","properties":{"k":"entrance","name":"Rotes Rathaus","lines":""},"geometry":{"type":"Point","coordinates":[13.407316,52.518738]}},{"type":"Feature","properties":{"k":"entrance","name":"Rotes Rathaus","lines":""},"geometry":{"type":"Point","coordinates":[13.408148,52.519109]}},{"type":"Feature","properties":{"k":"entrance","name":"Rotes Rathaus","lines":""},"geometry":{"type":"Point","coordinates":[13.408487,52.518854]}},{"type":"Feature","properties":{"k":"entrance","name":"Unter den Linden","lines":""},"geometry":{"type":"Point","coordinates":[13.388898,52.515951]}},{"type":"Feature","properties":{"k":"entrance","name":"Museumsinsel","lines":""},"geometry":{"type":"Point","coordinates":[13.397835,52.517911]}},{"type":"Feature","properties":{"k":"entrance","name":"Nauener Platz","lines":""},"geometry":{"type":"Point","coordinates":[13.367101,52.551404]}},{"type":"Feature","properties":{"k":"entrance","name":"Nauener Platz","lines":""},"geometry":{"type":"Point","coordinates":[13.368171,52.552078]}},{"type":"Feature","properties":{"k":"entrance","name":"Museumsinsel","lines":""},"geometry":{"type":"Point","coordinates":[13.397032,52.517352]}},{"type":"Feature","properties":{"k":"entrance","name":"Paradestraße","lines":""},"geometry":{"type":"Point","coordinates":[13.385614,52.478015]}},{"type":"Feature","properties":{"k":"entrance","name":"Paradestraße","lines":""},"geometry":{"type":"Point","coordinates":[13.385624,52.47838]}},{"type":"Feature","properties":{"k":"station","name":"Museumsinsel","lines":""},"geometry":{"type":"Point","coordinates":[13.398884,52.517263]}},{"type":"Feature","properties":{"k":"entrance","name":"","lines":""},"geometry":{"type":"Point","coordinates":[13.370186,52.49297]}},{"type":"Feature","properties":{"k":"entrance","name":"Lipschitzallee","lines":""},"geometry":{"type":"Point","coordinates":[13.462474,52.424797]}},{"type":"Feature","properties":{"k":"entrance","name":"Rathaus Spandau","lines":""},"geometry":{"type":"Point","coordinates":[13.200995,52.535824]}},{"type":"Feature","properties":{"k":"entrance","name":"","lines":""},"geometry":{"type":"Point","coordinates":[13.4082,52.489105]}},{"type":"Feature","properties":{"k":"entrance","name":"Tempelhof","lines":""},"geometry":{"type":"Point","coordinates":[13.385187,52.470428]}},{"type":"Feature","properties":{"k":"entrance","name":"U Pankow","lines":""},"geometry":{"type":"Point","coordinates":[13.411376,52.567459]}},{"type":"Feature","properties":{"k":"entrance","name":"Schloßstraße","lines":""},"geometry":{"type":"Point","coordinates":[13.324556,52.461211]}},{"type":"Feature","properties":{"k":"entrance","name":"","lines":""},"geometry":{"type":"Point","coordinates":[13.349747,52.489513]}},{"type":"Feature","properties":{"k":"entrance","name":"","lines":""},"geometry":{"type":"Point","coordinates":[13.372941,52.5568]}},{"type":"Feature","properties":{"k":"entrance","name":"Spichernstraße","lines":""},"geometry":{"type":"Point","coordinates":[13.330752,52.496819]}},{"type":"Feature","properties":{"k":"entrance","name":"Spichernstraße","lines":""},"geometry":{"type":"Point","coordinates":[13.331356,52.496282]}},{"type":"Feature","properties":{"k":"entrance","name":"Rathaus Steglitz","lines":""},"geometry":{"type":"Point","coordinates":[13.321935,52.455663]}},{"type":"Feature","properties":{"k":"entrance","name":"","lines":""},"geometry":{"type":"Point","coordinates":[13.341323,52.532873]}},{"type":"Feature","properties":{"k":"entrance","name":"","lines":""},"geometry":{"type":"Point","coordinates":[13.360082,52.490657]}},{"type":"Feature","properties":{"k":"entrance","name":"","lines":""},"geometry":{"type":"Point","coordinates":[13.591039,52.529477]}},{"type":"Feature","properties":{"k":"entrance","name":"Grenzallee","lines":""},"geometry":{"type":"Point","coordinates":[13.445112,52.46238]}},{"type":"Feature","properties":{"k":"entrance","name":"Jannowitzbrücke","lines":""},"geometry":{"type":"Point","coordinates":[13.417836,52.516424]}},{"type":"Feature","properties":{"k":"entrance","name":"","lines":""},"geometry":{"type":"Point","coordinates":[13.407865,52.489291]}},{"type":"Feature","properties":{"k":"entrance","name":"Rathaus Schöneberg","lines":""},"geometry":{"type":"Point","coordinates":[13.342174,52.482598]}},{"type":"Feature","properties":{"k":"entrance","name":"","lines":""},"geometry":{"type":"Point","coordinates":[13.341861,52.483476]}},{"type":"Feature","properties":{"k":"entrance","name":"Schloßstraße","lines":""},"geometry":{"type":"Point","coordinates":[13.325239,52.461889]}},{"type":"Feature","properties":{"k":"entrance","name":"Skalitzer Straße/Mariannenplatz","lines":""},"geometry":{"type":"Point","coordinates":[13.419379,52.499053]}},{"type":"Feature","properties":{"k":"entrance","name":"","lines":""},"geometry":{"type":"Point","coordinates":[13.427476,52.499233]}},{"type":"Feature","properties":{"k":"entrance","name":"","lines":""},"geometry":{"type":"Point","coordinates":[13.254086,52.450168]}},{"type":"Feature","properties":{"k":"entrance","name":"","lines":""},"geometry":{"type":"Point","coordinates":[13.382354,52.499118]}},{"type":"Feature","properties":{"k":"entrance","name":"","lines":""},"geometry":{"type":"Point","coordinates":[13.327171,52.502894]}},{"type":"Feature","properties":{"k":"entrance","name":"","lines":""},"geometry":{"type":"Point","coordinates":[13.464703,52.514721]}},{"type":"Feature","properties":{"k":"entrance","name":"","lines":""},"geometry":{"type":"Point","coordinates":[13.387921,52.439226]}},{"type":"Feature","properties":{"k":"entrance","name":"Schloßstraße","lines":""},"geometry":{"type":"Point","coordinates":[13.324713,52.461611]}},{"type":"Feature","properties":{"k":"entrance","name":"Wutzkyallee","lines":""},"geometry":{"type":"Point","coordinates":[13.474658,52.42333]}},{"type":"Feature","properties":{"k":"entrance","name":"","lines":""},"geometry":{"type":"Point","coordinates":[13.340253,52.488571]}},{"type":"Feature","properties":{"k":"entrance","name":"","lines":""},"geometry":{"type":"Point","coordinates":[13.285343,52.53662]}},{"type":"Feature","properties":{"k":"entrance","name":"","lines":""},"geometry":{"type":"Point","coordinates":[13.410775,52.512536]}},{"type":"Feature","properties":{"k":"entrance","name":"","lines":""},"geometry":{"type":"Point","coordinates":[13.391322,52.497818]}},{"type":"Feature","properties":{"k":"entrance","name":"","lines":""},"geometry":{"type":"Point","coordinates":[13.374233,52.509675]}},{"type":"Feature","properties":{"k":"entrance","name":"","lines":""},"geometry":{"type":"Point","coordinates":[13.296492,52.464376]}},{"type":"Feature","properties":{"k":"entrance","name":"","lines":""},"geometry":{"type":"Point","coordinates":[13.282549,52.451383]}},{"type":"Feature","properties":{"k":"entrance","name":"Nollendorfplatz","lines":""},"geometry":{"type":"Point","coordinates":[13.355621,52.499189]}},{"type":"Feature","properties":{"k":"entrance","name":"Anton-Wilhelm-Amo-Straße","lines":""},"geometry":{"type":"Point","coordinates":[13.384184,52.511589]}},{"type":"Feature","properties":{"k":"entrance","name":"Augsburger Straße","lines":""},"geometry":{"type":"Point","coordinates":[13.335832,52.499635]}},{"type":"Feature","properties":{"k":"entrance","name":"Augsburger Straße","lines":""},"geometry":{"type":"Point","coordinates":[13.335673,52.500058]}},{"type":"Feature","properties":{"k":"entrance","name":"","lines":""},"geometry":{"type":"Point","coordinates":[13.327037,52.563247]}},{"type":"Feature","properties":{"k":"entrance","name":"","lines":""},"geometry":{"type":"Point","coordinates":[13.389451,52.516986]}},{"type":"Feature","properties":{"k":"entrance","name":"","lines":""},"geometry":{"type":"Point","coordinates":[13.388184,52.516904]}},{"type":"Feature","properties":{"k":"entrance","name":"","lines":""},"geometry":{"type":"Point","coordinates":[13.385435,52.485169]}},{"type":"Feature","properties":{"k":"entrance","name":"","lines":""},"geometry":{"type":"Point","coordinates":[13.385435,52.485194]}},{"type":"Feature","properties":{"k":"entrance","name":"","lines":""},"geometry":{"type":"Point","coordinates":[13.374279,52.509583]}},{"type":"Feature","properties":{"k":"entrance","name":"","lines":""},"geometry":{"type":"Point","coordinates":[13.352922,52.550058]}},{"type":"Feature","properties":{"k":"entrance","name":"Hellersdorf","lines":""},"geometry":{"type":"Point","coordinates":[13.605021,52.536258]}},{"type":"Feature","properties":{"k":"entrance","name":"Hellersdorf","lines":""},"geometry":{"type":"Point","coordinates":[13.605238,52.536313]}},{"type":"Feature","properties":{"k":"entrance","name":"Hellersdorf","lines":""},"geometry":{"type":"Point","coordinates":[13.607844,52.536895]}},{"type":"Feature","properties":{"k":"entrance","name":"Seestraße","lines":""},"geometry":{"type":"Point","coordinates":[13.353925,52.54955]}},{"type":"Feature","properties":{"k":"entrance","name":"Seestraße","lines":""},"geometry":{"type":"Point","coordinates":[13.353084,52.549911]}},{"type":"Feature","properties":{"k":"entrance","name":"Rohrdamm","lines":""},"geometry":{"type":"Point","coordinates":[13.263341,52.53712]}},{"type":"Feature","properties":{"k":"entrance","name":"Rohrdamm","lines":""},"geometry":{"type":"Point","coordinates":[13.260953,52.537298]}},{"type":"Feature","properties":{"k":"track","lvl":"tunnel","lines":"U3","c":"#16683D","svc":"","bau":0,"name":"U3"},"geometry":{"type":"LineString","coordinates":[[13.243167,52.444516],[13.245211,52.445764],[13.246673,52.446768],[13.247991,52.4476],[13.248793,52.448045],[13.249497,52.448395],[13.250284,52.448784],[13.250904,52.449066],[13.251354,52.449248]]}},{"type":"Feature","properties":{"k":"track","lvl":"ground","lines":"U2","c":"#DA421E","svc":"","bau":0,"name":""},"geometry":{"type":"LineString","coordinates":[[13.244583,52.524384],[13.244468,52.524503],[13.244291,52.52464],[13.244179,52.524716],[13.244058,52.524792],[13.243898,52.524877],[13.243737,52.524956],[13.243532,52.525038],[13.243359,52.525098],[13.242963,52.525217]]}},{"type":"Feature","properties":{"k":"track","lvl":"bridge","lines":"","c":"#8a8a8a","svc":"","bau":1,"name":""},"geometry":{"type":"LineString","coordinates":[[13.305211,52.569461],[13.306249,52.568783]]}},{"type":"Feature","properties":{"k":"track","lvl":"ground","lines":"","c":"#8a8a8a","svc":"","bau":1,"name":""},"geometry":{"type":"LineString","coordinates":[[13.306249,52.568783],[13.306551,52.568591],[13.307116,52.568281]]}},{"type":"Feature","properties":{"k":"track","lvl":"ground","lines":"","c":"#8a8a8a","svc":"","bau":1,"name":""},"geometry":{"type":"LineString","coordinates":[[13.308162,52.567841],[13.308625,52.567694],[13.309065,52.567566],[13.309564,52.567435],[13.310157,52.567304]]}},{"type":"Feature","properties":{"k":"track","lvl":"bridge","lines":"","c":"#8a8a8a","svc":"","bau":1,"name":""},"geometry":{"type":"LineString","coordinates":[[13.310157,52.567304],[13.310469,52.567237]]}},{"type":"Feature","properties":{"k":"track","lvl":"ground","lines":"","c":"#8a8a8a","svc":"","bau":1,"name":""},"geometry":{"type":"LineString","coordinates":[[13.310469,52.567237],[13.31121,52.567085]]}},{"type":"Feature","properties":{"k":"track","lvl":"ground","lines":"","c":"#8a8a8a","svc":"","bau":1,"name":""},"geometry":{"type":"LineString","coordinates":[[13.3249,52.563884],[13.323797,52.56417],[13.322238,52.564571],[13.321182,52.564807],[13.320529,52.564975],[13.319592,52.565223],[13.319116,52.565336],[13.318636,52.565433],[13.317821,52.565589],[13.316983,52.565748]]}},{"type":"Feature","properties":{"k":"track","lvl":"bridge","lines":"","c":"#8a8a8a","svc":"","bau":1,"name":""},"geometry":{"type":"LineString","coordinates":[[13.316983,52.565748],[13.316676,52.565808]]}},{"type":"Feature","properties":{"k":"track","lvl":"tunnel","lines":"","c":"#8a8a8a","svc":"yard","bau":0,"name":"4"},"geometry":{"type":"LineString","coordinates":[[13.352533,52.550206],[13.351162,52.550976],[13.350686,52.551247],[13.350563,52.55133],[13.350461,52.551429],[13.350395,52.551522],[13.350352,52.551643],[13.350371,52.551799],[13.350531,52.552008],[13.351156,52.552535]]}},{"type":"Feature","properties":{"k":"track","lvl":"tunnel","lines":"U6","c":"#8C6DAB","svc":"","bau":0,"name":"U6"},"geometry":{"type":"LineString","coordinates":[[13.340001,52.557241],[13.339022,52.557722],[13.337411,52.558631],[13.337108,52.558802],[13.336517,52.559138],[13.336394,52.559215],[13.336213,52.559337],[13.335889,52.559564],[13.335618,52.559733]]}},{"type":"Feature","properties":{"k":"track","lvl":"tunnel","lines":"U2","c":"#DA421E","svc":"","bau":0,"name":""},"geometry":{"type":"LineString","coordinates":[[13.413462,52.558574],[13.413377,52.55904],[13.413342,52.559456],[13.413287,52.559816]]}},{"type":"Feature","properties":{"k":"track","lvl":"tunnel","lines":"U8","c":"#224F86","svc":"","bau":0,"name":"U8"},"geometry":{"type":"LineString","coordinates":[[13.368111,52.561036],[13.369674,52.559797],[13.371818,52.558156],[13.372164,52.557887],[13.372622,52.557537],[13.373183,52.557105],[13.373915,52.556544],[13.3744,52.556111],[13.376612,52.554179],[13.376987,52.553893],[13.377247,52.553721],[13.377517,52.553571],[13.377788,52.553432],[13.378059,52.553312],[13.378501,52.553144],[13.378988,52.552984],[13.380435,52.552573]]}},{"type":"Feature","properties":{"k":"track","lvl":"ground","lines":"","c":"#8a8a8a","svc":"yard","bau":0,"name":""},"geometry":{"type":"LineString","coordinates":[[13.516981,52.50167],[13.517074,52.501451],[13.517155,52.501233],[13.517156,52.501098],[13.517124,52.500934]]}},{"type":"Feature","properties":{"k":"track","lvl":"tunnel","lines":"","c":"#8a8a8a","svc":"yard","bau":0,"name":""},"geometry":{"type":"LineString","coordinates":[[13.514281,52.504855],[13.514097,52.504993],[13.513927,52.505258]]}},{"type":"Feature","properties":{"k":"track","lvl":"tunnel","lines":"U5","c":"#7E5330","svc":"","bau":0,"name":""},"geometry":{"type":"LineString","coordinates":[[13.40877,52.519123],[13.409547,52.519471],[13.410239,52.519785],[13.410452,52.519881],[13.410485,52.519897],[13.411834,52.520558],[13.412124,52.520704],[13.412316,52.520798],[13.412877,52.521072]]}},{"type":"Feature","properties":{"k":"track","lvl":"bridge","lines":"","c":"#8a8a8a","svc":"","bau":1,"name":""},"geometry":{"type":"LineString","coordinates":[[13.298445,52.573887],[13.298873,52.57361]]}},{"type":"Feature","properties":{"k":"track","lvl":"ground","lines":"","c":"#8a8a8a","svc":"","bau":1,"name":""},"geometry":{"type":"LineString","coordinates":[[13.298873,52.57361],[13.301793,52.571696]]}},{"type":"Feature","properties":{"k":"track","lvl":"bridge","lines":"","c":"#8a8a8a","svc":"","bau":1,"name":""},"geometry":{"type":"LineString","coordinates":[[13.301793,52.571696],[13.302032,52.571544]]}},{"type":"Feature","properties":{"k":"track","lvl":"bridge","lines":"U1 U3","c":"#7DAD4C","svc":"","bau":0,"name":"U1"},"geometry":{"type":"LineString","coordinates":[[13.369983,52.499596],[13.370411,52.499572]]}},{"type":"Feature","properties":{"k":"track","lvl":"ground","lines":"","c":"#8a8a8a","svc":"yard","bau":0,"name":""},"geometry":{"type":"LineString","coordinates":[[13.514477,52.504816],[13.514548,52.504748],[13.515861,52.503542],[13.516027,52.503408],[13.516319,52.503212],[13.51738,52.502615],[13.517602,52.502514],[13.518291,52.502131],[13.518521,52.501985],[13.518852,52.501721],[13.519084,52.501481],[13.519233,52.5013],[13.519321,52.501158],[13.519363,52.50109],[13.519428,52.500986],[13.519738,52.500109],[13.519762,52.500019]]}},{"type":"Feature","properties":{"k":"track","lvl":"ground","lines":"","c":"#8a8a8a","svc":"yard","bau":0,"name":""},"geometry":{"type":"LineString","coordinates":[[13.516004,52.503262],[13.516218,52.503059],[13.5165,52.50276],[13.516709,52.502554],[13.516919,52.502352]]}},{"type":"Feature","properties":{"k":"track","lvl":"ground","lines":"","c":"#8a8a8a","svc":"yard","bau":0,"name":""},"geometry":{"type":"LineString","coordinates":[[13.516919,52.502352],[13.517158,52.502137],[13.517519,52.501812],[13.517649,52.501716],[13.517808,52.501611],[13.518976,52.500942],[13.519058,52.500899]]}},{"type":"Feature","properties":{"k":"track","lvl":"ground","lines":"","c":"#8a8a8a","svc":"yard","bau":0,"name":""},"geometry":{"type":"LineString","coordinates":[[13.516605,52.502388],[13.51662,52.502328],[13.516632,52.502263],[13.516639,52.502171],[13.516645,52.502079],[13.516614,52.501888],[13.516461,52.501184],[13.516415,52.500989]]}},{"type":"Feature","properties":{"k":"track","lvl":"ground","lines":"","c":"#8a8a8a","svc":"yard","bau":0,"name":""},"geometry":{"type":"LineString","coordinates":[[13.516701,52.502167],[13.516729,52.501995],[13.516735,52.501898],[13.516722,52.50178],[13.516691,52.501659],[13.516598,52.501172],[13.516558,52.500978]]}},{"type":"Feature","properties":{"k":"track","lvl":"ground","lines":"","c":"#8a8a8a","svc":"yard","bau":0,"name":""},"geometry":{"type":"LineString","coordinates":[[13.516709,52.502554],[13.516911,52.502305],[13.517132,52.502093],[13.517275,52.501914],[13.51742,52.501764],[13.517476,52.501715],[13.517576,52.501639],[13.517725,52.501548],[13.518889,52.500888],[13.518976,52.500843]]}},{"type":"Feature","properties":{"k":"track","lvl":"ground","lines":"","c":"#8a8a8a","svc":"yard","bau":0,"name":""},"geometry":{"type":"LineString","coordinates":[[13.516981,52.50167],[13.517016,52.501417],[13.516976,52.501135],[13.516939,52.500948]]}},{"type":"Feature","properties":{"k":"track","lvl":"ground","lines":"","c":"#8a8a8a","svc":"yard","bau":0,"name":""},"geometry":{"type":"LineString","coordinates":[[13.516911,52.502305],[13.517,52.502185],[13.517075,52.502088],[13.517121,52.502004],[13.517234,52.501816],[13.517277,52.501767],[13.517321,52.501721],[13.517433,52.501633],[13.517626,52.501506],[13.518812,52.500838],[13.518898,52.50079]]}},{"type":"Feature","properties":{"k":"track","lvl":"ground","lines":"","c":"#8a8a8a","svc":"yard","bau":0,"name":""},"geometry":{"type":"LineString","coordinates":[[13.5165,52.50276],[13.516681,52.5025],[13.51673,52.502406],[13.516818,52.502192],[13.516896,52.50203],[13.516962,52.501919],[13.517038,52.501813],[13.517155,52.501667],[13.517264,52.501547],[13.517454,52.501391],[13.51772,52.501193],[13.519325,52.50028],[13.519413,52.500231]]}},{"type":"Feature","properties":{"k":"track","lvl":"ground","lines":"","c":"#8a8a8a","svc":"yard","bau":0,"name":""},"geometry":{"type":"LineString","coordinates":[[13.516435,52.502741],[13.516605,52.502388],[13.51663,52.502331],[13.516701,52.502167],[13.516775,52.501992],[13.516808,52.501891],[13.516832,52.501773],[13.516838,52.501652],[13.516826,52.501501],[13.516754,52.501148],[13.51672,52.500965]]}},{"type":"Feature","properties":{"k":"track","lvl":"ground","lines":"","c":"#8a8a8a","svc":"yard","bau":0,"name":""},"geometry":{"type":"LineString","coordinates":[[13.516196,52.503019],[13.516373,52.502824],[13.516435,52.502741],[13.516647,52.502443]]}},{"type":"Feature","properties":{"k":"track","lvl":"ground","lines":"","c":"#8a8a8a","svc":"yard","bau":0,"name":""},"geometry":{"type":"LineString","coordinates":[[13.514281,52.504855],[13.515564,52.503669],[13.515691,52.503553],[13.516004,52.503262]]}},{"type":"Feature","properties":{"k":"track","lvl":"ground","lines":"","c":"#8a8a8a","svc":"yard","bau":0,"name":""},"geometry":{"type":"LineString","coordinates":[[13.447446,52.433886],[13.446083,52.434322],[13.445564,52.434509],[13.445129,52.434698],[13.444682,52.434906],[13.444295,52.435142],[13.443904,52.435397],[13.44372,52.435502],[13.44354,52.435597],[13.443253,52.43573],[13.442863,52.435876]]}},{"type":"Feature","properties":{"k":"track","lvl":"ground","lines":"","c":"#8a8a8a","svc":"yard","bau":0,"name":""},"geometry":{"type":"LineString","coordinates":[[13.443772,52.435226],[13.443468,52.435449],[13.443315,52.435548],[13.443185,52.435617],[13.443058,52.435682],[13.442943,52.435737],[13.442548,52.435902],[13.440258,52.436807]]}},{"type":"Feature","properties":{"k":"track","lvl":"ground","lines":"","c":"#8a8a8a","svc":"yard","bau":0,"name":""},"geometry":{"type":"LineString","coordinates":[[13.443603,52.435183],[13.443401,52.435261],[13.443156,52.43538],[13.442911,52.435522],[13.442427,52.435741],[13.440098,52.436657]]}},{"type":"Feature","properties":{"k":"track","lvl":"ground","lines":"","c":"#8a8a8a","svc":"yard","bau":0,"name":""},"geometry":{"type":"LineString","coordinates":[[13.443772,52.435226],[13.443475,52.435497],[13.443339,52.435622],[13.443186,52.435722],[13.44305,52.435795],[13.442863,52.435876]]}},{"type":"Feature","properties":{"k":"track","lvl":"ground","lines":"","c":"#8a8a8a","svc":"yard","bau":0,"name":""},"geometry":{"type":"LineString","coordinates":[[13.444336,52.434889],[13.444156,52.434967],[13.443772,52.435226]]}},{"type":"Feature","properties":{"k":"track","lvl":"ground","lines":"","c":"#8a8a8a","svc":"yard","bau":0,"name":""},"geometry":{"type":"LineString","coordinates":[[13.442863,52.435876],[13.440369,52.43686],[13.440197,52.436928],[13.438223,52.437704],[13.438112,52.437748]]}},{"type":"Feature","properties":{"k":"track","lvl":"ground","lines":"","c":"#8a8a8a","svc":"yard","bau":0,"name":""},"geometry":{"type":"LineString","coordinates":[[13.438958,52.436966],[13.442848,52.435426],[13.44368,52.435119],[13.444156,52.434967],[13.443603,52.435183],[13.44326,52.435375],[13.442969,52.435603],[13.442496,52.435858],[13.440209,52.436756]]}},{"type":"Feature","properties":{"k":"track","lvl":"ground","lines":"","c":"#8a8a8a","svc":"yard","bau":0,"name":""},"geometry":{"type":"LineString","coordinates":[[13.438068,52.437728],[13.438143,52.437675],[13.438313,52.43756],[13.438411,52.437489],[13.438483,52.437417],[13.438624,52.437254],[13.438971,52.436884],[13.439237,52.436679],[13.439562,52.436501],[13.439892,52.436371],[13.440493,52.436132]]}},{"type":"Feature","properties":{"k":"track","lvl":"ground","lines":"","c":"#8a8a8a","svc":"yard","bau":0,"name":"28"},"geometry":{"type":"LineString","coordinates":[[13.349828,52.554671],[13.350848,52.554058],[13.350885,52.554022],[13.350911,52.553985],[13.350952,52.553913],[13.350969,52.553792],[13.350959,52.553686]]}},{"type":"Feature","properties":{"k":"track","lvl":"ground","lines":"","c":"#8a8a8a","svc":"yard","bau":0,"name":"9"},"geometry":{"type":"LineString","coordinates":[[13.34956,52.553879],[13.350342,52.553438],[13.350664,52.553257],[13.350806,52.553154],[13.350927,52.552999]]}},{"type":"Feature","properties":{"k":"track","lvl":"ground","lines":"","c":"#8a8a8a","svc":"yard","bau":0,"name":"17"},"geometry":{"type":"LineString","coordinates":[[13.350397,52.553754],[13.350494,52.553702],[13.350547,52.553667],[13.350603,52.553624],[13.350763,52.553479],[13.350824,52.553412],[13.35088,52.553338]]}},{"type":"Feature","properties":{"k":"track","lvl":"ground","lines":"","c":"#8a8a8a","svc":"yard","bau":0,"name":"24"},"geometry":{"type":"LineString","coordinates":[[13.349676,52.554569],[13.350623,52.554004],[13.350699,52.553948],[13.350765,52.553887],[13.350811,52.55383],[13.350841,52.553765],[13.350874,52.553622]]}},{"type":"Feature","properties":{"k":"track","lvl":"ground","lines":"","c":"#8a8a8a","svc":"yard","bau":0,"name":"22"},"geometry":{"type":"LineString","coordinates":[[13.349589,52.554511],[13.350532,52.553955],[13.350647,52.55387],[13.350679,52.553837],[13.350706,52.553805],[13.350734,52.553766],[13.350756,52.553728],[13.350845,52.553563]]}},{"type":"Feature","properties":{"k":"track","lvl":"bridge","lines":"","c":"#8a8a8a","svc":"yard","bau":0,"name":""},"geometry":{"type":"LineString","coordinates":[[13.44898,52.504604],[13.449099,52.504717],[13.449245,52.504866],[13.449388,52.504949],[13.449556,52.505008],[13.449765,52.505037],[13.449965,52.505029],[13.450131,52.505004]]}},{"type":"Feature","properties":{"k":"track","lvl":"bridge","lines":"","c":"#8a8a8a","svc":"yard","bau":0,"name":""},"geometry":{"type":"LineString","coordinates":[[13.449253,52.504725],[13.449413,52.504781],[13.449602,52.50482],[13.449813,52.504829],[13.449986,52.504815]]}},{"type":"Feature","properties":{"k":"track","lvl":"ground","lines":"","c":"#8a8a8a","svc":"yard","bau":0,"name":""},"geometry":{"type":"LineString","coordinates":[[13.447483,52.502805],[13.44826,52.503803],[13.448342,52.50396]]}},{"type":"Feature","properties":{"k":"track","lvl":"ground","lines":"","c":"#8a8a8a","svc":"yard","bau":0,"name":""},"geometry":{"type":"LineString","coordinates":[[13.447446,52.502807],[13.448204,52.503819],[13.448342,52.50396]]}},{"type":"Feature","properties":{"k":"track","lvl":"ground","lines":"","c":"#8a8a8a","svc":"yard","bau":0,"name":""},"geometry":{"type":"LineString","coordinates":[[13.632268,52.538321],[13.632213,52.538328],[13.630461,52.538638],[13.630324,52.538659],[13.629892,52.538704],[13.629263,52.538771],[13.62873,52.538835]]}},{"type":"Feature","properties":{"k":"track","lvl":"ground","lines":"","c":"#8a8a8a","svc":"yard","bau":0,"name":""},"geometry":{"type":"LineString","coordinates":[[13.62873,52.538835],[13.628075,52.538947],[13.627653,52.539023],[13.627147,52.539113],[13.626796,52.53917]]}},{"type":"Feature","properties":{"k":"track","lvl":"ground","lines":"","c":"#8a8a8a","svc":"yard","bau":0,"name":""},"geometry":{"type":"LineString","coordinates":[[13.626796,52.53917],[13.626333,52.539219],[13.626133,52.53924],[13.625896,52.539258]]}},{"type":"Feature","properties":{"k":"track","lvl":"ground","lines":"","c":"#8a8a8a","svc":"yard","bau":0,"name":""},"geometry":{"type":"LineString","coordinates":[[13.625097,52.539274],[13.624639,52.539317],[13.624107,52.539366],[13.623751,52.539399],[13.623466,52.539419]]}},{"type":"Feature","properties":{"k":"track","lvl":"tunnel","lines":"U2","c":"#DA421E","svc":"","bau":0,"name":"U2"},"geometry":{"type":"LineString","coordinates":[[13.375902,52.505595],[13.376052,52.505852],[13.376186,52.50611],[13.376245,52.506329],[13.376311,52.506558],[13.376478,52.50686],[13.376584,52.507044],[13.377007,52.507765],[13.377175,52.508077],[13.377261,52.50824],[13.377442,52.508502],[13.377485,52.508551],[13.377565,52.508635],[13.37765,52.508716],[13.377736,52.508786],[13.377811,52.508844],[13.377909,52.508912],[13.377992,52.508964],[13.378056,52.509003],[13.378145,52.509051],[13.378256,52.509109],[13.378304,52.509134],[13.378368,52.509167],[13.378503,52.509237],[13.378634,52.509306],[13.378705,52.509345],[13.378802,52.509404],[13.378934,52.509494],[13.379087,52.509613],[13.379196,52.509717],[13.379422,52.509954],[13.379584,52.510125],[13.380094,52.510648],[13.380261,52.510787],[13.380414,52.510877],[13.380589,52.51095],[13.380675,52.510978],[13.380771,52.511003],[13.380956,52.511037],[13.381162,52.511065],[13.381825,52.511139],[13.382396,52.511222],[13.382946,52.511326],[13.383705,52.51147]]}},{"type":"Feature","properties":{"k":"platform","name":"Holzhauser Straße"},"geometry":{"type":"Polygon","coordinates":[[[13.29563,52.576097],[13.295662,52.576108],[13.295704,52.576122],[13.295742,52.576135],[13.296071,52.575806],[13.296596,52.575283],[13.29651,52.575249],[13.296317,52.575424],[13.29621,52.575521],[13.296062,52.575655],[13.295844,52.575872],[13.29563,52.576097]]]}},{"type":"Feature","properties":{"k":"track","lvl":"ground","lines":"U2","c":"#DA421E","svc":"","bau":0,"name":""},"geometry":{"type":"LineString","coordinates":[[13.349952,52.500342],[13.350866,52.500149]]}},{"type":"Feature","properties":{"k":"track","lvl":"ground","lines":"","c":"#8a8a8a","svc":"","bau":1,"name":""},"geometry":{"type":"LineString","coordinates":[[13.313976,52.56644],[13.313627,52.566556],[13.313394,52.566636],[13.313134,52.566725],[13.312924,52.566789],[13.312734,52.566843],[13.312346,52.56694],[13.312122,52.56699],[13.311909,52.567033],[13.311479,52.567116]]}},{"type":"Feature","properties":{"k":"track","lvl":"ground","lines":"","c":"#8a8a8a","svc":"","bau":1,"name":""},"geometry":{"type":"LineString","coordinates":[[13.305208,52.56951],[13.304581,52.569917],[13.304069,52.570272],[13.303567,52.570671],[13.302999,52.571068],[13.302449,52.571406],[13.302111,52.571607]]}},{"type":"Feature","properties":{"k":"track","lvl":"tunnel","lines":"U4","c":"#F0D722","svc":"","bau":0,"name":""},"geometry":{"type":"LineString","coordinates":[[13.355323,52.500093],[13.354679,52.499875],[13.354536,52.499831],[13.354385,52.499794],[13.354235,52.499764],[13.354102,52.499745]]}},{"type":"Feature","properties":{"k":"track","lvl":"tunnel","lines":"","c":"#8a8a8a","svc":"siding","bau":0,"name":""},"geometry":{"type":"LineString","coordinates":[[13.359542,52.503889],[13.358825,52.502435],[13.358372,52.501523]]}},{"type":"Feature","properties":{"k":"track","lvl":"tunnel","lines":"U7","c":"#528DBA","svc":"","bau":0,"name":"U7"},"geometry":{"type":"LineString","coordinates":[[13.448533,52.457433],[13.448458,52.457696],[13.448354,52.457938],[13.448197,52.458173],[13.447428,52.459246],[13.445209,52.462183]]}},{"type":"Feature","properties":{"k":"track","lvl":"ground","lines":"","c":"#8a8a8a","svc":"","bau":1,"name":""},"geometry":{"type":"LineString","coordinates":[[13.302032,52.571544],[13.302323,52.57133],[13.302868,52.570982],[13.303443,52.5706],[13.303644,52.57048],[13.304013,52.570243],[13.304538,52.569899],[13.304784,52.569737],[13.305211,52.569461]]}},{"type":"Feature","properties":{"k":"track","lvl":"ground","lines":"","c":"#8a8a8a","svc":"","bau":1,"name":""},"geometry":{"type":"LineString","coordinates":[[13.311263,52.567155],[13.310475,52.567293]]}},{"type":"Feature","properties":{"k":"track","lvl":"bridge","lines":"","c":"#8a8a8a","svc":"","bau":1,"name":""},"geometry":{"type":"LineString","coordinates":[[13.306254,52.568828],[13.305208,52.56951]]}},{"type":"Feature","properties":{"k":"track","lvl":"bridge","lines":"","c":"#8a8a8a","svc":"","bau":1,"name":""},"geometry":{"type":"LineString","coordinates":[[13.311479,52.567116],[13.311263,52.567155]]}},{"type":"Feature","properties":{"k":"track","lvl":"bridge","lines":"","c":"#8a8a8a","svc":"","bau":1,"name":""},"geometry":{"type":"LineString","coordinates":[[13.31121,52.567085],[13.311419,52.567039]]}},{"type":"Feature","properties":{"k":"track","lvl":"bridge","lines":"","c":"#8a8a8a","svc":"","bau":1,"name":""},"geometry":{"type":"LineString","coordinates":[[13.310475,52.567293],[13.310175,52.567349]]}},{"type":"Feature","properties":{"k":"track","lvl":"ground","lines":"","c":"#8a8a8a","svc":"","bau":1,"name":""},"geometry":{"type":"LineString","coordinates":[[13.310175,52.567349],[13.309588,52.567472],[13.309093,52.567593],[13.308658,52.567721],[13.308195,52.56787]]}},{"type":"Feature","properties":{"k":"track","lvl":"ground","lines":"","c":"#8a8a8a","svc":"","bau":1,"name":""},"geometry":{"type":"LineString","coordinates":[[13.307151,52.568312],[13.306606,52.568609],[13.306254,52.568828]]}},{"type":"Feature","properties":{"k":"track","lvl":"ground","lines":"","c":"#8a8a8a","svc":"","bau":1,"name":""},"geometry":{"type":"LineString","coordinates":[[13.295237,52.576666],[13.294968,52.576953],[13.292227,52.580303]]}},{"type":"Feature","properties":{"k":"track","lvl":"bridge","lines":"","c":"#8a8a8a","svc":"","bau":1,"name":""},"geometry":{"type":"LineString","coordinates":[[13.298917,52.573636],[13.298494,52.573916]]}},{"type":"Feature","properties":{"k":"track","lvl":"ground","lines":"","c":"#8a8a8a","svc":"","bau":1,"name":""},"geometry":{"type":"LineString","coordinates":[[13.298494,52.573916],[13.297972,52.57426],[13.297302,52.574702],[13.29691,52.575011],[13.29666,52.575242],[13.29609,52.575814],[13.295761,52.576141],[13.295483,52.576411]]}},{"type":"Feature","properties":{"k":"track","lvl":"bridge","lines":"","c":"#8a8a8a","svc":"","bau":1,"name":""},"geometry":{"type":"LineString","coordinates":[[13.302111,52.571607],[13.30186,52.571747]]}},{"type":"Feature","properties":{"k":"track","lvl":"ground","lines":"","c":"#8a8a8a","svc":"","bau":1,"name":""},"geometry":{"type":"LineString","coordinates":[[13.30186,52.571747],[13.30137,52.572027],[13.298917,52.573636]]}},{"type":"Feature","properties":{"k":"track","lvl":"ground","lines":"","c":"#8a8a8a","svc":"","bau":1,"name":""},"geometry":{"type":"LineString","coordinates":[[13.311419,52.567039],[13.311852,52.566944],[13.312201,52.566865],[13.312574,52.566774],[13.312985,52.566672],[13.313349,52.566581],[13.313936,52.566413]]}},{"type":"Feature","properties":{"k":"track","lvl":"bridge","lines":"U2","c":"#DA421E","svc":"","bau":0,"name":""},"geometry":{"type":"LineString","coordinates":[[13.244783,52.524126],[13.244713,52.524227],[13.244583,52.524384]]}},{"type":"Feature","properties":{"k":"track","lvl":"ground","lines":"U2","c":"#DA421E","svc":"","bau":0,"name":""},"geometry":{"type":"LineString","coordinates":[[13.245564,52.522532],[13.245394,52.522757],[13.245252,52.522987],[13.245131,52.523229],[13.245047,52.523473],[13.244904,52.523905],[13.244843,52.524025],[13.244783,52.524126]]}},{"type":"Feature","properties":{"k":"track","lvl":"tunnel","lines":"U6","c":"#8C6DAB","svc":"","bau":0,"name":"U6"},"geometry":{"type":"LineString","coordinates":[[13.326189,52.563426],[13.327138,52.563179],[13.327797,52.563007]]}},{"type":"Feature","properties":{"k":"track","lvl":"bridge","lines":"","c":"#8a8a8a","svc":"","bau":1,"name":""},"geometry":{"type":"LineString","coordinates":[[13.31665,52.56578],[13.316964,52.565718]]}},{"type":"Feature","properties":{"k":"track","lvl":"ground","lines":"","c":"#8a8a8a","svc":"","bau":1,"name":""},"geometry":{"type":"LineString","coordinates":[[13.316964,52.565718],[13.3178,52.565561],[13.31863,52.565402],[13.319102,52.565304],[13.319569,52.565193],[13.320515,52.564951],[13.321172,52.56476],[13.322166,52.56447],[13.323833,52.564025],[13.324818,52.563767]]}},{"type":"Feature","properties":{"k":"track","lvl":"bridge","lines":"","c":"#8a8a8a","svc":"","bau":1,"name":""},"geometry":{"type":"LineString","coordinates":[[13.295162,52.576642],[13.29539,52.576363]]}},{"type":"Feature","properties":{"k":"track","lvl":"bridge","lines":"","c":"#8a8a8a","svc":"","bau":1,"name":""},"geometry":{"type":"LineString","coordinates":[[13.295483,52.576411],[13.295237,52.576666]]}},{"type":"Feature","properties":{"k":"track","lvl":"ground","lines":"","c":"#8a8a8a","svc":"","bau":1,"name":""},"geometry":{"type":"LineString","coordinates":[[13.292174,52.580285],[13.294916,52.576935],[13.295162,52.576642]]}},{"type":"Feature","properties":{"k":"track","lvl":"bridge","lines":"U2","c":"#DA421E","svc":"","bau":0,"name":""},"geometry":{"type":"LineString","coordinates":[[13.364426,52.497342],[13.364814,52.497269],[13.365132,52.497212],[13.365288,52.497195],[13.365508,52.497189],[13.365897,52.497196],[13.366071,52.497199],[13.366226,52.497191],[13.366383,52.497175],[13.366557,52.497146],[13.367011,52.497061],[13.367289,52.497007],[13.367454,52.496978],[13.367653,52.496952],[13.367866,52.49694],[13.368524,52.496947]]}},{"type":"Feature","properties":{"k":"track","lvl":"tunnel","lines":"U7","c":"#528DBA","svc":"","bau":0,"name":"U7"},"geometry":{"type":"LineString","coordinates":[[13.388066,52.493113],[13.388042,52.493183],[13.388059,52.493262],[13.388069,52.493389],[13.388078,52.493428],[13.388094,52.493475],[13.388124,52.493531],[13.388164,52.493593],[13.388191,52.493628],[13.38831,52.493788],[13.388739,52.494316],[13.389461,52.495213]]}},{"type":"Feature","properties":{"k":"platform","name":"Leopoldplatz"},"geometry":{"type":"Polygon","coordinates":[[[13.359678,52.546839],[13.359266,52.546573],[13.359055,52.546438],[13.358845,52.546302],[13.358705,52.546207],[13.358473,52.546032],[13.358585,52.545968],[13.358838,52.546126],[13.358986,52.54622],[13.359203,52.546361],[13.359405,52.546495],[13.35981,52.546766],[13.359678,52.546839]]]}},{"type":"Feature","properties":{"k":"track","lvl":"ground","lines":"","c":"#8a8a8a","svc":"yard","bau":0,"name":""},"geometry":{"type":"LineString","coordinates":[[13.248848,52.520753],[13.248547,52.520615],[13.248455,52.520564],[13.248368,52.520497],[13.248318,52.520442],[13.248283,52.520388],[13.248233,52.520283]]}},{"type":"Feature","properties":{"k":"track","lvl":"ground","lines":"","c":"#8a8a8a","svc":"yard","bau":0,"name":""},"geometry":{"type":"LineString","coordinates":[[13.251174,52.520297],[13.249924,52.519734]]}},{"type":"Feature","properties":{"k":"track","lvl":"ground","lines":"","c":"#8a8a8a","svc":"yard","bau":0,"name":""},"geometry":{"type":"LineString","coordinates":[[13.251324,52.520184],[13.250065,52.519621]]}},{"type":"Feature","properties":{"k":"track","lvl":"ground","lines":"","c":"#8a8a8a","svc":"yard","bau":0,"name":""},"geometry":{"type":"LineString","coordinates":[[13.25149,52.520059],[13.25021,52.519505]]}},{"type":"Feature","properties":{"k":"track","lvl":"ground","lines":"","c":"#8a8a8a","svc":"yard","bau":0,"name":""},"geometry":{"type":"LineString","coordinates":[[13.249566,52.519307],[13.249478,52.519247],[13.249395,52.519179],[13.24933,52.5191],[13.249289,52.519026],[13.249269,52.518956],[13.249273,52.518872],[13.24929,52.518808],[13.249335,52.518701]]}},{"type":"Feature","properties":{"k":"track","lvl":"ground","lines":"","c":"#8a8a8a","svc":"yard","bau":0,"name":""},"geometry":{"type":"LineString","coordinates":[[13.249335,52.518701],[13.249232,52.518828],[13.249154,52.518932],[13.249041,52.519079],[13.248934,52.519215],[13.248821,52.519353],[13.248747,52.519451],[13.248726,52.519479],[13.248644,52.519579],[13.248584,52.519683],[13.248556,52.519793],[13.248565,52.5199],[13.248603,52.519992],[13.24866,52.520083],[13.24876,52.520178],[13.248842,52.52024],[13.249005,52.520326],[13.249271,52.520447]]}},{"type":"Feature","properties":{"k":"track","lvl":"ground","lines":"","c":"#8a8a8a","svc":"yard","bau":0,"name":""},"geometry":{"type":"LineString","coordinates":[[13.249761,52.519995],[13.249685,52.519958],[13.249345,52.519802],[13.249254,52.519755],[13.249177,52.519706],[13.249119,52.519661],[13.249067,52.519609],[13.249032,52.519557],[13.249003,52.519501],[13.248976,52.51944],[13.248962,52.519362],[13.248979,52.519225]]}},{"type":"Feature","properties":{"k":"track","lvl":"ground","lines":"","c":"#8a8a8a","svc":"yard","bau":0,"name":""},"geometry":{"type":"LineString","coordinates":[[13.249847,52.519928],[13.24978,52.519896],[13.249434,52.519736],[13.249292,52.519646],[13.249206,52.51957],[13.249163,52.519519],[13.249131,52.519472],[13.249104,52.519417],[13.249084,52.519361],[13.249071,52.519295],[13.249068,52.519227],[13.249088,52.519079]]}},{"type":"Feature","properties":{"k":"track","lvl":"ground","lines":"","c":"#8a8a8a","svc":"yard","bau":0,"name":""},"geometry":{"type":"LineString","coordinates":[[13.252607,52.51634],[13.252365,52.516406]]}},{"type":"Feature","properties":{"k":"track","lvl":"tunnel","lines":"","c":"#8a8a8a","svc":"yard","bau":0,"name":""},"geometry":{"type":"LineString","coordinates":[[13.249615,52.518851],[13.249803,52.518482]]}},{"type":"Feature","properties":{"k":"track","lvl":"ground","lines":"U5","c":"#7E5330","svc":"","bau":0,"name":""},"geometry":{"type":"LineString","coordinates":[[13.561509,52.505863],[13.56011,52.504835],[13.559795,52.504603],[13.559375,52.504294]]}},{"type":"Feature","properties":{"k":"track","lvl":"ground","lines":"","c":"#8a8a8a","svc":"yard","bau":0,"name":""},"geometry":{"type":"LineString","coordinates":[[13.448967,52.43514],[13.449056,52.434887],[13.449081,52.434786],[13.449092,52.434676],[13.449091,52.434599],[13.449078,52.434514],[13.449054,52.434429],[13.449012,52.434343],[13.448926,52.434219],[13.448816,52.434121],[13.448683,52.434014],[13.448508,52.43392],[13.448368,52.433858],[13.44821,52.433811],[13.448053,52.433781],[13.447881,52.433757],[13.447709,52.433748],[13.447536,52.43375],[13.447351,52.433762],[13.447088,52.433804],[13.446861,52.433868],[13.445604,52.434354],[13.445298,52.434448],[13.445113,52.434543],[13.444805,52.434706],[13.444336,52.434889]]}},{"type":"Feature","properties":{"k":"track","lvl":"tunnel","lines":"","c":"#8a8a8a","svc":"yard","bau":0,"name":""},"geometry":{"type":"LineString","coordinates":[[13.449478,52.435073],[13.449254,52.435419],[13.448821,52.436225]]}},{"type":"Feature","properties":{"k":"track","lvl":"ground","lines":"","c":"#8a8a8a","svc":"yard","bau":0,"name":""},"geometry":{"type":"LineString","coordinates":[[13.444215,52.434807],[13.443856,52.434902],[13.443556,52.434953],[13.443128,52.435019],[13.442742,52.435131],[13.442471,52.435195],[13.442303,52.435249],[13.441942,52.435381]]}},{"type":"Feature","properties":{"k":"track","lvl":"ground","lines":"","c":"#8a8a8a","svc":"yard","bau":0,"name":""},"geometry":{"type":"LineString","coordinates":[[13.443128,52.435019],[13.442702,52.435087],[13.442445,52.435164],[13.442274,52.435219],[13.441911,52.435352]]}},{"type":"Feature","properties":{"k":"track","lvl":"ground","lines":"","c":"#8a8a8a","svc":"yard","bau":0,"name":""},"geometry":{"type":"LineString","coordinates":[[13.443556,52.434953],[13.442871,52.435131],[13.442443,52.435292],[13.442015,52.435452]]}},{"type":"Feature","properties":{"k":"track","lvl":"ground","lines":"","c":"#8a8a8a","svc":"yard","bau":0,"name":""},"geometry":{"type":"LineString","coordinates":[[13.444866,52.434489],[13.444675,52.434571],[13.444481,52.434633],[13.444305,52.43467],[13.444142,52.434691],[13.443926,52.434706],[13.443711,52.434716],[13.442848,52.434747]]}},{"type":"Feature","properties":{"k":"track","lvl":"ground","lines":"","c":"#8a8a8a","svc":"yard","bau":0,"name":""},"geometry":{"type":"LineString","coordinates":[[13.448049,52.433341],[13.447952,52.433372],[13.447276,52.4336],[13.445749,52.434208],[13.445489,52.434311],[13.444673,52.434627],[13.444458,52.434687],[13.444304,52.434719],[13.444156,52.434744],[13.443983,52.434752],[13.443714,52.434758],[13.443103,52.434785],[13.442758,52.434793],[13.442509,52.434819],[13.442232,52.434863],[13.441998,52.43492],[13.441614,52.435066]]}},{"type":"Feature","properties":{"k":"track","lvl":"ground","lines":"","c":"#8a8a8a","svc":"yard","bau":0,"name":""},"geometry":{"type":"LineString","coordinates":[[13.443103,52.434785],[13.442706,52.434833],[13.442436,52.434886],[13.44228,52.434921],[13.442068,52.434983],[13.441679,52.435128]]}},{"type":"Feature","properties":{"k":"track","lvl":"ground","lines":"","c":"#8a8a8a","svc":"yard","bau":0,"name":""},"geometry":{"type":"LineString","coordinates":[[13.443714,52.434758],[13.443256,52.434819],[13.442818,52.43487],[13.442624,52.434894],[13.442451,52.434921],[13.442305,52.434956],[13.442104,52.435019],[13.441718,52.435166]]}},{"type":"Feature","properties":{"k":"track","lvl":"ground","lines":"","c":"#8a8a8a","svc":"yard","bau":0,"name":""},"geometry":{"type":"LineString","coordinates":[[13.442818,52.43487],[13.442625,52.434912],[13.442468,52.434949],[13.442328,52.434987],[13.442139,52.435052],[13.441749,52.435196]]}},{"type":"Feature","properties":{"k":"track","lvl":"tunnel","lines":"U7","c":"#528DBA","svc":"","bau":0,"name":"U7"},"geometry":{"type":"LineString","coordinates":[[13.449947,52.44897],[13.449956,52.447587],[13.449694,52.445365],[13.449647,52.445172],[13.449536,52.444779],[13.449405,52.444503],[13.449203,52.444153],[13.448818,52.443645],[13.448405,52.443258],[13.447704,52.442668]]}},{"type":"Feature","properties":{"k":"track","lvl":"tunnel","lines":"U5","c":"#7E5330","svc":"","bau":0,"name":""},"geometry":{"type":"LineString","coordinates":[[13.383336,52.516813],[13.382081,52.516726]]}},{"type":"Feature","properties":{"k":"track","lvl":"tunnel","lines":"","c":"#8a8a8a","svc":"siding","bau":0,"name":""},"geometry":{"type":"LineString","coordinates":[[13.306759,52.515606],[13.306849,52.514853],[13.306888,52.514581],[13.306927,52.51431],[13.306971,52.514117],[13.307089,52.513692],[13.307144,52.513402],[13.307189,52.513109],[13.307289,52.512526],[13.307304,52.512471],[13.307323,52.512422],[13.307353,52.512359],[13.307387,52.512304],[13.307414,52.51226],[13.307447,52.512222],[13.307491,52.512172],[13.307535,52.512131],[13.307649,52.512039],[13.307722,52.511991],[13.307798,52.511947],[13.307855,52.511919],[13.307911,52.511894],[13.308018,52.51185],[13.308121,52.511814],[13.30817,52.511798],[13.308284,52.511768],[13.308406,52.511743],[13.308522,52.511725],[13.308646,52.511713],[13.308843,52.511707],[13.308986,52.511712],[13.31112,52.511854],[13.31231,52.511933],[13.313694,52.512012]]}},{"type":"Feature","properties":{"k":"track","lvl":"ground","lines":"","c":"#8a8a8a","svc":"yard","bau":0,"name":"23"},"geometry":{"type":"LineString","coordinates":[[13.350939,52.553346],[13.350913,52.553489],[13.350897,52.553552],[13.350874,52.553622],[13.350816,52.553747],[13.35078,52.553798],[13.350742,52.553849],[13.350685,52.553902],[13.350619,52.553952],[13.349627,52.554536]]}},{"type":"Feature","properties":{"k":"track","lvl":"ground","lines":"","c":"#8a8a8a","svc":"yard","bau":0,"name":"21"},"geometry":{"type":"LineString","coordinates":[[13.350845,52.553563],[13.350716,52.553728],[13.350674,52.553782],[13.350622,52.553836],[13.350486,52.553932],[13.349555,52.554489]]}},{"type":"Feature","properties":{"k":"track","lvl":"ground","lines":"","c":"#8a8a8a","svc":"yard","bau":0,"name":"19"},"geometry":{"type":"LineString","coordinates":[[13.35088,52.553338],[13.350846,52.553413],[13.350801,52.553483],[13.350705,52.553612],[13.350653,52.553666],[13.350604,52.553717],[13.350483,52.553807],[13.34945,52.554418]]}},{"type":"Feature","properties":{"k":"track","lvl":"ground","lines":"","c":"#8a8a8a","svc":"yard","bau":0,"name":"11"},"geometry":{"type":"LineString","coordinates":[[13.350806,52.553154],[13.350681,52.553285],[13.350448,52.553436],[13.349612,52.553917]]}},{"type":"Feature","properties":{"k":"track","lvl":"bridge","lines":"U2","c":"#DA421E","svc":"","bau":0,"name":""},"geometry":{"type":"LineString","coordinates":[[13.412311,52.542783],[13.412316,52.54302],[13.412372,52.543668],[13.412415,52.543889],[13.412792,52.5453],[13.413292,52.547172],[13.413402,52.547566],[13.413467,52.547845],[13.413514,52.548145],[13.413553,52.548279],[13.413629,52.548556]]}},{"type":"Feature","properties":{"k":"track","lvl":"tunnel","lines":"U1","c":"#7DAD4C","svc":"","bau":0,"name":"U1"},"geometry":{"type":"LineString","coordinates":[[13.341531,52.502085],[13.342007,52.501856]]}},{"type":"Feature","properties":{"k":"track","lvl":"tunnel","lines":"U1 U3","c":"#7DAD4C","svc":"","bau":0,"name":"U1"},"geometry":{"type":"LineString","coordinates":[[13.34466,52.501412],[13.348236,52.500649],[13.351022,52.500013],[13.352602,52.499669],[13.352716,52.499653],[13.35283,52.499645],[13.352916,52.499644],[13.35303,52.49965],[13.353643,52.49972],[13.353896,52.49976],[13.354204,52.499821],[13.354364,52.499861],[13.355099,52.500086],[13.355289,52.500145]]}},{"type":"Feature","properties":{"k":"track","lvl":"ground","lines":"U1","c":"#7DAD4C","svc":"","bau":0,"name":"U1"},"geometry":{"type":"LineString","coordinates":[[13.449079,52.505228],[13.449056,52.505197],[13.449038,52.505173]]}},{"type":"Feature","properties":{"k":"track","lvl":"tunnel","lines":"U2","c":"#DA421E","svc":"","bau":0,"name":"U2"},"geometry":{"type":"LineString","coordinates":[[13.377406,52.508681],[13.377355,52.508626],[13.377221,52.508451],[13.377122,52.50828],[13.377032,52.508079],[13.376864,52.507783],[13.376454,52.507074],[13.376365,52.506887],[13.376255,52.50656],[13.376197,52.506339],[13.376134,52.506115],[13.376002,52.505858],[13.375856,52.505606]]}},{"type":"Feature","properties":{"k":"track","lvl":"bridge","lines":"U2","c":"#DA421E","svc":"","bau":0,"name":"U2"},"geometry":{"type":"LineString","coordinates":[[13.368524,52.496947],[13.371909,52.496997],[13.372162,52.497006],[13.372417,52.497032],[13.372629,52.497073],[13.372844,52.497139],[13.373063,52.497229],[13.373193,52.497306],[13.373321,52.497399],[13.37344,52.497502],[13.373547,52.497639],[13.373662,52.49786],[13.37391,52.498387],[13.374004,52.498651],[13.37419,52.499176],[13.374222,52.499266],[13.374284,52.499434],[13.374304,52.49953],[13.374314,52.499631],[13.374312,52.499753],[13.374308,52.499804],[13.3743,52.499907],[13.374282,52.500016],[13.374251,52.500122],[13.37421,52.500228],[13.374127,52.500448],[13.374099,52.500631],[13.374098,52.500777],[13.374108,52.500912],[13.374169,52.501178],[13.374318,52.501819],[13.374484,52.502417],[13.374747,52.503327],[13.374816,52.503549],[13.374838,52.503609]]}},{"type":"Feature","properties":{"k":"track","lvl":"bridge","lines":"U2","c":"#DA421E","svc":"","bau":0,"name":""},"geometry":{"type":"LineString","coordinates":[[13.368526,52.496976],[13.367871,52.49697],[13.367657,52.496983],[13.367471,52.497006],[13.367418,52.497015],[13.366469,52.49719],[13.366312,52.497213],[13.366215,52.497221],[13.366108,52.497226],[13.365949,52.497225],[13.365501,52.497215],[13.365308,52.497223],[13.365184,52.497235],[13.364843,52.497292],[13.364439,52.49737]]}},{"type":"Feature","properties":{"k":"track","lvl":"tunnel","lines":"","c":"#8a8a8a","svc":"crossover","bau":0,"name":"Klostertunnel"},"geometry":{"type":"LineString","coordinates":[[13.412201,52.519439],[13.412328,52.519337],[13.412419,52.519255],[13.412467,52.519182],[13.412501,52.519099],[13.41251,52.519031],[13.412511,52.518966],[13.412489,52.518862],[13.412433,52.518766],[13.412344,52.518661],[13.412212,52.518551],[13.412084,52.518431],[13.412027,52.518357],[13.411999,52.518277],[13.411991,52.518198],[13.412016,52.518112],[13.412081,52.518006]]}},{"type":"Feature","properties":{"k":"track","lvl":"bridge","lines":"U5","c":"#7E5330","svc":"","bau":0,"name":""},"geometry":{"type":"LineString","coordinates":[[13.563899,52.507549],[13.564448,52.507949]]}},{"type":"Feature","properties":{"k":"track","lvl":"ground","lines":"U5","c":"#7E5330","svc":"","bau":0,"name":""},"geometry":{"type":"LineString","coordinates":[[13.563848,52.507569],[13.562907,52.506879],[13.561992,52.506211]]}},{"type":"Feature","properties":{"k":"track","lvl":"bridge","lines":"U5","c":"#7E5330","svc":"","bau":0,"name":""},"geometry":{"type":"LineString","coordinates":[[13.561992,52.506211],[13.561509,52.505863]]}},{"type":"Feature","properties":{"k":"track","lvl":"ground","lines":"U5","c":"#7E5330","svc":"","bau":0,"name":""},"geometry":{"type":"LineString","coordinates":[[13.564448,52.507949],[13.564946,52.508319],[13.567386,52.510104],[13.567789,52.51037],[13.568221,52.510624]]}},{"type":"Feature","properties":{"k":"track","lvl":"tunnel","lines":"U3","c":"#16683D","svc":"","bau":0,"name":"U3"},"geometry":{"type":"LineString","coordinates":[[13.278734,52.44999],[13.279041,52.450049],[13.27938,52.450131]]}},{"type":"Feature","properties":{"k":"track","lvl":"tunnel","lines":"U3","c":"#16683D","svc":"","bau":0,"name":"U3"},"geometry":{"type":"LineString","coordinates":[[13.27938,52.450131],[13.279584,52.450186],[13.279737,52.450227],[13.280014,52.45031],[13.280414,52.450443],[13.280817,52.450601]]}},{"type":"Feature","properties":{"k":"track","lvl":"bridge","lines":"","c":"#8a8a8a","svc":"yard","bau":0,"name":""},"geometry":{"type":"LineString","coordinates":[[13.449556,52.505358],[13.449507,52.505295],[13.449333,52.505068],[13.449243,52.504955],[13.449146,52.504844],[13.448984,52.504667],[13.448886,52.504569],[13.448814,52.504492],[13.448779,52.504443],[13.448703,52.504329]]}},{"type":"Feature","properties":{"k":"track","lvl":"tunnel","lines":"U5","c":"#7E5330","svc":"","bau":0,"name":""},"geometry":{"type":"LineString","coordinates":[[13.414089,52.521643],[13.414283,52.521763],[13.414761,52.521972]]}},{"type":"Feature","properties":{"k":"track","lvl":"bridge","lines":"U1 U3","c":"#7DAD4C","svc":"","bau":0,"name":"U1"},"geometry":{"type":"LineString","coordinates":[[13.392093,52.497825],[13.391269,52.497767],[13.391107,52.497765],[13.390733,52.497773],[13.390422,52.497787],[13.38997,52.497837],[13.389542,52.497903],[13.389202,52.497961],[13.38864,52.498067],[13.386664,52.498544],[13.38558,52.498815],[13.385289,52.498883],[13.38502,52.498937],[13.38476,52.498984],[13.384496,52.499026],[13.384283,52.499052],[13.384069,52.499078],[13.383832,52.4991],[13.383644,52.499113],[13.383534,52.499122],[13.383377,52.499133],[13.383128,52.499139],[13.382879,52.499136],[13.382639,52.499127],[13.382549,52.49912],[13.382315,52.499102],[13.382156,52.499087],[13.38197,52.499064],[13.38187,52.499053],[13.381755,52.499044],[13.381616,52.499035],[13.381469,52.49903],[13.381364,52.499031],[13.381225,52.499035],[13.381154,52.499039],[13.381084,52.499044],[13.381017,52.499051],[13.380951,52.499058],[13.380815,52.499078],[13.380601,52.499116],[13.380134,52.499207],[13.379842,52.499262],[13.379698,52.499288],[13.379563,52.499309],[13.379383,52.499334],[13.37846,52.499426],[13.378313,52.499433],[13.378222,52.499434],[13.378093,52.499432],[13.377975,52.499423],[13.377822,52.49941],[13.377616,52.499385],[13.377454,52.49937],[13.377285,52.499363],[13.377097,52.499363],[13.376914,52.499373],[13.376546,52.499404],[13.376311,52.499429],[13.37611,52.499455],[13.375947,52.49948],[13.375627,52.499517],[13.375434,52.499532],[13.375178,52.499544],[13.374942,52.49955],[13.374556,52.499559]]}},{"type":"Feature","properties":{"k":"track","lvl":"tunnel","lines":"U3","c":"#16683D","svc":"","bau":0,"name":"U3"},"geometry":{"type":"LineString","coordinates":[[13.279354,52.450161],[13.279057,52.450085],[13.278722,52.450021]]}},{"type":"Feature","properties":{"k":"track","lvl":"tunnel","lines":"U3","c":"#16683D","svc":"","bau":0,"name":"U3"},"geometry":{"type":"LineString","coordinates":[[13.280727,52.450665],[13.280349,52.450502],[13.280222,52.45045],[13.279975,52.450354],[13.279706,52.450265],[13.279354,52.450161]]}},{"type":"Feature","properties":{"k":"track","lvl":"ground","lines":"U1 U3","c":"#7DAD4C","svc":"","bau":0,"name":"U1"},"geometry":{"type":"LineString","coordinates":[[13.367633,52.499809],[13.368181,52.499741],[13.368354,52.499721],[13.368615,52.499694],[13.368934,52.499665],[13.369257,52.499642],[13.369608,52.499623],[13.369983,52.499596]]}},{"type":"Feature","properties":{"k":"track","lvl":"ground","lines":"U1 U3","c":"#7DAD4C","svc":"","bau":0,"name":"U1"},"geometry":{"type":"LineString","coordinates":[[13.370036,52.499637],[13.36975,52.499645],[13.369514,52.499657],[13.369191,52.499676],[13.368928,52.499695],[13.368634,52.49972],[13.368315,52.499754],[13.367626,52.499839],[13.366637,52.499959],[13.366236,52.50001],[13.366004,52.500032],[13.365782,52.500042]]}},{"type":"Feature","properties":{"k":"track","lvl":"ground","lines":"U1 U3","c":"#7DAD4C","svc":"","bau":0,"name":"U1"},"geometry":{"type":"LineString","coordinates":[[13.365759,52.500018],[13.365982,52.50001],[13.366231,52.49999],[13.36648,52.499958],[13.366871,52.499912],[13.367633,52.499809]]}},{"type":"Feature","properties":{"k":"track","lvl":"bridge","lines":"U1 U3","c":"#7DAD4C","svc":"","bau":0,"name":"U1"},"geometry":{"type":"LineString","coordinates":[[13.374178,52.49942],[13.374409,52.499419],[13.374603,52.499429],[13.375081,52.499451],[13.375233,52.499457],[13.375401,52.499457],[13.375562,52.499454],[13.375753,52.49944],[13.376188,52.499399],[13.376889,52.499339],[13.377107,52.499327],[13.377279,52.499328],[13.377416,52.499333],[13.377553,52.499345],[13.377833,52.499376],[13.377987,52.499393],[13.378102,52.499399],[13.37821,52.499403],[13.378355,52.499402],[13.378455,52.499395],[13.379407,52.499302],[13.379556,52.499282],[13.379674,52.499264],[13.379834,52.499235],[13.380119,52.49918],[13.380591,52.49909],[13.3808,52.499053],[13.380936,52.499032],[13.381006,52.499023],[13.381078,52.499017],[13.381148,52.499011],[13.381219,52.499007],[13.381364,52.499002],[13.381472,52.499002],[13.381624,52.499007],[13.381761,52.499016],[13.38187,52.499024],[13.381927,52.49903],[13.382151,52.499052],[13.382303,52.499068],[13.382452,52.499077],[13.382614,52.499087],[13.383003,52.499099],[13.383396,52.4991],[13.383458,52.499097],[13.383494,52.499096],[13.383529,52.499095],[13.38372,52.499082],[13.384071,52.49905],[13.384231,52.499029],[13.384478,52.498998],[13.384751,52.498956],[13.384999,52.498908],[13.385265,52.498857],[13.385566,52.49879],[13.386002,52.498684],[13.387121,52.498408],[13.388636,52.498042],[13.389238,52.497918],[13.389526,52.497873],[13.38996,52.497804],[13.390412,52.497756],[13.390733,52.497741],[13.391106,52.497734],[13.391194,52.497736],[13.39128,52.497738],[13.392088,52.497781]]}},{"type":"Feature","properties":{"k":"track","lvl":"bridge","lines":"U1 U3","c":"#7DAD4C","svc":"","bau":0,"name":"U1"},"geometry":{"type":"LineString","coordinates":[[13.370486,52.49963],[13.370036,52.499637]]}},{"type":"Feature","properties":{"k":"track","lvl":"tunnel","lines":"U5","c":"#7E5330","svc":"","bau":0,"name":""},"geometry":{"type":"LineString","coordinates":[[13.571308,52.512294],[13.57157,52.51237],[13.571929,52.512459],[13.572253,52.512518]]}},{"type":"Feature","properties":{"k":"track","lvl":"ground","lines":"U5","c":"#7E5330","svc":"","bau":0,"name":""},"geometry":{"type":"LineString","coordinates":[[13.572253,52.512518],[13.57242,52.512547],[13.572712,52.512578],[13.572893,52.512593],[13.573135,52.512607],[13.573362,52.512614],[13.573957,52.512614]]}},{"type":"Feature","properties":{"k":"track","lvl":"ground","lines":"U5","c":"#7E5330","svc":"","bau":0,"name":""},"geometry":{"type":"LineString","coordinates":[[13.634499,52.538192],[13.634332,52.538229],[13.63281,52.538559]]}},{"type":"Feature","properties":{"k":"track","lvl":"tunnel","lines":"U5","c":"#7E5330","svc":"","bau":0,"name":""},"geometry":{"type":"LineString","coordinates":[[13.572233,52.512557],[13.571908,52.512496],[13.571544,52.512407],[13.571277,52.512331]]}},{"type":"Feature","properties":{"k":"track","lvl":"ground","lines":"U5","c":"#7E5330","svc":"","bau":0,"name":""},"geometry":{"type":"LineString","coordinates":[[13.571277,52.512331],[13.570904,52.512198],[13.570585,52.512054],[13.570346,52.511934],[13.570097,52.511796],[13.569671,52.511543],[13.569197,52.511263],[13.568236,52.510685]]}},{"type":"Feature","properties":{"k":"track","lvl":"ground","lines":"","c":"#8a8a8a","svc":"yard","bau":0,"name":""},"geometry":{"type":"LineString","coordinates":[[13.516981,52.50167],[13.516888,52.501892],[13.516647,52.502443]]}},{"type":"Feature","properties":{"k":"track","lvl":"tunnel","lines":"","c":"#8a8a8a","svc":"yard","bau":0,"name":""},"geometry":{"type":"LineString","coordinates":[[13.516248,52.499928],[13.516488,52.500983]]}},{"type":"Feature","properties":{"k":"track","lvl":"tunnel","lines":"","c":"#8a8a8a","svc":"yard","bau":0,"name":""},"geometry":{"type":"LineString","coordinates":[[13.516414,52.499916],[13.516617,52.500973]]}},{"type":"Feature","properties":{"k":"track","lvl":"tunnel","lines":"","c":"#8a8a8a","svc":"yard","bau":0,"name":""},"geometry":{"type":"LineString","coordinates":[[13.516608,52.499903],[13.516814,52.500958]]}},{"type":"Feature","properties":{"k":"track","lvl":"tunnel","lines":"","c":"#8a8a8a","svc":"yard","bau":0,"name":""},"geometry":{"type":"LineString","coordinates":[[13.516666,52.499899],[13.516869,52.500954]]}},{"type":"Feature","properties":{"k":"track","lvl":"tunnel","lines":"","c":"#8a8a8a","svc":"yard","bau":0,"name":""},"geometry":{"type":"LineString","coordinates":[[13.516795,52.49989],[13.516997,52.500944]]}},{"type":"Feature","properties":{"k":"track","lvl":"tunnel","lines":"","c":"#8a8a8a","svc":"yard","bau":0,"name":""},"geometry":{"type":"LineString","coordinates":[[13.516855,52.499885],[13.517063,52.500939]]}},{"type":"Feature","properties":{"k":"track","lvl":"tunnel","lines":"U5","c":"#7E5330","svc":"","bau":0,"name":""},"geometry":{"type":"LineString","coordinates":[[13.577732,52.512614],[13.578038,52.512649],[13.578571,52.512712],[13.579045,52.51283],[13.579571,52.513011],[13.580099,52.513243],[13.580598,52.513493],[13.581856,52.514113],[13.587051,52.516629],[13.587678,52.517033],[13.587928,52.517241],[13.588309,52.517606],[13.588594,52.517992],[13.588908,52.51858],[13.589082,52.519335]]}},{"type":"Feature","properties":{"k":"track","lvl":"cut","lines":"U5","c":"#7E5330","svc":"","bau":0,"name":""},"geometry":{"type":"LineString","coordinates":[[13.589082,52.519335],[13.589132,52.519838],[13.589128,52.520102],[13.589107,52.520362],[13.589035,52.521122],[13.588957,52.521808],[13.588872,52.522526],[13.58884,52.522876],[13.588832,52.523208],[13.588859,52.523544],[13.588895,52.524011],[13.58893,52.524383],[13.588997,52.524746],[13.589082,52.525073],[13.589261,52.525591],[13.589413,52.526033],[13.589624,52.526551],[13.589739,52.526793],[13.589865,52.527033],[13.590051,52.527377],[13.590265,52.527781],[13.59069,52.52857],[13.591307,52.529719],[13.591502,52.530106],[13.591715,52.530615],[13.591842,52.530921],[13.591992,52.531223],[13.592172,52.531518],[13.592316,52.531718],[13.592486,52.531911],[13.5927,52.532123],[13.592882,52.532285],[13.593085,52.53244]]}},{"type":"Feature","properties":{"k":"track","lvl":"ground","lines":"U5","c":"#7E5330","svc":"","bau":0,"name":""},"geometry":{"type":"LineString","coordinates":[[13.573572,52.512651],[13.573307,52.512649],[13.573133,52.512646],[13.572888,52.512635],[13.5727,52.51262],[13.572404,52.512585],[13.572233,52.512557]]}},{"type":"Feature","properties":{"k":"track","lvl":"ground","lines":"U5","c":"#7E5330","svc":"","bau":0,"name":""},"geometry":{"type":"LineString","coordinates":[[13.57659,52.512572],[13.576948,52.512571],[13.577103,52.512572],[13.577313,52.512578],[13.57752,52.512585],[13.577732,52.512614]]}},{"type":"Feature","properties":{"k":"track","lvl":"ground","lines":"","c":"#8a8a8a","svc":"yard","bau":0,"name":""},"geometry":{"type":"LineString","coordinates":[[13.444866,52.434489],[13.444657,52.434552],[13.444454,52.434593],[13.444257,52.434616],[13.443959,52.434633],[13.443644,52.434657],[13.442346,52.434747],[13.442116,52.434782],[13.441924,52.434837],[13.441649,52.434911]]}},{"type":"Feature","properties":{"k":"track","lvl":"ground","lines":"","c":"#8a8a8a","svc":"yard","bau":0,"name":""},"geometry":{"type":"LineString","coordinates":[[13.443959,52.434633],[13.443719,52.434625],[13.44312,52.43461],[13.442226,52.434565],[13.441935,52.434553],[13.441705,52.434556],[13.441484,52.434582],[13.441277,52.434627],[13.441071,52.434697],[13.440635,52.434869],[13.440534,52.434909]]}},{"type":"Feature","properties":{"k":"track","lvl":"ground","lines":"","c":"#8a8a8a","svc":"yard","bau":0,"name":""},"geometry":{"type":"LineString","coordinates":[[13.443719,52.434625],[13.443423,52.434596],[13.443245,52.434577],[13.442916,52.434556],[13.442235,52.434518],[13.441946,52.434503],[13.441711,52.434507],[13.441474,52.43453],[13.441254,52.434577],[13.441031,52.434656],[13.440591,52.434829],[13.440484,52.434871]]}},{"type":"Feature","properties":{"k":"track","lvl":"ground","lines":"","c":"#8a8a8a","svc":"yard","bau":0,"name":""},"geometry":{"type":"LineString","coordinates":[[13.442758,52.434793],[13.442507,52.434804],[13.442346,52.434813],[13.442217,52.434832],[13.441979,52.434886],[13.441581,52.435034]]}},{"type":"Feature","properties":{"k":"track","lvl":"ground","lines":"","c":"#8a8a8a","svc":"yard","bau":0,"name":""},"geometry":{"type":"LineString","coordinates":[[13.442706,52.434833],[13.442429,52.434867],[13.442254,52.434896],[13.442038,52.434951],[13.441645,52.435096]]}},{"type":"Feature","properties":{"k":"track","lvl":"ground","lines":"","c":"#8a8a8a","svc":"yard","bau":0,"name":""},"geometry":{"type":"LineString","coordinates":[[13.443256,52.434819],[13.442871,52.4349],[13.442623,52.434955],[13.442493,52.434983],[13.442358,52.43502],[13.44217,52.435084],[13.441783,52.435229]]}},{"type":"Feature","properties":{"k":"track","lvl":"ground","lines":"","c":"#8a8a8a","svc":"yard","bau":0,"name":""},"geometry":{"type":"LineString","coordinates":[[13.442871,52.4349],[13.442637,52.434974],[13.442516,52.435011],[13.441825,52.435269]]}},{"type":"Feature","properties":{"k":"track","lvl":"ground","lines":"","c":"#8a8a8a","svc":"yard","bau":0,"name":""},"geometry":{"type":"LineString","coordinates":[[13.442742,52.435131],[13.442504,52.435222],[13.442339,52.435284],[13.441976,52.435414]]}},{"type":"Feature","properties":{"k":"track","lvl":"ground","lines":"","c":"#8a8a8a","svc":"yard","bau":0,"name":""},"geometry":{"type":"LineString","coordinates":[[13.442702,52.435087],[13.442433,52.435132],[13.44225,52.435185],[13.441882,52.435323]]}},{"type":"Feature","properties":{"k":"track","lvl":"ground","lines":"","c":"#8a8a8a","svc":"yard","bau":0,"name":""},"geometry":{"type":"LineString","coordinates":[[13.444866,52.434489],[13.44572,52.434148],[13.446024,52.434008],[13.446358,52.433827],[13.44644,52.433783]]}},{"type":"Feature","properties":{"k":"track","lvl":"ground","lines":"","c":"#8a8a8a","svc":"yard","bau":0,"name":""},"geometry":{"type":"LineString","coordinates":[[13.444866,52.434489],[13.445489,52.434311]]}},{"type":"Feature","properties":{"k":"track","lvl":"ground","lines":"","c":"#8a8a8a","svc":"yard","bau":0,"name":""},"geometry":{"type":"LineString","coordinates":[[13.445749,52.434208],[13.446156,52.433984],[13.446464,52.433813],[13.44672,52.433707],[13.447152,52.433537],[13.447402,52.433456],[13.447883,52.433308],[13.44798,52.433278]]}},{"type":"Feature","properties":{"k":"track","lvl":"ground","lines":"","c":"#8a8a8a","svc":"yard","bau":0,"name":""},"geometry":{"type":"LineString","coordinates":[[13.446156,52.433984],[13.446491,52.433841],[13.446746,52.433738],[13.44719,52.433567],[13.447433,52.433489],[13.447916,52.433339],[13.448013,52.433309]]}},{"type":"Feature","properties":{"k":"track","lvl":"ground","lines":"","c":"#8a8a8a","svc":"yard","bau":0,"name":""},"geometry":{"type":"LineString","coordinates":[[13.444805,52.434706],[13.445074,52.434605],[13.445514,52.434454],[13.446055,52.434284],[13.44731,52.433884],[13.447418,52.43385]]}},{"type":"Feature","properties":{"k":"platform","name":"Friedrichstraße"},"geometry":{"type":"Polygon","coordinates":[[[13.388248,52.520695],[13.388303,52.520436],[13.388368,52.519958],[13.388385,52.519836],[13.388398,52.519698],[13.388326,52.519695],[13.388299,52.519832],[13.388277,52.519953],[13.388142,52.520689],[13.388219,52.520693],[13.388248,52.520695]]]}},{"type":"Feature","properties":{"k":"track","lvl":"ground","lines":"U5","c":"#7E5330","svc":"","bau":0,"name":""},"geometry":{"type":"LineString","coordinates":[[13.562114,52.506151],[13.562977,52.506847],[13.563899,52.507549]]}},{"type":"Feature","properties":{"k":"track","lvl":"bridge","lines":"U5","c":"#7E5330","svc":"","bau":0,"name":""},"geometry":{"type":"LineString","coordinates":[[13.561523,52.505691],[13.562114,52.506151]]}},{"type":"Feature","properties":{"k":"track","lvl":"ground","lines":"U5","c":"#7E5330","svc":"","bau":0,"name":""},"geometry":{"type":"LineString","coordinates":[[13.549357,52.500309],[13.549596,52.50038],[13.54993,52.500477],[13.550194,52.50055],[13.551461,52.500894],[13.55172,52.500966],[13.551959,52.501035],[13.552272,52.501127],[13.552585,52.501222],[13.552996,52.501352],[13.553246,52.501434],[13.553462,52.501506],[13.553889,52.501653],[13.554468,52.501857],[13.554935,52.502035],[13.555397,52.502217],[13.556083,52.502498],[13.556802,52.502813],[13.557515,52.503146],[13.558026,52.503397],[13.558493,52.503639],[13.558955,52.503889]]}},{"type":"Feature","properties":{"k":"track","lvl":"ground","lines":"","c":"#8a8a8a","svc":"siding","bau":0,"name":""},"geometry":{"type":"LineString","coordinates":[[13.544733,52.499223],[13.544902,52.499265],[13.545209,52.499342],[13.546424,52.49964],[13.547602,52.499931]]}},{"type":"Feature","properties":{"k":"platform","name":"Biesdorf-Süd"},"geometry":{"type":"Polygon","coordinates":[[[13.545846,52.499365],[13.545782,52.499461],[13.547076,52.499783],[13.547341,52.499848],[13.547405,52.499752],[13.54714,52.499686],[13.545846,52.499365]]]}},{"type":"Feature","properties":{"k":"platform","name":"Biesdorf-Süd"},"geometry":{"type":"Polygon","coordinates":[[[13.545759,52.49953],[13.547035,52.499847],[13.547524,52.499968],[13.547868,52.500054],[13.547856,52.500072],[13.547829,52.500112],[13.547488,52.500027],[13.546994,52.499904],[13.54572,52.499588],[13.545759,52.49953]]]}},{"type":"Feature","properties":{"k":"track","lvl":"ground","lines":"U5","c":"#7E5330","svc":"","bau":0,"name":""},"geometry":{"type":"LineString","coordinates":[[13.568236,52.510685],[13.567775,52.510409],[13.567641,52.51032],[13.567345,52.510125],[13.564915,52.508336],[13.5644,52.507966]]}},{"type":"Feature","properties":{"k":"track","lvl":"bridge","lines":"U5","c":"#7E5330","svc":"","bau":0,"name":""},"geometry":{"type":"LineString","coordinates":[[13.5644,52.507966],[13.563848,52.507569]]}},{"type":"Feature","properties":{"k":"track","lvl":"ground","lines":"","c":"#8a8a8a","svc":"yard","bau":0,"name":""},"geometry":{"type":"LineString","coordinates":[[13.56903,52.511107],[13.56919,52.511182],[13.569293,52.511226],[13.569436,52.511281],[13.569742,52.51139]]}},{"type":"Feature","properties":{"k":"track","lvl":"ground","lines":"","c":"#8a8a8a","svc":"crossover","bau":0,"name":""},"geometry":{"type":"LineString","coordinates":[[13.568655,52.51089],[13.568236,52.510685]]}},{"type":"Feature","properties":{"k":"track","lvl":"ground","lines":"","c":"#8a8a8a","svc":"yard","bau":0,"name":""},"geometry":{"type":"LineString","coordinates":[[13.588769,52.522055],[13.588768,52.522272],[13.588747,52.522476],[13.588711,52.522869],[13.588739,52.523493],[13.58877,52.52384],[13.588772,52.523919]]}},{"type":"Feature","properties":{"k":"track","lvl":"ground","lines":"","c":"#8a8a8a","svc":"yard","bau":0,"name":""},"geometry":{"type":"LineString","coordinates":[[13.588885,52.522055],[13.588833,52.522272],[13.588807,52.522477],[13.588774,52.522866],[13.588801,52.523488],[13.588826,52.523839],[13.588826,52.523913]]}},{"type":"Feature","properties":{"k":"track","lvl":"ground","lines":"","c":"#8a8a8a","svc":"yard","bau":0,"name":""},"geometry":{"type":"LineString","coordinates":[[13.588755,52.521809],[13.588769,52.522055],[13.588798,52.522307],[13.588807,52.522477],[13.58884,52.522876]]}},{"type":"Feature","properties":{"k":"track","lvl":"tunnel","lines":"U5","c":"#7E5330","svc":"","bau":0,"name":""},"geometry":{"type":"LineString","coordinates":[[13.588987,52.519342],[13.588808,52.518601],[13.58851,52.518018],[13.588224,52.517642],[13.587866,52.517299],[13.587599,52.517076],[13.586989,52.516671],[13.586662,52.516485],[13.581796,52.514158],[13.580541,52.51353],[13.580027,52.513283],[13.57951,52.513055],[13.579014,52.512873],[13.578542,52.512752],[13.578006,52.512682],[13.577722,52.512652]]}},{"type":"Feature","properties":{"k":"track","lvl":"ground","lines":"U5","c":"#7E5330","svc":"","bau":0,"name":""},"geometry":{"type":"LineString","coordinates":[[13.577722,52.512652],[13.577353,52.512616],[13.576996,52.512608],[13.576595,52.512614]]}},{"type":"Feature","properties":{"k":"track","lvl":"ground","lines":"","c":"#8a8a8a","svc":"yard","bau":0,"name":""},"geometry":{"type":"LineString","coordinates":[[13.570396,52.511653],[13.570722,52.511761],[13.570826,52.511791],[13.571175,52.511894],[13.571226,52.511908],[13.571487,52.511974],[13.571784,52.512039],[13.572065,52.5121]]}},{"type":"Feature","properties":{"k":"track","lvl":"ground","lines":"","c":"#8a8a8a","svc":"crossover","bau":0,"name":""},"geometry":{"type":"LineString","coordinates":[[13.543459,52.498897],[13.543656,52.498942],[13.543778,52.498972],[13.5439,52.499005],[13.544171,52.499077],[13.544362,52.499127],[13.544733,52.499223]]}},{"type":"Feature","properties":{"k":"track","lvl":"ground","lines":"","c":"#8a8a8a","svc":"yard","bau":0,"name":""},"geometry":{"type":"LineString","coordinates":[[13.549281,52.500383],[13.551668,52.501028],[13.551778,52.501058]]}},{"type":"Feature","properties":{"k":"track","lvl":"ground","lines":"","c":"#8a8a8a","svc":"crossover","bau":0,"name":""},"geometry":{"type":"LineString","coordinates":[[13.547602,52.499931],[13.547792,52.499977],[13.547982,52.500016],[13.548716,52.50015],[13.548859,52.500179],[13.548991,52.500209],[13.549167,52.500254],[13.549357,52.500309]]}},{"type":"Feature","properties":{"k":"track","lvl":"ground","lines":"","c":"#8a8a8a","svc":"yard","bau":0,"name":""},"geometry":{"type":"LineString","coordinates":[[13.251888,52.517466],[13.252004,52.517151],[13.252168,52.516707],[13.252229,52.516581],[13.252325,52.516489],[13.252422,52.516427],[13.252607,52.51634]]}},{"type":"Feature","properties":{"k":"track","lvl":"ground","lines":"","c":"#8a8a8a","svc":"yard","bau":0,"name":""},"geometry":{"type":"LineString","coordinates":[[13.252163,52.517491],[13.252249,52.517279],[13.252518,52.516608],[13.252539,52.516554],[13.252593,52.516452],[13.252679,52.516374],[13.252785,52.516301],[13.252948,52.516241]]}},{"type":"Feature","properties":{"k":"track","lvl":"ground","lines":"","c":"#8a8a8a","svc":"yard","bau":0,"name":""},"geometry":{"type":"LineString","coordinates":[[13.251561,52.517398],[13.251661,52.517108],[13.25177,52.516794],[13.251863,52.516676],[13.251951,52.516606]]}},{"type":"Feature","properties":{"k":"track","lvl":"ground","lines":"","c":"#8a8a8a","svc":"yard","bau":0,"name":""},"geometry":{"type":"LineString","coordinates":[[13.251796,52.516948],[13.251835,52.516826],[13.251896,52.516718],[13.251979,52.516635],[13.252063,52.516565],[13.252193,52.516479]]}},{"type":"Feature","properties":{"k":"track","lvl":"ground","lines":"","c":"#8a8a8a","svc":"yard","bau":0,"name":""},"geometry":{"type":"LineString","coordinates":[[13.251444,52.517388],[13.251551,52.517094],[13.25166,52.516796],[13.251748,52.516717],[13.251841,52.516661],[13.251951,52.516606]]}},{"type":"Feature","properties":{"k":"track","lvl":"tunnel","lines":"U3","c":"#16683D","svc":"","bau":0,"name":"U3"},"geometry":{"type":"LineString","coordinates":[[13.278722,52.450021],[13.278227,52.449943],[13.277686,52.449891],[13.2772,52.44987],[13.276715,52.449872],[13.275883,52.449917],[13.275237,52.44996],[13.271037,52.450239],[13.270627,52.45026],[13.2698,52.450347],[13.269596,52.450369],[13.269074,52.450404],[13.268712,52.450427],[13.268352,52.450451],[13.26798,52.450468],[13.267333,52.450488],[13.262811,52.450781],[13.261506,52.450859],[13.260913,52.450885],[13.260135,52.450898],[13.259429,52.450888],[13.258702,52.450854],[13.257893,52.450795],[13.256797,52.450688],[13.255944,52.450565],[13.255198,52.450442]]}},{"type":"Feature","properties":{"k":"track","lvl":"ground","lines":"","c":"#8a8a8a","svc":"siding","bau":0,"name":""},"geometry":{"type":"LineString","coordinates":[[13.24889,52.518655],[13.248268,52.519445]]}},{"type":"Feature","properties":{"k":"track","lvl":"ground","lines":"","c":"#8a8a8a","svc":"siding","bau":0,"name":""},"geometry":{"type":"LineString","coordinates":[[13.248302,52.519455],[13.248942,52.518667],[13.249153,52.518384],[13.249335,52.518151],[13.249499,52.517948],[13.249669,52.517719],[13.24978,52.517577],[13.249784,52.517573],[13.249822,52.517528]]}},{"type":"Feature","properties":{"k":"track","lvl":"ground","lines":"","c":"#8a8a8a","svc":"siding","bau":0,"name":""},"geometry":{"type":"LineString","coordinates":[[13.249335,52.518151],[13.249275,52.518271],[13.249222,52.51838],[13.249104,52.51859],[13.249031,52.518693],[13.248378,52.519476]]}},{"type":"Feature","properties":{"k":"track","lvl":"ground","lines":"","c":"#8a8a8a","svc":"siding","bau":0,"name":""},"geometry":{"type":"LineString","coordinates":[[13.248343,52.519465],[13.248988,52.518679],[13.249222,52.51838],[13.249391,52.51816],[13.249582,52.517924],[13.249731,52.517731],[13.249758,52.517696],[13.249952,52.517445],[13.24997,52.517426]]}},{"type":"Feature","properties":{"k":"track","lvl":"tunnel","lines":"","c":"#8a8a8a","svc":"yard","bau":0,"name":""},"geometry":{"type":"LineString","coordinates":[[13.25003,52.518964],[13.25045,52.517731]]}},{"type":"Feature","properties":{"k":"track","lvl":"ground","lines":"","c":"#8a8a8a","svc":"yard","bau":0,"name":""},"geometry":{"type":"LineString","coordinates":[[13.251743,52.516495],[13.251435,52.516613],[13.251094,52.516771],[13.25087,52.516903],[13.250707,52.517015],[13.250534,52.51714],[13.250343,52.51733],[13.25012,52.517572],[13.249758,52.518005],[13.249486,52.518348],[13.249352,52.518518],[13.249315,52.518563],[13.248984,52.518986],[13.248639,52.519419],[13.248515,52.519573],[13.248493,52.519601],[13.248306,52.519847],[13.248063,52.520154],[13.247899,52.520358],[13.247772,52.52048],[13.2475,52.520708],[13.247306,52.52084]]}},{"type":"Feature","properties":{"k":"track","lvl":"tunnel","lines":"","c":"#8a8a8a","svc":"yard","bau":0,"name":""},"geometry":{"type":"LineString","coordinates":[[13.247306,52.52084],[13.246852,52.521104]]}},{"type":"Feature","properties":{"k":"track","lvl":"ground","lines":"","c":"#8a8a8a","svc":"siding","bau":0,"name":""},"geometry":{"type":"LineString","coordinates":[[13.249042,52.518376],[13.249499,52.517948],[13.249721,52.517732],[13.249758,52.517696]]}},{"type":"Feature","properties":{"k":"track","lvl":"ground","lines":"","c":"#8a8a8a","svc":"yard","bau":0,"name":""},"geometry":{"type":"LineString","coordinates":[[13.245742,52.522197],[13.246052,52.521907],[13.246351,52.521586],[13.246649,52.521246],[13.247133,52.520704],[13.247917,52.519732],[13.249697,52.51746],[13.249999,52.517082],[13.25013,52.516956],[13.250281,52.516841],[13.250536,52.516688],[13.25088,52.516548],[13.25136,52.516401],[13.251527,52.51635],[13.251997,52.516242],[13.25246,52.516149]]}},{"type":"Feature","properties":{"k":"track","lvl":"ground","lines":"U2","c":"#DA421E","svc":"","bau":0,"name":""},"geometry":{"type":"LineString","coordinates":[[13.241223,52.525587],[13.241656,52.525482],[13.242116,52.525383],[13.242284,52.525349],[13.242417,52.525324]]}},{"type":"Feature","properties":{"k":"track","lvl":"ground","lines":"U2","c":"#DA421E","svc":"","bau":0,"name":""},"geometry":{"type":"LineString","coordinates":[[13.244758,52.524089],[13.244869,52.523884],[13.244935,52.523676],[13.245,52.523469],[13.245092,52.523223],[13.245147,52.523101],[13.24521,52.52298],[13.245345,52.522748],[13.245524,52.522522]]}},{"type":"Feature","properties":{"k":"track","lvl":"ground","lines":"","c":"#8a8a8a","svc":"yard","bau":0,"name":""},"geometry":{"type":"LineString","coordinates":[[13.249667,52.518202],[13.249541,52.518359],[13.249418,52.518509],[13.249367,52.518575],[13.249038,52.519],[13.248692,52.519434],[13.248528,52.519641],[13.248357,52.51986],[13.248293,52.519945],[13.248256,52.520018],[13.24823,52.520085],[13.24821,52.520141],[13.248181,52.520239]]}},{"type":"Feature","properties":{"k":"track","lvl":"ground","lines":"","c":"#8a8a8a","svc":"siding","bau":0,"name":""},"geometry":{"type":"LineString","coordinates":[[13.250039,52.517591],[13.249799,52.517794],[13.249742,52.517845],[13.249611,52.517963],[13.249391,52.51816],[13.249275,52.518271],[13.249153,52.518384],[13.248993,52.518526],[13.24889,52.518655]]}},{"type":"Feature","properties":{"k":"track","lvl":"ground","lines":"","c":"#8a8a8a","svc":"yard","bau":0,"name":""},"geometry":{"type":"LineString","coordinates":[[13.249707,52.520049],[13.249637,52.52001],[13.249306,52.519853],[13.249197,52.519801],[13.249107,52.519745],[13.249041,52.51969],[13.248995,52.519636],[13.248955,52.519572],[13.248925,52.519506],[13.248912,52.519439],[13.248921,52.519366],[13.248946,52.519296],[13.248979,52.519225],[13.249041,52.519079]]}},{"type":"Feature","properties":{"k":"track","lvl":"ground","lines":"","c":"#8a8a8a","svc":"yard","bau":0,"name":""},"geometry":{"type":"LineString","coordinates":[[13.249818,52.519955],[13.249753,52.519924],[13.249409,52.519757],[13.249248,52.519668],[13.249151,52.51959],[13.249108,52.519542],[13.249069,52.51948],[13.249047,52.519435],[13.249021,52.519361],[13.249012,52.519295],[13.249025,52.519224],[13.249088,52.519079],[13.249154,52.518932]]}},{"type":"Feature","properties":{"k":"track","lvl":"ground","lines":"","c":"#8a8a8a","svc":"yard","bau":0,"name":""},"geometry":{"type":"LineString","coordinates":[[13.248934,52.519215],[13.248867,52.51936],[13.248848,52.519441],[13.248848,52.519519],[13.248865,52.519585],[13.248904,52.519655],[13.248957,52.519725],[13.24902,52.519782],[13.249134,52.51986],[13.249614,52.52008]]}},{"type":"Feature","properties":{"k":"track","lvl":"ground","lines":"","c":"#8a8a8a","svc":"yard","bau":0,"name":""},"geometry":{"type":"LineString","coordinates":[[13.246852,52.521104],[13.246726,52.521191],[13.246649,52.521246]]}},{"type":"Feature","properties":{"k":"track","lvl":"ground","lines":"","c":"#8a8a8a","svc":"yard","bau":0,"name":""},"geometry":{"type":"LineString","coordinates":[[13.248293,52.519945],[13.248169,52.520104],[13.248041,52.52026],[13.247927,52.520395],[13.247817,52.520505],[13.247669,52.520633],[13.247291,52.520941],[13.246967,52.52124],[13.246918,52.521292]]}},{"type":"Feature","properties":{"k":"track","lvl":"bridge","lines":"U2","c":"#DA421E","svc":"","bau":0,"name":""},"geometry":{"type":"LineString","coordinates":[[13.244556,52.524355],[13.244592,52.524318],[13.244678,52.52421],[13.244758,52.524089]]}},{"type":"Feature","properties":{"k":"track","lvl":"ground","lines":"","c":"#8a8a8a","svc":"yard","bau":0,"name":""},"geometry":{"type":"LineString","coordinates":[[13.251526,52.51673],[13.251462,52.51679],[13.251395,52.516854],[13.251349,52.516945],[13.251161,52.517452],[13.25111,52.517591]]}},{"type":"Feature","properties":{"k":"track","lvl":"ground","lines":"","c":"#8a8a8a","svc":"yard","bau":0,"name":""},"geometry":{"type":"LineString","coordinates":[[13.250598,52.517531],[13.250641,52.517468],[13.250704,52.517377],[13.250817,52.517257],[13.251301,52.516873],[13.251526,52.51673]]}},{"type":"Feature","properties":{"k":"track","lvl":"ground","lines":"","c":"#8a8a8a","svc":"yard","bau":0,"name":""},"geometry":{"type":"LineString","coordinates":[[13.251454,52.516632],[13.251358,52.516687],[13.251125,52.516802],[13.250909,52.516926],[13.250744,52.517033],[13.250571,52.517162],[13.250375,52.517345],[13.250164,52.517579],[13.249667,52.518202]]}},{"type":"Feature","properties":{"k":"track","lvl":"ground","lines":"","c":"#8a8a8a","svc":"siding","bau":0,"name":""},"geometry":{"type":"LineString","coordinates":[[13.252471,52.516258],[13.25184,52.516382]]}},{"type":"Feature","properties":{"k":"track","lvl":"ground","lines":"","c":"#8a8a8a","svc":"yard","bau":0,"name":""},"geometry":{"type":"LineString","coordinates":[[13.251226,52.516866],[13.251451,52.516688]]}},{"type":"Feature","properties":{"k":"track","lvl":"ground","lines":"","c":"#8a8a8a","svc":"yard","bau":0,"name":""},"geometry":{"type":"LineString","coordinates":[[13.251526,52.51673],[13.251666,52.516651],[13.251892,52.516548]]}},{"type":"Feature","properties":{"k":"track","lvl":"ground","lines":"","c":"#8a8a8a","svc":"yard","bau":0,"name":""},"geometry":{"type":"LineString","coordinates":[[13.250146,52.517929],[13.250095,52.518045],[13.250067,52.518131],[13.25001,52.518242],[13.249854,52.518493]]}},{"type":"Feature","properties":{"k":"track","lvl":"tunnel","lines":"","c":"#8a8a8a","svc":"yard","bau":0,"name":""},"geometry":{"type":"LineString","coordinates":[[13.249544,52.518835],[13.249737,52.518468]]}},{"type":"Feature","properties":{"k":"track","lvl":"tunnel","lines":"","c":"#8a8a8a","svc":"yard","bau":0,"name":""},"geometry":{"type":"LineString","coordinates":[[13.249704,52.518872],[13.249899,52.518502]]}},{"type":"Feature","properties":{"k":"track","lvl":"ground","lines":"","c":"#8a8a8a","svc":"yard","bau":0,"name":""},"geometry":{"type":"LineString","coordinates":[[13.250285,52.517743],[13.250226,52.517901],[13.250171,52.518059]]}},{"type":"Feature","properties":{"k":"track","lvl":"ground","lines":"","c":"#8a8a8a","svc":"crossover","bau":0,"name":""},"geometry":{"type":"LineString","coordinates":[[13.24997,52.517426],[13.249882,52.517597],[13.249799,52.517794],[13.249755,52.517887],[13.249693,52.517993]]}},{"type":"Feature","properties":{"k":"track","lvl":"ground","lines":"","c":"#8a8a8a","svc":"yard","bau":0,"name":""},"geometry":{"type":"LineString","coordinates":[[13.250171,52.518059],[13.249817,52.519056]]}},{"type":"Feature","properties":{"k":"track","lvl":"ground","lines":"","c":"#8a8a8a","svc":"yard","bau":0,"name":""},"geometry":{"type":"LineString","coordinates":[[13.249814,52.51942],[13.249984,52.51947],[13.250105,52.519517],[13.250163,52.519542]]}},{"type":"Feature","properties":{"k":"track","lvl":"ground","lines":"","c":"#8a8a8a","svc":"yard","bau":0,"name":""},"geometry":{"type":"LineString","coordinates":[[13.249762,52.519442],[13.250036,52.51957],[13.250095,52.519597]]}},{"type":"Feature","properties":{"k":"track","lvl":"ground","lines":"","c":"#8a8a8a","svc":"yard","bau":0,"name":""},"geometry":{"type":"LineString","coordinates":[[13.249692,52.519548],[13.249933,52.51966],[13.249987,52.519684]]}},{"type":"Feature","properties":{"k":"track","lvl":"ground","lines":"","c":"#8a8a8a","svc":"yard","bau":0,"name":""},"geometry":{"type":"LineString","coordinates":[[13.249657,52.519576],[13.249894,52.519686],[13.249952,52.519712]]}},{"type":"Feature","properties":{"k":"platform","name":"Olympia-Stadion"},"geometry":{"type":"Polygon","coordinates":[[[13.250067,52.517155],[13.250047,52.517148],[13.250063,52.51713],[13.250152,52.517033],[13.250184,52.517005],[13.250244,52.516952],[13.25038,52.516855],[13.250499,52.516784],[13.250612,52.516722],[13.25073,52.516663],[13.250963,52.516592],[13.251039,52.516607],[13.250784,52.516725],[13.250502,52.516891],[13.250295,52.517048],[13.250186,52.51713],[13.250157,52.51716],[13.25014,52.517178],[13.250067,52.517155]]]}},{"type":"Feature","properties":{"k":"platform","name":"Olympia-Stadion"},"geometry":{"type":"Polygon","coordinates":[[[13.250255,52.517216],[13.250208,52.517201],[13.250227,52.517178],[13.250252,52.517147],[13.250356,52.517069],[13.25055,52.516923],[13.250819,52.516763],[13.251102,52.51663],[13.251185,52.51666],[13.251003,52.516752],[13.250768,52.516882],[13.250517,52.517066],[13.250454,52.517115],[13.250329,52.517211],[13.250302,52.517231],[13.250255,52.517216]]]}},{"type":"Feature","properties":{"k":"track","lvl":"ground","lines":"","c":"#8a8a8a","svc":"yard","bau":0,"name":""},"geometry":{"type":"LineString","coordinates":[[13.628075,52.538947],[13.63023,52.53872]]}},{"type":"Feature","properties":{"k":"track","lvl":"ground","lines":"","c":"#8a8a8a","svc":"yard","bau":0,"name":""},"geometry":{"type":"LineString","coordinates":[[13.629892,52.538704],[13.630445,52.538606],[13.631554,52.538411],[13.6322,52.538296],[13.632246,52.538288]]}},{"type":"Feature","properties":{"k":"track","lvl":"ground","lines":"","c":"#8a8a8a","svc":"yard","bau":0,"name":""},"geometry":{"type":"LineString","coordinates":[[13.629263,52.538771],[13.630428,52.538573],[13.631537,52.538375],[13.632181,52.53826],[13.632222,52.538254]]}},{"type":"Feature","properties":{"k":"track","lvl":"ground","lines":"","c":"#8a8a8a","svc":"yard","bau":0,"name":""},"geometry":{"type":"LineString","coordinates":[[13.629321,52.53873],[13.63041,52.538537],[13.631519,52.538338],[13.632165,52.538225],[13.632202,52.538218]]}},{"type":"Feature","properties":{"k":"track","lvl":"ground","lines":"","c":"#8a8a8a","svc":"yard","bau":0,"name":""},"geometry":{"type":"LineString","coordinates":[[13.630259,52.538492],[13.630376,52.538471],[13.632592,52.538074],[13.632622,52.538069]]}},{"type":"Feature","properties":{"k":"track","lvl":"ground","lines":"","c":"#8a8a8a","svc":"yard","bau":0,"name":""},"geometry":{"type":"LineString","coordinates":[[13.629791,52.538611],[13.630392,52.538501],[13.631503,52.538307],[13.632151,52.538191],[13.632188,52.538184]]}},{"type":"Feature","properties":{"k":"track","lvl":"ground","lines":"","c":"#8a8a8a","svc":"yard","bau":0,"name":""},"geometry":{"type":"LineString","coordinates":[[13.62873,52.538835],[13.629321,52.53873],[13.629791,52.538611],[13.630259,52.538492],[13.630372,52.538463],[13.630816,52.538357],[13.632578,52.538041],[13.632606,52.538037]]}},{"type":"Feature","properties":{"k":"track","lvl":"ground","lines":"","c":"#8a8a8a","svc":"siding","bau":0,"name":""},"geometry":{"type":"LineString","coordinates":[[13.621018,52.53913],[13.62115,52.539138],[13.622276,52.539225],[13.622554,52.539241],[13.622839,52.539243],[13.623261,52.539243],[13.623944,52.539226],[13.624159,52.539226],[13.624707,52.539247]]}},{"type":"Feature","properties":{"k":"track","lvl":"ground","lines":"","c":"#8a8a8a","svc":"siding","bau":0,"name":""},"geometry":{"type":"LineString","coordinates":[[13.629381,52.539076],[13.629827,52.539001],[13.630283,52.538916],[13.630958,52.538789]]}},{"type":"Feature","properties":{"k":"track","lvl":"ground","lines":"","c":"#8a8a8a","svc":"yard","bau":0,"name":""},"geometry":{"type":"LineString","coordinates":[[13.626333,52.539219],[13.626769,52.539142]]}},{"type":"Feature","properties":{"k":"track","lvl":"ground","lines":"","c":"#8a8a8a","svc":"yard","bau":0,"name":""},"geometry":{"type":"LineString","coordinates":[[13.628211,52.53877],[13.630574,52.538338],[13.630601,52.538333]]}},{"type":"Feature","properties":{"k":"track","lvl":"ground","lines":"","c":"#8a8a8a","svc":"yard","bau":0,"name":""},"geometry":{"type":"LineString","coordinates":[[13.627745,52.538891],[13.630106,52.53846],[13.630141,52.538453]]}},{"type":"Feature","properties":{"k":"track","lvl":"ground","lines":"","c":"#8a8a8a","svc":"yard","bau":0,"name":""},"geometry":{"type":"LineString","coordinates":[[13.626769,52.539142],[13.627257,52.539019]]}},{"type":"Feature","properties":{"k":"track","lvl":"ground","lines":"","c":"#8a8a8a","svc":"yard","bau":0,"name":""},"geometry":{"type":"LineString","coordinates":[[13.627257,52.539019],[13.627587,52.538955],[13.629838,52.538547],[13.629867,52.538541]]}},{"type":"Feature","properties":{"k":"track","lvl":"ground","lines":"","c":"#8a8a8a","svc":"yard","bau":0,"name":""},"geometry":{"type":"LineString","coordinates":[[13.625896,52.539258],[13.626335,52.539245],[13.626752,52.539235],[13.62741,52.539218],[13.627629,52.539212],[13.627826,52.539199],[13.628537,52.539134],[13.628989,52.539081],[13.629023,52.539077]]}},{"type":"Feature","properties":{"k":"track","lvl":"ground","lines":"","c":"#8a8a8a","svc":"yard","bau":0,"name":""},"geometry":{"type":"LineString","coordinates":[[13.628537,52.539134],[13.629124,52.539106]]}},{"type":"Feature","properties":{"k":"track","lvl":"ground","lines":"","c":"#8a8a8a","svc":"crossover","bau":0,"name":""},"geometry":{"type":"LineString","coordinates":[[13.624645,52.539359],[13.625165,52.539322],[13.625391,52.53931],[13.626726,52.539292],[13.627135,52.539277],[13.62745,52.539259],[13.627828,52.539234],[13.628682,52.539157],[13.629124,52.539106],[13.629381,52.539076],[13.629852,52.539024],[13.630253,52.538971]]}},{"type":"Feature","properties":{"k":"track","lvl":"ground","lines":"","c":"#8a8a8a","svc":"yard","bau":0,"name":""},"geometry":{"type":"LineString","coordinates":[[13.626796,52.53917],[13.62736,52.539134],[13.62773,52.539102],[13.629595,52.538929],[13.630458,52.538849]]}},{"type":"Feature","properties":{"k":"track","lvl":"ground","lines":"","c":"#8a8a8a","svc":"yard","bau":0,"name":""},"geometry":{"type":"LineString","coordinates":[[13.626752,52.539235],[13.627739,52.539143],[13.629603,52.538973],[13.629802,52.538952],[13.629985,52.538928],[13.630458,52.538849]]}},{"type":"Feature","properties":{"k":"track","lvl":"ground","lines":"","c":"#8a8a8a","svc":"crossover","bau":0,"name":""},"geometry":{"type":"LineString","coordinates":[[13.620224,52.539147],[13.620996,52.53919]]}},{"type":"Feature","properties":{"k":"track","lvl":"ground","lines":"","c":"#8a8a8a","svc":"siding","bau":0,"name":""},"geometry":{"type":"LineString","coordinates":[[13.620309,52.539248],[13.620445,52.539266],[13.620849,52.539314]]}},{"type":"Feature","properties":{"k":"track","lvl":"ground","lines":"","c":"#8a8a8a","svc":"siding","bau":0,"name":""},"geometry":{"type":"LineString","coordinates":[[13.620996,52.53919],[13.620716,52.539162],[13.62044,52.539126]]}},{"type":"Feature","properties":{"k":"track","lvl":"ground","lines":"","c":"#8a8a8a","svc":"crossover","bau":0,"name":""},"geometry":{"type":"LineString","coordinates":[[13.625037,52.53924],[13.625366,52.539249],[13.625745,52.539261]]}},{"type":"Feature","properties":{"k":"track","lvl":"ground","lines":"","c":"#8a8a8a","svc":"siding","bau":0,"name":""},"geometry":{"type":"LineString","coordinates":[[13.623784,52.539329],[13.623912,52.539327],[13.624639,52.539317]]}},{"type":"Feature","properties":{"k":"track","lvl":"ground","lines":"","c":"#8a8a8a","svc":"crossover","bau":0,"name":""},"geometry":{"type":"LineString","coordinates":[[13.630798,52.538872],[13.631145,52.53882],[13.631392,52.538798],[13.631674,52.538768],[13.631981,52.538728]]}},{"type":"Feature","properties":{"k":"track","lvl":"ground","lines":"","c":"#8a8a8a","svc":"crossover","bau":0,"name":""},"geometry":{"type":"LineString","coordinates":[[13.631264,52.538735],[13.631616,52.53868],[13.631893,52.538634]]}},{"type":"Feature","properties":{"k":"track","lvl":"ground","lines":"","c":"#8a8a8a","svc":"crossover","bau":0,"name":""},"geometry":{"type":"LineString","coordinates":[[13.631345,52.538757],[13.631616,52.53868],[13.631923,52.53859]]}},{"type":"Feature","properties":{"k":"track","lvl":"ground","lines":"","c":"#8a8a8a","svc":"crossover","bau":0,"name":""},"geometry":{"type":"LineString","coordinates":[[13.62021,52.539277],[13.62044,52.539292],[13.620618,52.539299],[13.620849,52.539314]]}},{"type":"Feature","properties":{"k":"track","lvl":"ground","lines":"","c":"#8a8a8a","svc":"yard","bau":0,"name":"12"},"geometry":{"type":"LineString","coordinates":[[13.350927,52.552999],[13.350862,52.553154],[13.350806,52.553244],[13.350761,52.553302],[13.350694,52.553373],[13.350626,52.553427],[13.350521,52.553491],[13.350136,52.553714]]}},{"type":"Feature","properties":{"k":"track","lvl":"ground","lines":"","c":"#8a8a8a","svc":"yard","bau":0,"name":"18"},"geometry":{"type":"LineString","coordinates":[[13.350763,52.553479],[13.350651,52.553616],[13.350601,52.553669],[13.350572,52.553696],[13.350538,52.553723],[13.350492,52.553755],[13.350437,52.553784]]}},{"type":"Feature","properties":{"k":"track","lvl":"ground","lines":"","c":"#8a8a8a","svc":"yard","bau":0,"name":"20"},"geometry":{"type":"LineString","coordinates":[[13.350801,52.553483],[13.350683,52.55368],[13.350643,52.553733],[13.350567,52.553803],[13.350525,52.553836],[13.34949,52.554445]]}},{"type":"Feature","properties":{"k":"platform","name":"Alexanderplatz"},"geometry":{"type":"Polygon","coordinates":[[[13.412223,52.521425],[13.412138,52.521379],[13.412072,52.52134],[13.412207,52.52123],[13.412433,52.52104],[13.412501,52.520991],[13.412749,52.520811],[13.412866,52.520727],[13.413179,52.520505],[13.41333,52.520574],[13.413161,52.52074],[13.412971,52.520907],[13.412368,52.521331],[13.412223,52.521425]]]}},{"type":"Feature","properties":{"k":"track","lvl":"tunnel","lines":"","c":"#8a8a8a","svc":"siding","bau":0,"name":""},"geometry":{"type":"LineString","coordinates":[[13.371158,52.55424],[13.371362,52.554586],[13.371821,52.555246],[13.371919,52.555387],[13.372035,52.555565],[13.372207,52.555813],[13.3723,52.555949],[13.37242,52.556122],[13.372571,52.556333],[13.37276,52.556765],[13.372777,52.556916],[13.372768,52.557023],[13.372735,52.557127],[13.372683,52.557256],[13.372593,52.55741],[13.372466,52.557569],[13.372336,52.557699],[13.372122,52.557862],[13.371775,52.558128],[13.370312,52.559248]]}},{"type":"Feature","properties":{"k":"platform","name":"Krumme Lanke"},"geometry":{"type":"Polygon","coordinates":[[[13.240977,52.443083],[13.241643,52.443559],[13.241958,52.443788],[13.242177,52.443933],[13.242156,52.44395],[13.242131,52.443972],[13.241877,52.443834],[13.241689,52.443714],[13.240876,52.443135],[13.240926,52.44311],[13.240977,52.443083]]]}},{"type":"Feature","properties":{"k":"track","lvl":"tunnel","lines":"","c":"#8a8a8a","svc":"yard","bau":0,"name":""},"geometry":{"type":"LineString","coordinates":[[13.24294,52.444381],[13.243248,52.444518]]}},{"type":"Feature","properties":{"k":"platform","name":"Onkel Toms Hütte"},"geometry":{"type":"Polygon","coordinates":[[[13.253818,52.450134],[13.253844,52.450098],[13.253877,52.450063],[13.252343,52.449592],[13.252323,52.449613],[13.252301,52.449641],[13.252278,52.449668],[13.2527,52.449813],[13.253256,52.449983],[13.253818,52.450134]]]}},{"type":"Feature","properties":{"k":"platform","name":"Oskar-Helene-Heim"},"geometry":{"type":"Polygon","coordinates":[[[13.269584,52.450285],[13.269587,52.450311],[13.26959,52.450329],[13.269593,52.450356],[13.269071,52.450391],[13.268709,52.450414],[13.26835,52.450438],[13.267979,52.450455],[13.26797,52.450401],[13.268335,52.450367],[13.268702,52.450343],[13.269058,52.45032],[13.269584,52.450285]]]}},{"type":"Feature","properties":{"k":"platform","name":"Freie Universität (Thielplatz)"},"geometry":{"type":"Polygon","coordinates":[[[13.280933,52.450736],[13.28151,52.450983],[13.28231,52.451323],[13.282342,52.451295],[13.282367,52.451273],[13.281843,52.451038],[13.280992,52.450684],[13.280964,52.450709],[13.280933,52.450736]]]}},{"type":"Feature","properties":{"k":"platform","name":"Dahlem-Dorf"},"geometry":{"type":"Polygon","coordinates":[[[13.289821,52.457585],[13.289754,52.457514],[13.289536,52.457273],[13.289403,52.457132],[13.289251,52.456964],[13.289146,52.456837],[13.289047,52.456711],[13.289102,52.456692],[13.289278,52.456862],[13.289424,52.457012],[13.289499,52.457098],[13.28969,52.45732],[13.289835,52.457486],[13.289897,52.45756],[13.289864,52.457572],[13.289821,52.457585]]]}},{"type":"Feature","properties":{"k":"track","lvl":"tunnel","lines":"U3","c":"#16683D","svc":"","bau":0,"name":"U3"},"geometry":{"type":"LineString","coordinates":[[13.296553,52.464342],[13.296981,52.464519],[13.297502,52.464714],[13.298235,52.464953],[13.298385,52.464993],[13.298933,52.465106],[13.299416,52.465181],[13.300012,52.465241],[13.300214,52.465258],[13.302982,52.465494],[13.303164,52.465511],[13.305612,52.465718],[13.30571,52.46573],[13.306168,52.465816],[13.306455,52.465888],[13.306746,52.465972],[13.307009,52.466067],[13.30727,52.466166],[13.307647,52.466345]]}},{"type":"Feature","properties":{"k":"platform","name":"Podbielskiallee"},"geometry":{"type":"Polygon","coordinates":[[[13.294882,52.463756],[13.296277,52.46425],[13.296244,52.464287],[13.29622,52.464311],[13.295182,52.463937],[13.29484,52.463792],[13.294882,52.463756]]]}},{"type":"Feature","properties":{"k":"platform","name":"Gleisdreieck"},"geometry":{"type":"Polygon","coordinates":[[[13.374154,52.499966],[13.374145,52.499836],[13.374121,52.499643],[13.374086,52.499464],[13.374084,52.499454],[13.374029,52.499235],[13.373987,52.499054],[13.373996,52.499053],[13.374002,52.499053],[13.374115,52.499043],[13.374128,52.499042],[13.37419,52.499253],[13.374255,52.499448],[13.374256,52.499465],[13.374278,52.499632],[13.374275,52.499806],[13.374257,52.499987],[13.374211,52.50014],[13.374142,52.500136],[13.374148,52.500075],[13.374201,52.500081],[13.374228,52.499964],[13.374211,52.499965],[13.374154,52.499966]]]}},{"type":"Feature","properties":{"k":"platform","name":"Gleisdreieck"},"geometry":{"type":"Polygon","coordinates":[[[13.373298,52.499565],[13.373288,52.499513],[13.373515,52.499491],[13.373951,52.499449],[13.374142,52.499437],[13.374284,52.499434],[13.374416,52.499433],[13.374689,52.499444],[13.374795,52.499448],[13.374803,52.499541],[13.37456,52.499546],[13.37424,52.49955],[13.373959,52.499553],[13.373298,52.499565]]]}},{"type":"Feature","properties":{"k":"platform","name":"Hallesches Tor"},"geometry":{"type":"Polygon","coordinates":[[[13.38953,52.497827],[13.389542,52.497858],[13.389956,52.497798],[13.390409,52.497748],[13.390733,52.497732],[13.390942,52.497728],[13.391106,52.497725],[13.391202,52.497727],[13.391254,52.497729],[13.391255,52.497704],[13.391256,52.497691],[13.391185,52.49769],[13.391106,52.49769],[13.390945,52.497692],[13.390944,52.497678],[13.390714,52.497683],[13.390716,52.497698],[13.390397,52.497712],[13.389951,52.497765],[13.38953,52.497827]]]}},{"type":"Feature","properties":{"k":"platform","name":"Hallesches Tor"},"geometry":{"type":"Polygon","coordinates":[[[13.391252,52.497777],[13.391251,52.497804],[13.39125,52.497812],[13.391169,52.49781],[13.391168,52.497828],[13.391056,52.497823],[13.39093,52.497826],[13.39093,52.49782],[13.39093,52.497807],[13.390871,52.497808],[13.39087,52.497829],[13.390798,52.49783],[13.390798,52.49781],[13.390728,52.497812],[13.390729,52.497822],[13.39073,52.49783],[13.390655,52.497831],[13.390653,52.497818],[13.390429,52.49783],[13.389986,52.497877],[13.389572,52.497939],[13.38956,52.497907],[13.389974,52.497844],[13.390424,52.497796],[13.390706,52.497784],[13.390961,52.497778],[13.391085,52.497775],[13.391105,52.497775],[13.391202,52.497777],[13.391252,52.497777]]]}},{"type":"Feature","properties":{"k":"platform","name":"Prinzenstraße"},"geometry":{"type":"Polygon","coordinates":[[[13.406298,52.498373],[13.406298,52.498341],[13.406264,52.498341],[13.405468,52.498335],[13.404513,52.498328],[13.404513,52.498357],[13.405397,52.498364],[13.406298,52.498373]]]}},{"type":"Feature","properties":{"k":"platform","name":"Prinzenstraße"},"geometry":{"type":"Polygon","coordinates":[[[13.406298,52.49842],[13.406297,52.498449],[13.406268,52.498448],[13.405907,52.498444],[13.405908,52.49844],[13.405902,52.49844],[13.405901,52.498437],[13.405885,52.498437],[13.405883,52.49844],[13.405805,52.498439],[13.405806,52.498444],[13.405464,52.498443],[13.404511,52.498435],[13.404511,52.498404],[13.406298,52.49842]]]}},{"type":"Feature","properties":{"k":"platform","name":"Görlitzer Bahnhof"},"geometry":{"type":"Polygon","coordinates":[[[13.429039,52.499299],[13.428339,52.49926],[13.427521,52.499208],[13.427524,52.499188],[13.427525,52.499177],[13.428191,52.499222],[13.428668,52.499249],[13.428669,52.499261],[13.429042,52.499282],[13.429039,52.499299]]]}},{"type":"Feature","properties":{"k":"platform","name":"Görlitzer Bahnhof"},"geometry":{"type":"Polygon","coordinates":[[[13.427516,52.499276],[13.427514,52.499286],[13.428173,52.49933],[13.428653,52.499359],[13.428654,52.499347],[13.429033,52.499368],[13.429035,52.499353],[13.427519,52.49926],[13.427516,52.499276]]]}},{"type":"Feature","properties":{"k":"platform","name":"Schlesisches Tor"},"geometry":{"type":"Polygon","coordinates":[[[13.441814,52.501043],[13.441878,52.501008],[13.441666,52.500933],[13.44128,52.500806],[13.44123,52.500794],[13.441156,52.500779],[13.441034,52.500756],[13.440895,52.500731],[13.440663,52.500693],[13.440386,52.500654],[13.440376,52.500683],[13.440944,52.500769],[13.441113,52.500806],[13.441237,52.500843],[13.441358,52.500882],[13.441362,52.500879],[13.441471,52.500916],[13.441467,52.50092],[13.441483,52.500925],[13.441637,52.500972],[13.441786,52.501032],[13.441814,52.501043]]]}},{"type":"Feature","properties":{"k":"platform","name":"Schlesisches Tor"},"geometry":{"type":"Polygon","coordinates":[[[13.441934,52.500968],[13.441949,52.500959],[13.441809,52.500864],[13.441787,52.500877],[13.44157,52.500801],[13.44141,52.500748],[13.441297,52.50072],[13.441183,52.500691],[13.441143,52.500684],[13.441066,52.500672],[13.440895,52.500648],[13.440416,52.500577],[13.440406,52.500605],[13.44095,52.500683],[13.44114,52.500717],[13.441317,52.500757],[13.441707,52.500884],[13.441934,52.500968]]]}},{"type":"Feature","properties":{"k":"track","lvl":"ground","lines":"","c":"#8a8a8a","svc":"yard","bau":0,"name":""},"geometry":{"type":"LineString","coordinates":[[13.24819,52.520461],[13.248232,52.520576],[13.2483,52.520676],[13.248409,52.520768],[13.248518,52.520836],[13.248665,52.520901]]}},{"type":"Feature","properties":{"k":"track","lvl":"ground","lines":"","c":"#8a8a8a","svc":"yard","bau":0,"name":""},"geometry":{"type":"LineString","coordinates":[[13.24819,52.520461],[13.248234,52.520535],[13.24829,52.5206],[13.248368,52.520663],[13.248443,52.520722],[13.248575,52.520779],[13.248729,52.520856]]}},{"type":"Feature","properties":{"k":"track","lvl":"ground","lines":"","c":"#8a8a8a","svc":"yard","bau":0,"name":""},"geometry":{"type":"LineString","coordinates":[[13.248437,52.520628],[13.248557,52.520695],[13.248664,52.520744],[13.248791,52.520803]]}},{"type":"Feature","properties":{"k":"track","lvl":"ground","lines":"","c":"#8a8a8a","svc":"yard","bau":0,"name":""},"geometry":{"type":"LineString","coordinates":[[13.248357,52.51986],[13.24842,52.519733],[13.248493,52.519601]]}},{"type":"Feature","properties":{"k":"track","lvl":"tunnel","lines":"","c":"#8a8a8a","svc":"crossover","bau":0,"name":"U3"},"geometry":{"type":"LineString","coordinates":[[13.242504,52.444171],[13.24294,52.444381]]}},{"type":"Feature","properties":{"k":"track","lvl":"tunnel","lines":"","c":"#8a8a8a","svc":"yard","bau":0,"name":""},"geometry":{"type":"LineString","coordinates":[[13.243248,52.444518],[13.243452,52.444645],[13.244012,52.444996],[13.24518,52.445699]]}},{"type":"Feature","properties":{"k":"track","lvl":"tunnel","lines":"","c":"#8a8a8a","svc":"yard","bau":0,"name":""},"geometry":{"type":"LineString","coordinates":[[13.241095,52.443105],[13.24167,52.443522],[13.242152,52.443854],[13.243248,52.444518]]}},{"type":"Feature","properties":{"k":"track","lvl":"tunnel","lines":"U3","c":"#16683D","svc":"crossover","bau":0,"name":"U3"},"geometry":{"type":"LineString","coordinates":[[13.243167,52.444516],[13.243771,52.444927]]}},{"type":"Feature","properties":{"k":"track","lvl":"ground","lines":"","c":"#8a8a8a","svc":"yard","bau":0,"name":""},"geometry":{"type":"LineString","coordinates":[[13.351007,52.553171],[13.35109,52.552959]]}},{"type":"Feature","properties":{"k":"track","lvl":"tunnel","lines":"","c":"#8a8a8a","svc":"yard","bau":0,"name":"4"},"geometry":{"type":"LineString","coordinates":[[13.351401,52.552788],[13.351361,52.552693],[13.351299,52.552587],[13.351206,52.552474],[13.351099,52.552405],[13.350922,52.552276]]}},{"type":"Feature","properties":{"k":"track","lvl":"ground","lines":"","c":"#8a8a8a","svc":"yard","bau":0,"name":"25"},"geometry":{"type":"LineString","coordinates":[[13.349706,52.554589],[13.350633,52.554045],[13.350673,52.554023],[13.350757,52.55396],[13.350873,52.553823],[13.350925,52.553699],[13.350933,52.553681],[13.350958,52.553518],[13.350982,52.553354]]}},{"type":"Feature","properties":{"k":"track","lvl":"ground","lines":"","c":"#8a8a8a","svc":"yard","bau":0,"name":""},"geometry":{"type":"LineString","coordinates":[[13.351175,52.553703],[13.351193,52.553739],[13.351206,52.553788],[13.351213,52.553845],[13.351208,52.553933]]}},{"type":"Feature","properties":{"k":"track","lvl":"tunnel","lines":"","c":"#8a8a8a","svc":"yard","bau":0,"name":""},"geometry":{"type":"LineString","coordinates":[[13.351156,52.552535],[13.351099,52.552405]]}},{"type":"Feature","properties":{"k":"track","lvl":"ground","lines":"","c":"#8a8a8a","svc":"yard","bau":0,"name":"30"},"geometry":{"type":"LineString","coordinates":[[13.349924,52.554736],[13.350936,52.554191],[13.350973,52.554166],[13.351024,52.554122],[13.351069,52.554065],[13.351106,52.554004],[13.351132,52.553914],[13.351133,52.553841],[13.351117,52.553776],[13.351081,52.553684],[13.351042,52.553589],[13.351001,52.553487]]}},{"type":"Feature","properties":{"k":"track","lvl":"tunnel","lines":"","c":"#8a8a8a","svc":"yard","bau":0,"name":"6"},"geometry":{"type":"LineString","coordinates":[[13.351401,52.552788],[13.351431,52.552661],[13.351328,52.552461],[13.351283,52.552407],[13.351023,52.55222]]}},{"type":"Feature","properties":{"k":"track","lvl":"ground","lines":"","c":"#8a8a8a","svc":"yard","bau":0,"name":"7"},"geometry":{"type":"LineString","coordinates":[[13.350927,52.552999],[13.350978,52.55289]]}},{"type":"Feature","properties":{"k":"track","lvl":"ground","lines":"","c":"#8a8a8a","svc":"yard","bau":0,"name":"31"},"geometry":{"type":"LineString","coordinates":[[13.350956,52.554238],[13.35104,52.554181],[13.351103,52.554119],[13.351154,52.554056],[13.351186,52.553996],[13.351208,52.553933]]}},{"type":"Feature","properties":{"k":"track","lvl":"ground","lines":"","c":"#8a8a8a","svc":"yard","bau":0,"name":"27"},"geometry":{"type":"LineString","coordinates":[[13.350959,52.553686],[13.350936,52.553848],[13.350903,52.553923],[13.350852,52.553995],[13.350745,52.554082],[13.349788,52.554645]]}},{"type":"Feature","properties":{"k":"track","lvl":"ground","lines":"","c":"#8a8a8a","svc":"yard","bau":0,"name":"29"},"geometry":{"type":"LineString","coordinates":[[13.349878,52.554705],[13.35085,52.554154],[13.35091,52.554114],[13.350974,52.554054],[13.351014,52.554001],[13.351044,52.553945],[13.35106,52.553891],[13.351064,52.553816],[13.351052,52.553744],[13.351036,52.553677],[13.351019,52.553594],[13.351001,52.553487],[13.350982,52.553354],[13.350987,52.553223]]}},{"type":"Feature","properties":{"k":"track","lvl":"ground","lines":"","c":"#8a8a8a","svc":"yard","bau":0,"name":"Prüfgleis"},"geometry":{"type":"LineString","coordinates":[[13.351208,52.553933],[13.351252,52.553778],[13.351347,52.553175]]}},{"type":"Feature","properties":{"k":"track","lvl":"ground","lines":"","c":"#8a8a8a","svc":"yard","bau":0,"name":""},"geometry":{"type":"LineString","coordinates":[[13.351007,52.553171],[13.351016,52.553072],[13.351035,52.55291]]}},{"type":"Feature","properties":{"k":"track","lvl":"ground","lines":"","c":"#8a8a8a","svc":"yard","bau":0,"name":""},"geometry":{"type":"LineString","coordinates":[[13.35094,52.553188],[13.351016,52.553072],[13.35109,52.552959]]}},{"type":"Feature","properties":{"k":"track","lvl":"tunnel","lines":"","c":"#8a8a8a","svc":"yard","bau":0,"name":"3"},"geometry":{"type":"LineString","coordinates":[[13.351035,52.55291],[13.351053,52.552817],[13.351036,52.552748],[13.350985,52.552667],[13.350916,52.552603],[13.350644,52.552426]]}},{"type":"Feature","properties":{"k":"track","lvl":"ground","lines":"","c":"#8a8a8a","svc":"yard","bau":0,"name":""},"geometry":{"type":"LineString","coordinates":[[13.350981,52.552835],[13.350985,52.552667]]}},{"type":"Feature","properties":{"k":"track","lvl":"ground","lines":"","c":"#8a8a8a","svc":"yard","bau":0,"name":"26"},"geometry":{"type":"LineString","coordinates":[[13.349746,52.554616],[13.35068,52.554072],[13.350744,52.554029],[13.350816,52.553972],[13.350867,52.553902],[13.350907,52.553807],[13.350925,52.553699]]}},{"type":"Feature","properties":{"k":"track","lvl":"ground","lines":"","c":"#8a8a8a","svc":"yard","bau":0,"name":""},"geometry":{"type":"LineString","coordinates":[[13.350959,52.553686],[13.350958,52.553518]]}},{"type":"Feature","properties":{"k":"track","lvl":"tunnel","lines":"","c":"#8a8a8a","svc":"yard","bau":0,"name":"3"},"geometry":{"type":"LineString","coordinates":[[13.351106,52.5529],[13.351116,52.552765],[13.351095,52.552653],[13.351022,52.552555],[13.350523,52.552106],[13.350283,52.551879],[13.350202,52.551741],[13.350186,52.551621],[13.350231,52.551486],[13.350332,52.551343],[13.350414,52.551275],[13.351365,52.55073],[13.351674,52.550563],[13.352011,52.55037],[13.352336,52.550227]]}},{"type":"Feature","properties":{"k":"track","lvl":"ground","lines":"","c":"#8a8a8a","svc":"yard","bau":0,"name":""},"geometry":{"type":"LineString","coordinates":[[13.351035,52.55291],[13.351007,52.553],[13.350952,52.553158],[13.35094,52.553188],[13.35088,52.553338]]}},{"type":"Feature","properties":{"k":"track","lvl":"ground","lines":"","c":"#8a8a8a","svc":"yard","bau":0,"name":""},"geometry":{"type":"LineString","coordinates":[[13.350845,52.553563],[13.350905,52.553436],[13.350939,52.553346],[13.350987,52.553223],[13.351007,52.553171]]}},{"type":"Feature","properties":{"k":"track","lvl":"bridge","lines":"","c":"#8a8a8a","svc":"siding","bau":0,"name":""},"geometry":{"type":"LineString","coordinates":[[13.449514,52.505365],[13.449462,52.505299],[13.449384,52.505198],[13.449306,52.505096],[13.449228,52.504995],[13.449143,52.504894],[13.448974,52.504706],[13.448794,52.504526],[13.448661,52.504397],[13.448599,52.504335],[13.448533,52.504266],[13.448263,52.50399],[13.448014,52.503758]]}},{"type":"Feature","properties":{"k":"track","lvl":"tunnel","lines":"U5","c":"#7E5330","svc":"","bau":0,"name":""},"geometry":{"type":"LineString","coordinates":[[13.380375,52.516632],[13.380246,52.516633],[13.379858,52.516638],[13.379349,52.516653],[13.378817,52.516683],[13.378106,52.516751],[13.377717,52.516809],[13.377522,52.516841],[13.377333,52.516878],[13.377045,52.51694],[13.376763,52.517012],[13.376426,52.517111],[13.376084,52.517227],[13.375573,52.517443],[13.375089,52.517698],[13.374794,52.517884],[13.374521,52.518079],[13.374342,52.518231],[13.374236,52.518326],[13.374036,52.518526],[13.373867,52.518723],[13.373719,52.518923],[13.37357,52.519181],[13.373433,52.519446],[13.373292,52.519734]]}},{"type":"Feature","properties":{"k":"track","lvl":"tunnel","lines":"U5","c":"#7E5330","svc":"","bau":0,"name":""},"geometry":{"type":"LineString","coordinates":[[13.370286,52.525259],[13.370219,52.525351],[13.369942,52.525735]]}},{"type":"Feature","properties":{"k":"track","lvl":"tunnel","lines":"U5","c":"#7E5330","svc":"","bau":0,"name":""},"geometry":{"type":"LineString","coordinates":[[13.395706,52.517587],[13.395204,52.517573],[13.394747,52.517539],[13.393572,52.51742],[13.392983,52.517362],[13.392374,52.517299],[13.391737,52.517236],[13.391092,52.517179],[13.39046,52.51713],[13.389952,52.517092],[13.388656,52.517013],[13.388087,52.516979],[13.387239,52.516924],[13.386577,52.516898],[13.38581,52.516892],[13.385068,52.51688],[13.384207,52.516854],[13.383779,52.516837],[13.383336,52.516813]]}},{"type":"Feature","properties":{"k":"track","lvl":"ground","lines":"","c":"#8a8a8a","svc":"yard","bau":0,"name":""},"geometry":{"type":"LineString","coordinates":[[13.248726,52.519479],[13.248673,52.519587],[13.248631,52.519688],[13.248618,52.519793],[13.248631,52.519895],[13.248669,52.519977],[13.248728,52.520058],[13.248814,52.520144],[13.248903,52.520201],[13.249058,52.520279],[13.249327,52.520403]]}},{"type":"Feature","properties":{"k":"track","lvl":"ground","lines":"","c":"#8a8a8a","svc":"yard","bau":0,"name":""},"geometry":{"type":"LineString","coordinates":[[13.248118,52.520448],[13.248107,52.520529],[13.24811,52.520595],[13.248125,52.520656],[13.248145,52.520711],[13.248203,52.520802],[13.248301,52.520892],[13.24842,52.520968],[13.248541,52.521026]]}},{"type":"Feature","properties":{"k":"track","lvl":"ground","lines":"","c":"#8a8a8a","svc":"yard","bau":0,"name":""},"geometry":{"type":"LineString","coordinates":[[13.248821,52.519353],[13.248772,52.519459],[13.248715,52.51959],[13.248678,52.519692],[13.248673,52.519795],[13.248693,52.519885],[13.248739,52.519967],[13.248797,52.520036],[13.24888,52.520108],[13.24896,52.520157],[13.24911,52.520233],[13.249385,52.520356]]}},{"type":"Feature","properties":{"k":"track","lvl":"ground","lines":"","c":"#8a8a8a","svc":"yard","bau":0,"name":""},"geometry":{"type":"LineString","coordinates":[[13.248491,52.520025],[13.248547,52.520129],[13.248632,52.520245],[13.2487,52.520307],[13.248792,52.520374],[13.248877,52.520413],[13.249152,52.520543]]}},{"type":"Feature","properties":{"k":"track","lvl":"ground","lines":"","c":"#8a8a8a","svc":"yard","bau":0,"name":""},"geometry":{"type":"LineString","coordinates":[[13.248528,52.519641],[13.248479,52.519775],[13.248459,52.519827],[13.248459,52.519939],[13.248491,52.520025]]}},{"type":"Feature","properties":{"k":"track","lvl":"ground","lines":"","c":"#8a8a8a","svc":"yard","bau":0,"name":""},"geometry":{"type":"LineString","coordinates":[[13.249335,52.518701],[13.249385,52.51858],[13.249418,52.518509],[13.249447,52.518435],[13.249486,52.518348],[13.249572,52.518146]]}},{"type":"Feature","properties":{"k":"track","lvl":"ground","lines":"","c":"#8a8a8a","svc":"yard","bau":0,"name":""},"geometry":{"type":"LineString","coordinates":[[13.249232,52.518828],[13.249177,52.518979],[13.249168,52.519045],[13.249175,52.519113],[13.2492,52.51919],[13.249243,52.519264],[13.249312,52.519333],[13.249467,52.519445]]}},{"type":"Feature","properties":{"k":"track","lvl":"ground","lines":"","c":"#8a8a8a","svc":"yard","bau":0,"name":""},"geometry":{"type":"LineString","coordinates":[[13.249352,52.518518],[13.249447,52.518435],[13.249541,52.518359],[13.249634,52.518283],[13.249724,52.51821]]}},{"type":"Feature","properties":{"k":"track","lvl":"ground","lines":"","c":"#8a8a8a","svc":"yard","bau":0,"name":""},"geometry":{"type":"LineString","coordinates":[[13.249335,52.518701],[13.249427,52.51859],[13.249514,52.518477]]}},{"type":"Feature","properties":{"k":"track","lvl":"ground","lines":"","c":"#8a8a8a","svc":"yard","bau":0,"name":""},"geometry":{"type":"LineString","coordinates":[[13.249514,52.518477],[13.249441,52.518593],[13.2494,52.518675],[13.249356,52.518771],[13.249332,52.518854],[13.249334,52.518933],[13.24936,52.519012],[13.249408,52.519077],[13.249469,52.51914],[13.24955,52.5192],[13.249672,52.519261]]}},{"type":"Feature","properties":{"k":"track","lvl":"ground","lines":"","c":"#8a8a8a","svc":"yard","bau":0,"name":""},"geometry":{"type":"LineString","coordinates":[[13.251194,52.516891],[13.25077,52.517239],[13.250676,52.517322],[13.250583,52.517404],[13.250423,52.517591],[13.250285,52.517743]]}},{"type":"Feature","properties":{"k":"track","lvl":"ground","lines":"","c":"#8a8a8a","svc":"yard","bau":0,"name":""},"geometry":{"type":"LineString","coordinates":[[13.249758,52.518005],[13.249667,52.518202],[13.249634,52.518283],[13.249565,52.518409]]}},{"type":"Feature","properties":{"k":"track","lvl":"ground","lines":"","c":"#8a8a8a","svc":"yard","bau":0,"name":""},"geometry":{"type":"LineString","coordinates":[[13.251451,52.516688],[13.251581,52.516618],[13.251682,52.516569],[13.251805,52.516523],[13.252457,52.516331],[13.252566,52.5163]]}},{"type":"Feature","properties":{"k":"track","lvl":"ground","lines":"","c":"#8a8a8a","svc":"yard","bau":0,"name":""},"geometry":{"type":"LineString","coordinates":[[13.251743,52.516495],[13.251962,52.516427],[13.252359,52.516318],[13.25283,52.516215],[13.253331,52.516123]]}},{"type":"Feature","properties":{"k":"track","lvl":"ground","lines":"","c":"#8a8a8a","svc":"yard","bau":0,"name":""},"geometry":{"type":"LineString","coordinates":[[13.251743,52.516495],[13.25161,52.516566],[13.251451,52.516688],[13.250958,52.516958],[13.250803,52.517058],[13.250635,52.517185],[13.250439,52.517367],[13.250235,52.517592],[13.249983,52.517875],[13.249724,52.51821]]}},{"type":"Feature","properties":{"k":"track","lvl":"ground","lines":"U2","c":"#DA421E","svc":"","bau":0,"name":""},"geometry":{"type":"LineString","coordinates":[[13.253429,52.516082],[13.253337,52.516098],[13.252999,52.516149],[13.252471,52.516258],[13.251944,52.516394],[13.251713,52.516462],[13.251466,52.516555],[13.251112,52.516718],[13.250798,52.516898],[13.250498,52.517124],[13.250293,52.517313],[13.250039,52.517591]]}},{"type":"Feature","properties":{"k":"track","lvl":"bridge","lines":"U2","c":"#DA421E","svc":"","bau":0,"name":""},"geometry":{"type":"LineString","coordinates":[[13.245707,52.522379],[13.245564,52.522532]]}},{"type":"Feature","properties":{"k":"track","lvl":"ground","lines":"U2","c":"#DA421E","svc":"","bau":0,"name":""},"geometry":{"type":"LineString","coordinates":[[13.245669,52.522364],[13.245843,52.522208],[13.24642,52.521703],[13.246815,52.521256],[13.247348,52.520534],[13.249042,52.518376]]}},{"type":"Feature","properties":{"k":"track","lvl":"bridge","lines":"U2","c":"#DA421E","svc":"","bau":0,"name":""},"geometry":{"type":"LineString","coordinates":[[13.245524,52.522522],[13.245669,52.522364]]}},{"type":"Feature","properties":{"k":"track","lvl":"ground","lines":"","c":"#8a8a8a","svc":"yard","bau":0,"name":""},"geometry":{"type":"LineString","coordinates":[[13.248181,52.520239],[13.248173,52.52026],[13.248149,52.520329],[13.248118,52.520448]]}},{"type":"Feature","properties":{"k":"track","lvl":"ground","lines":"","c":"#8a8a8a","svc":"yard","bau":0,"name":""},"geometry":{"type":"LineString","coordinates":[[13.248118,52.520448],[13.248126,52.520522],[13.248161,52.520623],[13.248199,52.52069],[13.248257,52.520764],[13.248344,52.520834],[13.248434,52.520896],[13.248591,52.520968]]}},{"type":"Feature","properties":{"k":"track","lvl":"ground","lines":"","c":"#8a8a8a","svc":"yard","bau":0,"name":""},"geometry":{"type":"LineString","coordinates":[[13.248491,52.520025],[13.248589,52.52016],[13.248664,52.52023],[13.248806,52.520311],[13.249213,52.520494]]}},{"type":"Feature","properties":{"k":"track","lvl":"ground","lines":"","c":"#8a8a8a","svc":"yard","bau":0,"name":""},"geometry":{"type":"LineString","coordinates":[[13.252607,52.51634],[13.252948,52.516241]]}},{"type":"Feature","properties":{"k":"track","lvl":"tunnel","lines":"","c":"#8a8a8a","svc":"yard","bau":0,"name":""},"geometry":{"type":"LineString","coordinates":[[13.360404,52.54736],[13.360252,52.547268],[13.360084,52.547185],[13.359926,52.547123],[13.359744,52.547069],[13.359557,52.547029],[13.359345,52.546998],[13.359075,52.546977],[13.358774,52.546984],[13.358469,52.547024],[13.358251,52.547075],[13.3581,52.547125],[13.357942,52.547191],[13.357741,52.547296],[13.356419,52.548003],[13.35549,52.548535]]}},{"type":"Feature","properties":{"k":"platform","name":"Oranienburger Tor"},"geometry":{"type":"Polygon","coordinates":[[[13.387519,52.524848],[13.387494,52.524997],[13.387338,52.525913],[13.387312,52.526066],[13.387271,52.526063],[13.38723,52.526061],[13.387257,52.525908],[13.387413,52.524993],[13.387438,52.524843],[13.387477,52.524846],[13.387519,52.524848]]]}},{"type":"Feature","properties":{"k":"platform","name":"Hauptbahnhof"},"geometry":{"type":"Polygon","coordinates":[[[13.370298,52.524923],[13.37042,52.524751],[13.370482,52.524767],[13.370377,52.524915],[13.370397,52.52492],[13.370417,52.524926],[13.370522,52.524777],[13.370577,52.524792],[13.370455,52.524965],[13.3702,52.525324],[13.369918,52.525722],[13.369843,52.525828],[13.369792,52.525815],[13.369772,52.525809],[13.369752,52.525804],[13.369686,52.525787],[13.369759,52.525683],[13.370042,52.525284],[13.370298,52.524923]]]}},{"type":"Feature","properties":{"k":"platform","name":"Hönow"},"geometry":{"type":"Polygon","coordinates":[[[13.632303,52.538662],[13.633996,52.538292],[13.633993,52.538286],[13.633969,52.538246],[13.633944,52.538204],[13.633942,52.5382],[13.632249,52.53857],[13.632281,52.538625],[13.632303,52.538662]]]}},{"type":"Feature","properties":{"k":"track","lvl":"ground","lines":"","c":"#8a8a8a","svc":"yard","bau":0,"name":""},"geometry":{"type":"LineString","coordinates":[[13.51875,52.501117],[13.518664,52.501165],[13.518133,52.501467],[13.517936,52.5016],[13.517582,52.501835],[13.517158,52.502137]]}},{"type":"Feature","properties":{"k":"track","lvl":"ground","lines":"","c":"#8a8a8a","svc":"yard","bau":0,"name":""},"geometry":{"type":"LineString","coordinates":[[13.518688,52.499911],[13.518629,52.499985],[13.518556,52.500076],[13.518048,52.500637]]}},{"type":"Feature","properties":{"k":"track","lvl":"ground","lines":"","c":"#8a8a8a","svc":"yard","bau":0,"name":""},"geometry":{"type":"LineString","coordinates":[[13.516018,52.502897],[13.516216,52.502562],[13.516304,52.502406],[13.516446,52.50218],[13.51648,52.502111],[13.516497,52.502033],[13.516499,52.501973],[13.516498,52.501914],[13.51649,52.501853],[13.516466,52.501717],[13.51645,52.501629]]}},{"type":"Feature","properties":{"k":"track","lvl":"ground","lines":"","c":"#8a8a8a","svc":"yard","bau":0,"name":""},"geometry":{"type":"LineString","coordinates":[[13.51862,52.4999],[13.518564,52.499964],[13.518405,52.500146]]}},{"type":"Feature","properties":{"k":"track","lvl":"ground","lines":"","c":"#8a8a8a","svc":"yard","bau":0,"name":""},"geometry":{"type":"LineString","coordinates":[[13.519284,52.499862],[13.518407,52.500366],[13.518219,52.500501],[13.518048,52.500637],[13.51772,52.500928]]}},{"type":"Feature","properties":{"k":"track","lvl":"ground","lines":"","c":"#8a8a8a","svc":"yard","bau":0,"name":""},"geometry":{"type":"LineString","coordinates":[[13.519018,52.500871],[13.518929,52.500917],[13.517799,52.501563],[13.517662,52.501654],[13.517574,52.501715],[13.517343,52.501901],[13.517132,52.502093]]}},{"type":"Feature","properties":{"k":"track","lvl":"ground","lines":"","c":"#8a8a8a","svc":"yard","bau":0,"name":""},"geometry":{"type":"LineString","coordinates":[[13.520101,52.499865],[13.520006,52.499885],[13.51992,52.499915],[13.519841,52.499942],[13.519659,52.500038],[13.519284,52.500251],[13.518062,52.500945],[13.51772,52.501193]]}},{"type":"Feature","properties":{"k":"track","lvl":"ground","lines":"","c":"#8a8a8a","svc":"yard","bau":0,"name":""},"geometry":{"type":"LineString","coordinates":[[13.517922,52.501244],[13.519225,52.500483],[13.519316,52.500434]]}},{"type":"Feature","properties":{"k":"track","lvl":"ground","lines":"","c":"#8a8a8a","svc":"yard","bau":0,"name":""},"geometry":{"type":"LineString","coordinates":[[13.516186,52.503207],[13.516394,52.50308],[13.518191,52.502106],[13.518536,52.501871],[13.518721,52.501726],[13.51909,52.501331],[13.519251,52.50114],[13.519303,52.501072]]}},{"type":"Feature","properties":{"k":"track","lvl":"ground","lines":"","c":"#8a8a8a","svc":"yard","bau":0,"name":""},"geometry":{"type":"LineString","coordinates":[[13.519235,52.500375],[13.519141,52.500429],[13.517454,52.501391]]}},{"type":"Feature","properties":{"k":"track","lvl":"ground","lines":"","c":"#8a8a8a","svc":"yard","bau":0,"name":""},"geometry":{"type":"LineString","coordinates":[[13.518942,52.500817],[13.518856,52.500865],[13.517657,52.501535],[13.517378,52.501733],[13.517297,52.501813],[13.517121,52.502033],[13.517075,52.502088]]}},{"type":"Feature","properties":{"k":"track","lvl":"ground","lines":"","c":"#8a8a8a","svc":"yard","bau":0,"name":""},"geometry":{"type":"LineString","coordinates":[[13.519274,52.500402],[13.519184,52.500454],[13.517582,52.501385],[13.517292,52.501587],[13.517038,52.501813]]}},{"type":"Feature","properties":{"k":"track","lvl":"ground","lines":"","c":"#8a8a8a","svc":"yard","bau":0,"name":""},"geometry":{"type":"LineString","coordinates":[[13.519355,52.500457],[13.519265,52.500507],[13.518247,52.501104],[13.517922,52.501244],[13.517582,52.501385]]}},{"type":"Feature","properties":{"k":"track","lvl":"tunnel","lines":"","c":"#8a8a8a","svc":"yard","bau":0,"name":""},"geometry":{"type":"LineString","coordinates":[[13.517571,52.500105],[13.517682,52.500555]]}},{"type":"Feature","properties":{"k":"track","lvl":"tunnel","lines":"U6","c":"#8C6DAB","svc":"","bau":0,"name":"U6"},"geometry":{"type":"LineString","coordinates":[[13.387688,52.492793],[13.387959,52.493106],[13.388179,52.493385]]}},{"type":"Feature","properties":{"k":"platform","name":"Mehringdamm"},"geometry":{"type":"Polygon","coordinates":[[[13.388677,52.494008],[13.388649,52.494016],[13.38864,52.494019],[13.388596,52.494031],[13.389344,52.494963],[13.389383,52.494952],[13.389415,52.49494],[13.388677,52.494008]]]}},{"type":"Feature","properties":{"k":"platform","name":"Mehringdamm"},"geometry":{"type":"Polygon","coordinates":[[[13.388508,52.494057],[13.388475,52.494067],[13.388468,52.494069],[13.388443,52.494077],[13.389174,52.495009],[13.389217,52.494996],[13.389261,52.494984],[13.388508,52.494057]]]}},{"type":"Feature","properties":{"k":"track","lvl":"tunnel","lines":"U7","c":"#528DBA","svc":"","bau":0,"name":"U7"},"geometry":{"type":"LineString","coordinates":[[13.265664,52.536798],[13.264072,52.536823],[13.263688,52.536841],[13.262604,52.536909],[13.261141,52.537002],[13.25811,52.537213],[13.256742,52.537308],[13.253261,52.537551],[13.249543,52.53785],[13.249403,52.537858],[13.249303,52.537864],[13.249126,52.537873],[13.248833,52.537882],[13.248348,52.53789],[13.248017,52.537894],[13.247802,52.537911],[13.246738,52.537996],[13.244012,52.538227],[13.243868,52.538244],[13.239685,52.538781],[13.239366,52.538818],[13.2389,52.538865],[13.23852,52.538898],[13.238257,52.538918],[13.237904,52.538939],[13.23758,52.538956],[13.237226,52.538968],[13.236872,52.538974],[13.236488,52.538976],[13.236281,52.538974],[13.235869,52.538953],[13.235516,52.538933],[13.235193,52.538909],[13.234575,52.538857],[13.234486,52.538845],[13.232955,52.538608],[13.231774,52.538426],[13.23132,52.53835],[13.230639,52.53824],[13.2301,52.538147],[13.22905,52.53797],[13.228053,52.537808],[13.227453,52.537714],[13.227272,52.537687],[13.224546,52.537296],[13.22421,52.537226],[13.2239,52.537168],[13.223588,52.537115],[13.223303,52.537071],[13.223016,52.537032],[13.222757,52.537],[13.222438,52.536966],[13.222088,52.536935],[13.221768,52.536913],[13.221562,52.536906],[13.221385,52.536903],[13.22118,52.536904],[13.220945,52.53691],[13.220739,52.53692],[13.220449,52.536942],[13.220182,52.536968],[13.219672,52.53704],[13.219418,52.537084],[13.219194,52.537128],[13.21894,52.537189],[13.218674,52.537258],[13.218295,52.537371],[13.217513,52.537626],[13.216729,52.537882],[13.21647,52.53797],[13.216299,52.538025],[13.216015,52.538105],[13.215854,52.538148],[13.215632,52.5382],[13.21538,52.538253],[13.215182,52.538289],[13.214953,52.538325],[13.214779,52.53835],[13.214517,52.538376],[13.214254,52.538396],[13.213987,52.538408],[13.213779,52.538412],[13.213513,52.538411],[13.213276,52.538403],[13.213041,52.538389],[13.212746,52.538364],[13.212494,52.538311],[13.212241,52.538264],[13.211987,52.538222],[13.211652,52.538176],[13.211353,52.538143],[13.211178,52.538127],[13.210885,52.538105],[13.210622,52.538092],[13.21027,52.538083],[13.209947,52.538084],[13.209691,52.538089],[13.209457,52.538102],[13.209015,52.538147],[13.208737,52.538182],[13.208548,52.538212],[13.208189,52.53828],[13.207856,52.538352],[13.20722,52.538509],[13.206327,52.538754],[13.205855,52.538885],[13.205526,52.538974],[13.205174,52.539052],[13.205003,52.539079],[13.204766,52.539108],[13.204592,52.539124],[13.204414,52.539135],[13.204266,52.53914],[13.204085,52.539142],[13.203938,52.53914],[13.203788,52.539134],[13.203581,52.539121],[13.203433,52.539107],[13.203259,52.539086],[13.203114,52.539065],[13.202972,52.53904],[13.2028,52.539006],[13.202634,52.538967],[13.202472,52.538924],[13.202338,52.538884],[13.202206,52.538841],[13.202052,52.538785],[13.201951,52.538746],[13.201807,52.538683],[13.201688,52.538628],[13.201485,52.538521],[13.2014,52.538472],[13.201276,52.538394],[13.201176,52.538326],[13.201027,52.538212],[13.200938,52.538139],[13.200842,52.538048],[13.200765,52.537971],[13.200691,52.537891],[13.200625,52.537811],[13.200563,52.537728],[13.200495,52.537627],[13.200392,52.537438],[13.200348,52.537333],[13.20031,52.537225],[13.200278,52.537099],[13.20026,52.536992],[13.20015,52.536118],[13.200041,52.535709],[13.199951,52.535427]]}},{"type":"Feature","properties":{"k":"track","lvl":"tunnel","lines":"U1 U3","c":"#7DAD4C","svc":"","bau":0,"name":"U1"},"geometry":{"type":"LineString","coordinates":[[13.392088,52.497781],[13.392458,52.497804],[13.393293,52.497899],[13.394076,52.497981],[13.394296,52.498005],[13.39512,52.498154],[13.395333,52.498189],[13.395434,52.498208],[13.396363,52.498298],[13.396589,52.498309],[13.396812,52.498317],[13.399394,52.498336],[13.3997,52.498335],[13.404439,52.498369]]}},{"type":"Feature","properties":{"k":"platform","name":"Möckernbrücke"},"geometry":{"type":"Polygon","coordinates":[[[13.383468,52.499139],[13.383354,52.499146],[13.383201,52.499149],[13.383046,52.499152],[13.382879,52.499148],[13.382709,52.499141],[13.382496,52.499131],[13.382287,52.499115],[13.382099,52.499097],[13.381949,52.499078],[13.381875,52.49907],[13.381869,52.499094],[13.382088,52.499124],[13.382349,52.499149],[13.382506,52.499165],[13.382722,52.499178],[13.382903,52.499185],[13.38306,52.499187],[13.383192,52.499186],[13.383328,52.499179],[13.38344,52.49917],[13.383558,52.499153],[13.383555,52.499134],[13.383468,52.499139]]]}},{"type":"Feature","properties":{"k":"platform","name":"Möckernbrücke"},"geometry":{"type":"Polygon","coordinates":[[[13.383445,52.499091],[13.383548,52.499086],[13.383543,52.499056],[13.383314,52.499052],[13.38307,52.499051],[13.383015,52.49905],[13.382946,52.499049],[13.382756,52.499043],[13.38257,52.499029],[13.382246,52.499004],[13.382086,52.498994],[13.381897,52.49899],[13.381889,52.499016],[13.381937,52.499021],[13.382127,52.49904],[13.382317,52.499058],[13.382551,52.499073],[13.38274,52.499083],[13.382888,52.499088],[13.383014,52.499091],[13.383171,52.499093],[13.383309,52.499094],[13.383445,52.499091]]]}},{"type":"Feature","properties":{"k":"track","lvl":"tunnel","lines":"U3","c":"#16683D","svc":"","bau":0,"name":"U3"},"geometry":{"type":"LineString","coordinates":[[13.280868,52.450725],[13.280727,52.450665]]}},{"type":"Feature","properties":{"k":"track","lvl":"tunnel","lines":"U3","c":"#16683D","svc":"","bau":0,"name":"U3"},"geometry":{"type":"LineString","coordinates":[[13.280817,52.450601],[13.280952,52.450653]]}},{"type":"Feature","properties":{"k":"track","lvl":"tunnel","lines":"U3","c":"#16683D","svc":"","bau":0,"name":"U3"},"geometry":{"type":"LineString","coordinates":[[13.280952,52.450653],[13.281851,52.451033],[13.282512,52.451332]]}},{"type":"Feature","properties":{"k":"track","lvl":"tunnel","lines":"U3","c":"#16683D","svc":"","bau":0,"name":"U3"},"geometry":{"type":"LineString","coordinates":[[13.282445,52.451387],[13.281497,52.450998],[13.280868,52.450725]]}},{"type":"Feature","properties":{"k":"track","lvl":"tunnel","lines":"U3","c":"#16683D","svc":"","bau":0,"name":"U3"},"geometry":{"type":"LineString","coordinates":[[13.28279,52.451457],[13.283068,52.45159],[13.28331,52.451704],[13.284116,52.452043],[13.284525,52.452229],[13.284743,52.452332],[13.284932,52.452436],[13.285122,52.452546],[13.285284,52.452652],[13.285363,52.452705],[13.285439,52.452759],[13.285549,52.452841],[13.285658,52.452927],[13.28575,52.453005],[13.285838,52.453084],[13.286099,52.453351],[13.286997,52.454354],[13.288818,52.456384],[13.289122,52.456684],[13.289274,52.45683]]}},{"type":"Feature","properties":{"k":"track","lvl":"tunnel","lines":"U3","c":"#16683D","svc":"","bau":0,"name":"U3"},"geometry":{"type":"LineString","coordinates":[[13.282512,52.451332],[13.28279,52.451457]]}},{"type":"Feature","properties":{"k":"track","lvl":"tunnel","lines":"U3","c":"#16683D","svc":"","bau":0,"name":"U3"},"geometry":{"type":"LineString","coordinates":[[13.282732,52.45152],[13.282445,52.451387]]}},{"type":"Feature","properties":{"k":"track","lvl":"tunnel","lines":"U3","c":"#16683D","svc":"","bau":0,"name":"U3"},"geometry":{"type":"LineString","coordinates":[[13.290003,52.457645],[13.29018,52.457855],[13.290442,52.45819]]}},{"type":"Feature","properties":{"k":"track","lvl":"tunnel","lines":"U3","c":"#16683D","svc":"","bau":0,"name":"U3"},"geometry":{"type":"LineString","coordinates":[[13.290442,52.45819],[13.290631,52.458432],[13.290739,52.458599],[13.290812,52.45875],[13.292139,52.461778],[13.292269,52.461988],[13.292422,52.46219],[13.292737,52.462546],[13.293079,52.46284],[13.293469,52.463106],[13.293836,52.463323],[13.294329,52.46355],[13.294712,52.46369],[13.295224,52.463857],[13.296001,52.464137],[13.296553,52.464342]]}},{"type":"Feature","properties":{"k":"track","lvl":"tunnel","lines":"U3","c":"#16683D","svc":"","bau":0,"name":"U3"},"geometry":{"type":"LineString","coordinates":[[13.296458,52.464418],[13.295923,52.464226],[13.295149,52.463946],[13.294675,52.463732],[13.294291,52.463577],[13.293802,52.463347],[13.29343,52.463131],[13.293054,52.462864],[13.292705,52.462562],[13.292379,52.462196],[13.292223,52.461992],[13.292095,52.461785],[13.290759,52.458734],[13.290689,52.4586],[13.290581,52.458437],[13.290405,52.458218]]}},{"type":"Feature","properties":{"k":"track","lvl":"tunnel","lines":"U3","c":"#16683D","svc":"","bau":0,"name":"U3"},"geometry":{"type":"LineString","coordinates":[[13.290405,52.458218],[13.289898,52.457693]]}},{"type":"Feature","properties":{"k":"track","lvl":"tunnel","lines":"U3","c":"#16683D","svc":"","bau":0,"name":"U3"},"geometry":{"type":"LineString","coordinates":[[13.289274,52.45683],[13.289444,52.457005],[13.289779,52.457393],[13.289826,52.457446],[13.289916,52.457549],[13.290003,52.457645]]}},{"type":"Feature","properties":{"k":"track","lvl":"tunnel","lines":"U3","c":"#16683D","svc":"","bau":0,"name":"U3"},"geometry":{"type":"LineString","coordinates":[[13.288943,52.456593],[13.288781,52.456396],[13.286067,52.453373],[13.285808,52.453109],[13.285715,52.453028],[13.285617,52.452947],[13.285507,52.452859],[13.285402,52.45278],[13.285327,52.452727],[13.285247,52.452674],[13.285083,52.452567],[13.284902,52.45246],[13.284714,52.452357],[13.284088,52.452063],[13.283271,52.451719],[13.283032,52.451628],[13.282732,52.45152]]}},{"type":"Feature","properties":{"k":"track","lvl":"tunnel","lines":"","c":"#8a8a8a","svc":"siding","bau":0,"name":"U6"},"geometry":{"type":"LineString","coordinates":[[13.322672,52.564375],[13.325275,52.563678],[13.325532,52.563634],[13.325784,52.563591],[13.326246,52.56351]]}},{"type":"Feature","properties":{"k":"track","lvl":"tunnel","lines":"","c":"#8a8a8a","svc":"siding","bau":0,"name":"U6"},"geometry":{"type":"LineString","coordinates":[[13.326189,52.563426],[13.325756,52.563559],[13.325532,52.563634],[13.325299,52.563712],[13.32269,52.564405]]}},{"type":"Feature","properties":{"k":"track","lvl":"tunnel","lines":"U6","c":"#8C6DAB","svc":"","bau":0,"name":"U6"},"geometry":{"type":"LineString","coordinates":[[13.329563,52.562572],[13.329953,52.562468],[13.33055,52.562309],[13.330843,52.562235],[13.331035,52.562178],[13.331826,52.561749],[13.332874,52.561156],[13.333796,52.560629]]}},{"type":"Feature","properties":{"k":"track","lvl":"ground","lines":"","c":"#8a8a8a","svc":"yard","bau":0,"name":""},"geometry":{"type":"LineString","coordinates":[[13.516919,52.502352],[13.517385,52.502038],[13.517885,52.501736],[13.51849,52.501398],[13.518737,52.501245],[13.519008,52.501042],[13.519307,52.500715],[13.519417,52.500475],[13.519496,52.500235],[13.519521,52.500163]]}},{"type":"Feature","properties":{"k":"track","lvl":"ground","lines":"","c":"#8a8a8a","svc":"yard","bau":0,"name":""},"geometry":{"type":"LineString","coordinates":[[13.516186,52.503207],[13.516005,52.503339],[13.515795,52.50353],[13.515571,52.503733],[13.515377,52.503914],[13.514494,52.504727],[13.514423,52.504796]]}},{"type":"Feature","properties":{"k":"track","lvl":"bridge","lines":"","c":"#8a8a8a","svc":"yard","bau":0,"name":""},"geometry":{"type":"LineString","coordinates":[[13.374004,52.498651],[13.374086,52.498818],[13.374181,52.498978],[13.374237,52.499045],[13.374296,52.499106],[13.374384,52.49918],[13.374476,52.499234],[13.374572,52.499286],[13.374664,52.499325],[13.374763,52.49936],[13.374838,52.49938],[13.374914,52.499398],[13.374988,52.499411],[13.375067,52.499421],[13.375219,52.499429],[13.37538,52.499429],[13.375531,52.499429],[13.375677,52.499428],[13.375798,52.499424],[13.375917,52.499417],[13.376188,52.499399]]}},{"type":"Feature","properties":{"k":"track","lvl":"cut","lines":"","c":"#8a8a8a","svc":"crossover","bau":0,"name":""},"geometry":{"type":"LineString","coordinates":[[13.604164,52.535943],[13.60366,52.535855],[13.603159,52.535758],[13.602677,52.535641]]}},{"type":"Feature","properties":{"k":"track","lvl":"cut","lines":"U5","c":"#7E5330","svc":"","bau":0,"name":""},"geometry":{"type":"LineString","coordinates":[[13.609265,52.537261],[13.614907,52.53844],[13.615401,52.538525],[13.615898,52.538593],[13.616894,52.538722],[13.619083,52.538992],[13.620224,52.539147]]}},{"type":"Feature","properties":{"k":"track","lvl":"cut","lines":"U5","c":"#7E5330","svc":"","bau":0,"name":""},"geometry":{"type":"LineString","coordinates":[[13.604164,52.535943],[13.607399,52.53679],[13.608019,52.536954],[13.609265,52.537261]]}},{"type":"Feature","properties":{"k":"track","lvl":"bridge","lines":"","c":"#8a8a8a","svc":"yard","bau":0,"name":""},"geometry":{"type":"LineString","coordinates":[[13.449099,52.504717],[13.449265,52.504838],[13.449366,52.504897],[13.449519,52.504956],[13.449659,52.504984],[13.449805,52.504999],[13.449987,52.504988],[13.450107,52.504971]]}},{"type":"Feature","properties":{"k":"track","lvl":"bridge","lines":"","c":"#8a8a8a","svc":"yard","bau":0,"name":""},"geometry":{"type":"LineString","coordinates":[[13.448856,52.504477],[13.449037,52.504598],[13.449252,52.504689],[13.449389,52.504748],[13.449583,52.50479],[13.449764,52.504798],[13.449965,52.504788]]}},{"type":"Feature","properties":{"k":"track","lvl":"ground","lines":"U5","c":"#7E5330","svc":"","bau":0,"name":""},"geometry":{"type":"LineString","coordinates":[[13.558839,52.503937],[13.55841,52.503677],[13.557971,52.503431],[13.557464,52.50317],[13.556762,52.502842],[13.556048,52.502529],[13.555356,52.502245],[13.554898,52.502066],[13.554438,52.501894],[13.554255,52.501829],[13.553966,52.501729],[13.553762,52.501661],[13.553535,52.501588],[13.553302,52.501517],[13.553083,52.501453],[13.552858,52.50139],[13.550271,52.500691],[13.547913,52.500054]]}},{"type":"Feature","properties":{"k":"track","lvl":"ground","lines":"U5","c":"#7E5330","svc":"","bau":0,"name":""},"geometry":{"type":"LineString","coordinates":[[13.55951,52.50423],[13.559938,52.504525],[13.561193,52.505448],[13.561523,52.505691]]}},{"type":"Feature","properties":{"k":"track","lvl":"tunnel","lines":"U1 U3","c":"#7DAD4C","svc":"","bau":0,"name":"U1"},"geometry":{"type":"LineString","coordinates":[[13.445066,52.501159],[13.445033,52.501135],[13.444999,52.501113],[13.444964,52.501091],[13.444919,52.501066],[13.444872,52.501042],[13.44483,52.501022],[13.444786,52.501004],[13.444734,52.500985],[13.444666,52.500963],[13.444594,52.500944],[13.44452,52.500927],[13.444441,52.500913],[13.444371,52.500904],[13.444281,52.500895],[13.444186,52.500891],[13.444123,52.500891],[13.444058,52.500893],[13.443987,52.500899],[13.443902,52.500909],[13.443795,52.500925],[13.443086,52.50105],[13.442953,52.501073],[13.442874,52.501084],[13.442804,52.501092],[13.442727,52.501099],[13.442648,52.501104]]}},{"type":"Feature","properties":{"k":"track","lvl":"tunnel","lines":"U1 U3","c":"#7DAD4C","svc":"","bau":0,"name":"U1"},"geometry":{"type":"LineString","coordinates":[[13.442592,52.501079],[13.44266,52.501077],[13.442747,52.501072],[13.442826,52.501063],[13.442928,52.501049],[13.443069,52.501025],[13.443784,52.500897],[13.443892,52.500881],[13.44398,52.500872],[13.44406,52.500867],[13.44413,52.500864],[13.444199,52.500865],[13.444289,52.500868],[13.444373,52.500876],[13.444451,52.500886],[13.444531,52.500901],[13.444605,52.500917],[13.444677,52.500937],[13.444753,52.500962],[13.444809,52.500982],[13.444857,52.501002],[13.444904,52.501023],[13.44495,52.501047],[13.444996,52.501072],[13.445032,52.501095],[13.445067,52.501119],[13.445099,52.501143]]}},{"type":"Feature","properties":{"k":"track","lvl":"tunnel","lines":"U1 U3","c":"#7DAD4C","svc":"","bau":0,"name":"U1"},"geometry":{"type":"LineString","coordinates":[[13.446937,52.502561],[13.447096,52.502685],[13.447136,52.502719],[13.447183,52.502759]]}},{"type":"Feature","properties":{"k":"track","lvl":"tunnel","lines":"U1 U3","c":"#7DAD4C","svc":"","bau":0,"name":"U1"},"geometry":{"type":"LineString","coordinates":[[13.364,52.499641],[13.364108,52.499665],[13.364188,52.499687],[13.364666,52.499826],[13.364769,52.499859],[13.364848,52.499884],[13.36493,52.499907],[13.365039,52.499934],[13.365166,52.499965],[13.365355,52.499997],[13.36549,52.500011],[13.36561,52.500013],[13.365759,52.500018]]}},{"type":"Feature","properties":{"k":"track","lvl":"tunnel","lines":"U1 U3","c":"#7DAD4C","svc":"","bau":0,"name":"U1"},"geometry":{"type":"LineString","coordinates":[[13.365782,52.500042],[13.365547,52.500042],[13.365402,52.500036],[13.365242,52.500021],[13.365021,52.499993],[13.364638,52.499907],[13.364531,52.499877],[13.364402,52.499835],[13.364298,52.499801],[13.364218,52.499778],[13.364108,52.49975],[13.363996,52.499726],[13.36388,52.499706],[13.363723,52.499684],[13.363589,52.499671]]}},{"type":"Feature","properties":{"k":"track","lvl":"tunnel","lines":"U1 U3","c":"#7DAD4C","svc":"","bau":0,"name":"U1"},"geometry":{"type":"LineString","coordinates":[[13.427166,52.499227],[13.426518,52.499201],[13.426249,52.49919],[13.425312,52.499161],[13.425173,52.499158],[13.425014,52.499155],[13.422873,52.499131],[13.422713,52.49913],[13.422576,52.499132],[13.422419,52.499135],[13.422267,52.499138],[13.422108,52.499138],[13.420568,52.499121],[13.419631,52.499098],[13.419282,52.499092],[13.418805,52.499075],[13.418556,52.499063],[13.418178,52.499039],[13.417891,52.499014],[13.417499,52.498972],[13.417076,52.498918],[13.416569,52.498851],[13.414543,52.498556],[13.414296,52.498534],[13.414056,52.498523]]}},{"type":"Feature","properties":{"k":"track","lvl":"tunnel","lines":"U1 U3","c":"#7DAD4C","svc":"","bau":0,"name":"U1"},"geometry":{"type":"LineString","coordinates":[[13.414053,52.498497],[13.414293,52.498506],[13.414551,52.498534],[13.41659,52.498828],[13.416842,52.498859],[13.416989,52.498875],[13.417107,52.498885],[13.417206,52.498892],[13.4173,52.498897],[13.417521,52.498904],[13.417852,52.498911],[13.418131,52.498919],[13.418445,52.498933],[13.418741,52.498954],[13.41898,52.498975],[13.419295,52.499008],[13.419493,52.499027],[13.419568,52.499034],[13.419627,52.499038],[13.419688,52.499042],[13.419745,52.499044],[13.419932,52.499048],[13.420591,52.499063],[13.420885,52.499067],[13.421961,52.499079],[13.422142,52.499081],[13.422306,52.499085],[13.422445,52.499091],[13.422552,52.499096],[13.422669,52.4991],[13.422784,52.499103],[13.425014,52.499128],[13.42517,52.499131],[13.425334,52.499135],[13.426252,52.499163],[13.426521,52.499174],[13.427171,52.4992]]}},{"type":"Feature","properties":{"k":"track","lvl":"tunnel","lines":"U1 U3","c":"#7DAD4C","svc":"","bau":0,"name":"U1"},"geometry":{"type":"LineString","coordinates":[[13.445099,52.501143],[13.445191,52.501212],[13.446464,52.502195],[13.446937,52.502561]]}},{"type":"Feature","properties":{"k":"track","lvl":"tunnel","lines":"U1 U3","c":"#7DAD4C","svc":"","bau":0,"name":"U1"},"geometry":{"type":"LineString","coordinates":[[13.446901,52.502577],[13.446429,52.502211],[13.445158,52.501229],[13.445066,52.501159]]}},{"type":"Feature","properties":{"k":"track","lvl":"tunnel","lines":"U1 U3","c":"#7DAD4C","svc":"","bau":0,"name":"U1"},"geometry":{"type":"LineString","coordinates":[[13.404435,52.498396],[13.39975,52.498374],[13.399444,52.498373],[13.396881,52.498353],[13.396617,52.498348],[13.396355,52.498332],[13.396179,52.498314],[13.395426,52.498241],[13.395312,52.498227],[13.394671,52.498112],[13.394178,52.49803],[13.392742,52.497879],[13.392349,52.49784],[13.392093,52.497825]]}},{"type":"Feature","properties":{"k":"track","lvl":"tunnel","lines":"U9","c":"#F3791D","svc":"","bau":0,"name":"U9"},"geometry":{"type":"LineString","coordinates":[[13.3759,52.56038],[13.375618,52.560152],[13.375393,52.559947],[13.375175,52.559706],[13.373909,52.558023],[13.373723,52.557722]]}},{"type":"Feature","properties":{"k":"track","lvl":"tunnel","lines":"U6","c":"#8C6DAB","svc":"","bau":0,"name":"U6"},"geometry":{"type":"LineString","coordinates":[[13.389613,52.512445],[13.389527,52.512769],[13.389352,52.513844],[13.389323,52.514296],[13.389196,52.515073],[13.389132,52.515429],[13.389063,52.515645],[13.389024,52.51583],[13.388849,52.516906],[13.388815,52.51712],[13.388772,52.517395],[13.388729,52.517667],[13.388569,52.518642]]}},{"type":"Feature","properties":{"k":"track","lvl":"tunnel","lines":"U2","c":"#DA421E","svc":"","bau":0,"name":""},"geometry":{"type":"LineString","coordinates":[[13.285806,52.510271],[13.284636,52.510205]]}},{"type":"Feature","properties":{"k":"track","lvl":"tunnel","lines":"U2","c":"#DA421E","svc":"","bau":0,"name":""},"geometry":{"type":"LineString","coordinates":[[13.322776,52.511246],[13.325367,52.509409],[13.325505,52.509316],[13.325689,52.5092],[13.325882,52.50909],[13.32613,52.508963],[13.32659,52.508739],[13.327208,52.508464],[13.330834,52.506797]]}},{"type":"Feature","properties":{"k":"track","lvl":"tunnel","lines":"U5","c":"#7E5330","svc":"","bau":0,"name":""},"geometry":{"type":"LineString","coordinates":[[13.500011,52.51076],[13.500332,52.510664],[13.510362,52.507527],[13.510522,52.507483],[13.510713,52.507433],[13.510846,52.507395],[13.510978,52.507353],[13.511157,52.507289],[13.511307,52.507232],[13.51143,52.507181],[13.511524,52.507138],[13.511638,52.507078],[13.511744,52.507016],[13.511847,52.506951],[13.511905,52.506909],[13.512116,52.506721],[13.513149,52.505771],[13.51327,52.50566],[13.5135,52.505445],[13.51376,52.505186],[13.514513,52.50447],[13.515704,52.50347],[13.515847,52.503357],[13.516174,52.503126],[13.516641,52.502826],[13.516807,52.502727],[13.517324,52.502432],[13.517769,52.502187],[13.518063,52.50204],[13.519826,52.501218],[13.520054,52.501103],[13.520297,52.500971],[13.520446,52.500883],[13.520549,52.500817],[13.520726,52.500696],[13.520873,52.500584],[13.520998,52.500483],[13.521133,52.500364],[13.521242,52.500257],[13.521358,52.50013],[13.521413,52.500062],[13.521537,52.499899],[13.52163,52.499766],[13.52176,52.499566]]}},{"type":"Feature","properties":{"k":"platform","name":"Mendelssohn-Bartholdy-Park"},"geometry":{"type":"Polygon","coordinates":[[[13.374679,52.50338],[13.374729,52.503532],[13.374884,52.50393],[13.374947,52.504071],[13.375074,52.504315],[13.375004,52.504331],[13.374937,52.504211],[13.374919,52.504213],[13.374894,52.504159],[13.374911,52.504156],[13.374878,52.504086],[13.374805,52.503934],[13.374835,52.50393],[13.374699,52.503577],[13.374683,52.503536],[13.374617,52.503543],[13.37457,52.503385],[13.374565,52.50337],[13.374555,52.503338],[13.37464,52.503332],[13.37465,52.503331],[13.374651,52.503337],[13.374665,52.503336],[13.374679,52.50338]]]}},{"type":"Feature","properties":{"k":"platform","name":"Mendelssohn-Bartholdy-Park"},"geometry":{"type":"Polygon","coordinates":[[[13.37518,52.504295],[13.37525,52.50428],[13.375189,52.504163],[13.375206,52.50416],[13.375177,52.504104],[13.375161,52.504107],[13.375124,52.504031],[13.37506,52.503893],[13.375031,52.503897],[13.374895,52.503539],[13.374885,52.503513],[13.374949,52.503506],[13.374902,52.503348],[13.374889,52.503304],[13.374793,52.503314],[13.374795,52.503321],[13.374784,52.503323],[13.374793,52.503359],[13.374848,52.503517],[13.374996,52.503903],[13.375057,52.504045],[13.37518,52.504295]]]}},{"type":"Feature","properties":{"k":"track","lvl":"tunnel","lines":"U6","c":"#8C6DAB","svc":"","bau":0,"name":"U6"},"geometry":{"type":"LineString","coordinates":[[13.359693,52.546066],[13.361618,52.544977],[13.362376,52.544545],[13.364241,52.54347],[13.364438,52.543343],[13.365302,52.542847],[13.365623,52.542665],[13.366513,52.542193],[13.367047,52.541862],[13.368008,52.541312],[13.369195,52.540636],[13.369472,52.540463],[13.370009,52.540112],[13.370405,52.539859],[13.370643,52.539707],[13.370803,52.539605],[13.37137,52.539281],[13.371702,52.539076],[13.373243,52.538061],[13.374883,52.536983],[13.375254,52.536741],[13.375788,52.53638],[13.375972,52.53623]]}},{"type":"Feature","properties":{"k":"track","lvl":"ground","lines":"","c":"#8a8a8a","svc":"siding","bau":0,"name":""},"geometry":{"type":"LineString","coordinates":[[13.249669,52.517719],[13.249885,52.517304]]}},{"type":"Feature","properties":{"k":"track","lvl":"tunnel","lines":"U2","c":"#DA421E","svc":"","bau":0,"name":""},"geometry":{"type":"LineString","coordinates":[[13.412194,52.514862],[13.412303,52.515751],[13.412351,52.516105],[13.412389,52.516242],[13.412499,52.516637],[13.412538,52.517012],[13.412527,52.517207],[13.412488,52.517384],[13.412395,52.517612],[13.412337,52.517706],[13.4123,52.517766],[13.412287,52.517781],[13.412081,52.518006],[13.411853,52.518228],[13.411604,52.518456],[13.411522,52.518538],[13.411462,52.518634],[13.411438,52.51869],[13.411422,52.518795],[13.411429,52.518881],[13.411454,52.518977],[13.411501,52.51908],[13.411554,52.519155],[13.411656,52.519254],[13.411865,52.519386],[13.412113,52.519507],[13.413046,52.519891],[13.413444,52.520051],[13.41378,52.520168],[13.414164,52.520295],[13.414302,52.520352],[13.414444,52.520418],[13.414504,52.520457],[13.414561,52.5205],[13.414646,52.520585],[13.414724,52.52069],[13.414771,52.520772],[13.414799,52.520894],[13.414795,52.520978]]}},{"type":"Feature","properties":{"k":"track","lvl":"tunnel","lines":"U3","c":"#16683D","svc":"","bau":0,"name":"U3"},"geometry":{"type":"LineString","coordinates":[[13.251328,52.449292],[13.250857,52.449095],[13.250237,52.448816],[13.249443,52.448429],[13.248748,52.448071],[13.247948,52.44761],[13.24664,52.446784],[13.245289,52.445856],[13.245185,52.445787],[13.245008,52.445673],[13.243771,52.444927]]}},{"type":"Feature","properties":{"k":"track","lvl":"tunnel","lines":"U3","c":"#16683D","svc":"","bau":0,"name":"U3"},"geometry":{"type":"LineString","coordinates":[[13.255216,52.450398],[13.255954,52.450536],[13.256792,52.450656],[13.257887,52.450769],[13.258705,52.450827],[13.259441,52.450858],[13.260121,52.450867],[13.260535,52.450866],[13.26092,52.450858],[13.26157,52.450829],[13.262807,52.450745],[13.26673,52.45049],[13.267335,52.450451],[13.267967,52.450387],[13.268333,52.450354],[13.2687,52.45033],[13.269056,52.450307],[13.269581,52.450271],[13.270284,52.450242],[13.271034,52.450211],[13.275876,52.449892],[13.276708,52.449844],[13.277198,52.449842],[13.277586,52.449859],[13.27769,52.449863],[13.278232,52.449916],[13.278734,52.44999]]}},{"type":"Feature","properties":{"k":"track","lvl":"tunnel","lines":"U3","c":"#16683D","svc":"","bau":0,"name":"U-Onkel-Toms-Hütte - U3"},"geometry":{"type":"LineString","coordinates":[[13.253809,52.450146],[13.253247,52.449995],[13.25269,52.449826],[13.252268,52.44968]]}},{"type":"Feature","properties":{"k":"track","lvl":"tunnel","lines":"U3","c":"#16683D","svc":"","bau":0,"name":"U3"},"geometry":{"type":"LineString","coordinates":[[13.251354,52.449248],[13.252361,52.449583]]}},{"type":"Feature","properties":{"k":"track","lvl":"tunnel","lines":"U3","c":"#16683D","svc":"","bau":0,"name":"U3"},"geometry":{"type":"LineString","coordinates":[[13.252268,52.44968],[13.251328,52.449292]]}},{"type":"Feature","properties":{"k":"track","lvl":"tunnel","lines":"U3","c":"#16683D","svc":"","bau":0,"name":"U3"},"geometry":{"type":"LineString","coordinates":[[13.25388,52.45005],[13.254513,52.450232],[13.255216,52.450398]]}},{"type":"Feature","properties":{"k":"track","lvl":"tunnel","lines":"U3","c":"#16683D","svc":"","bau":0,"name":"U3"},"geometry":{"type":"LineString","coordinates":[[13.255198,52.450442],[13.254462,52.450296],[13.253809,52.450146]]}},{"type":"Feature","properties":{"k":"track","lvl":"tunnel","lines":"U3","c":"#16683D","svc":"","bau":0,"name":"U3"},"geometry":{"type":"LineString","coordinates":[[13.252361,52.449583],[13.253546,52.449948],[13.25388,52.45005]]}},{"type":"Feature","properties":{"k":"platform","name":"Kurt-Schumacher-Platz"},"geometry":{"type":"Polygon","coordinates":[[[13.326197,52.563439],[13.326237,52.563496],[13.326734,52.563367],[13.327307,52.563218],[13.327844,52.563078],[13.327803,52.56302],[13.327269,52.56316],[13.326695,52.563309],[13.326197,52.563439]]]}},{"type":"Feature","properties":{"k":"platform","name":"Alexanderplatz"},"geometry":{"type":"Polygon","coordinates":[[[13.414405,52.521672],[13.414001,52.521462],[13.413686,52.521302],[13.413124,52.521065],[13.412996,52.521009],[13.412955,52.521038],[13.412912,52.52107],[13.413037,52.521133],[13.413903,52.521538],[13.414323,52.521733],[13.414343,52.521717],[13.414362,52.521703],[13.414381,52.521689],[13.414405,52.521672]]]}},{"type":"Feature","properties":{"k":"platform","name":""},"geometry":{"type":"Polygon","coordinates":[[[13.385631,52.464865],[13.385599,52.464866],[13.385599,52.465069],[13.38563,52.465852],[13.385713,52.465849],[13.385666,52.464864],[13.385631,52.464865]]]}},{"type":"Feature","properties":{"k":"track","lvl":"tunnel","lines":"U2","c":"#DA421E","svc":"","bau":0,"name":""},"geometry":{"type":"LineString","coordinates":[[13.344448,52.501491],[13.349952,52.500342]]}},{"type":"Feature","properties":{"k":"track","lvl":"tunnel","lines":"U2","c":"#DA421E","svc":"","bau":0,"name":""},"geometry":{"type":"LineString","coordinates":[[13.34216,52.502041],[13.341978,52.502102],[13.341737,52.502185],[13.341634,52.50222],[13.340198,52.50279],[13.339487,52.503077],[13.336975,52.504124],[13.336798,52.504193],[13.336692,52.504244],[13.336623,52.504323],[13.336289,52.504774],[13.336204,52.504868],[13.336154,52.504908],[13.336053,52.504974],[13.335991,52.505009],[13.335899,52.505053],[13.335802,52.505089],[13.335724,52.505112],[13.335642,52.505132],[13.335503,52.505158],[13.335418,52.505168],[13.334805,52.505219],[13.334687,52.505234],[13.334603,52.505249],[13.334517,52.505269],[13.334409,52.505302],[13.334307,52.50534],[13.334054,52.505456]]}},{"type":"Feature","properties":{"k":"track","lvl":"tunnel","lines":"U1","c":"#7DAD4C","svc":"","bau":0,"name":"U1"},"geometry":{"type":"LineString","coordinates":[[13.342007,52.501856],[13.342479,52.501687],[13.342745,52.501621],[13.342867,52.501595],[13.342992,52.501568],[13.343304,52.501517],[13.343612,52.50148]]}},{"type":"Feature","properties":{"k":"track","lvl":"tunnel","lines":"U3","c":"#16683D","svc":"","bau":0,"name":""},"geometry":{"type":"LineString","coordinates":[[13.342053,52.501929],[13.342542,52.501789],[13.342797,52.50173],[13.342931,52.5017],[13.343052,52.501674],[13.343422,52.501599],[13.343751,52.501545]]}},{"type":"Feature","properties":{"k":"track","lvl":"tunnel","lines":"U2","c":"#DA421E","svc":"","bau":0,"name":""},"geometry":{"type":"LineString","coordinates":[[13.342151,52.502005],[13.342606,52.501878],[13.343129,52.501764],[13.343472,52.501694],[13.343793,52.501629],[13.344448,52.501491]]}},{"type":"Feature","properties":{"k":"platform","name":"Wittenbergplatz"},"geometry":{"type":"Polygon","coordinates":[[[13.343547,52.501812],[13.343861,52.501732],[13.343835,52.501684],[13.343512,52.501749],[13.343152,52.501821],[13.342854,52.501885],[13.342494,52.501959],[13.342173,52.502052],[13.342195,52.502086],[13.342888,52.501953],[13.343189,52.501889],[13.343547,52.501812]]]}},{"type":"Feature","properties":{"k":"platform","name":"Wittenbergplatz"},"geometry":{"type":"Polygon","coordinates":[[[13.342597,52.501866],[13.342815,52.501817],[13.343113,52.501754],[13.343465,52.501681],[13.343786,52.501615],[13.343756,52.501559],[13.343428,52.501613],[13.343075,52.501685],[13.342776,52.501751],[13.342552,52.501801],[13.342093,52.501934],[13.342142,52.501992],[13.342597,52.501866]]]}},{"type":"Feature","properties":{"k":"platform","name":"Wittenbergplatz"},"geometry":{"type":"Polygon","coordinates":[[[13.34306,52.501658],[13.343413,52.501585],[13.34373,52.501534],[13.343708,52.501488],[13.343603,52.501495],[13.343308,52.501531],[13.343017,52.50158],[13.342753,52.501634],[13.342714,52.501644],[13.342488,52.5017],[13.342264,52.501779],[13.34203,52.501861],[13.342071,52.501909],[13.342533,52.501775],[13.342763,52.501723],[13.34306,52.501658]]]}},{"type":"Feature","properties":{"k":"track","lvl":"tunnel","lines":"U3","c":"#16683D","svc":"","bau":0,"name":"U3"},"geometry":{"type":"LineString","coordinates":[[13.315858,52.490834],[13.315988,52.490891],[13.316133,52.490949],[13.316265,52.491],[13.317506,52.491436],[13.317865,52.491556],[13.318108,52.491658],[13.318379,52.491768],[13.318582,52.491842],[13.320595,52.492517],[13.321571,52.492852],[13.323426,52.493582],[13.323659,52.49366],[13.324179,52.493807],[13.325329,52.494233],[13.32582,52.494412],[13.325957,52.494465],[13.326025,52.494494],[13.326109,52.494545],[13.326223,52.494604],[13.326318,52.494649],[13.326892,52.494869],[13.327014,52.494917],[13.327171,52.49497],[13.327332,52.495017],[13.32747,52.49505],[13.327639,52.495083],[13.327756,52.495102],[13.329882,52.495305],[13.330023,52.49532],[13.330163,52.495347],[13.330266,52.495374],[13.330393,52.495419],[13.330467,52.495452],[13.330547,52.495493],[13.33063,52.495542],[13.330704,52.495596],[13.330771,52.495654],[13.330858,52.495722],[13.330976,52.495939],[13.331054,52.496099],[13.331109,52.496198],[13.331177,52.496274],[13.331216,52.496313],[13.331312,52.496397],[13.332355,52.497021],[13.333218,52.49753],[13.333369,52.497616],[13.333516,52.497704],[13.333678,52.497808],[13.333796,52.497887],[13.333907,52.49797],[13.334125,52.498139],[13.33425,52.498239],[13.334352,52.498327],[13.33443,52.498403],[13.334501,52.498481],[13.334569,52.49856],[13.334656,52.498674],[13.334726,52.498754],[13.33485,52.498877],[13.334999,52.499012],[13.335904,52.499853]]}},{"type":"Feature","properties":{"k":"track","lvl":"tunnel","lines":"U1","c":"#7DAD4C","svc":"","bau":0,"name":"U1"},"geometry":{"type":"LineString","coordinates":[[13.328623,52.503157],[13.329268,52.503303],[13.331818,52.503884],[13.333902,52.504249],[13.334376,52.50435],[13.334647,52.504391],[13.334801,52.504404],[13.334964,52.504409],[13.33522,52.504407],[13.335407,52.504391],[13.33556,52.504375],[13.335648,52.504363],[13.335814,52.504335],[13.3361,52.50428],[13.336288,52.504228],[13.336467,52.504166],[13.336868,52.504012]]}},{"type":"Feature","properties":{"k":"track","lvl":"tunnel","lines":"U1 U3","c":"#7DAD4C","svc":"","bau":0,"name":"U1"},"geometry":{"type":"LineString","coordinates":[[13.360756,52.500367],[13.358892,52.500906],[13.35873,52.50095],[13.358651,52.500966],[13.358567,52.500977],[13.358219,52.501004],[13.358129,52.501005],[13.358035,52.501002],[13.35796,52.500995],[13.357884,52.500983],[13.357676,52.50095],[13.357453,52.500887],[13.357211,52.500831],[13.356251,52.500509],[13.355059,52.500113],[13.354607,52.499962],[13.35447,52.499923],[13.354377,52.499901],[13.354254,52.499875],[13.354003,52.499828],[13.353893,52.499812],[13.353732,52.499795],[13.353546,52.499789],[13.353334,52.499798],[13.353152,52.499811],[13.352928,52.499832],[13.352539,52.499883]]}},{"type":"Feature","properties":{"k":"track","lvl":"ground","lines":"","c":"#8a8a8a","svc":"yard","bau":0,"name":""},"geometry":{"type":"LineString","coordinates":[[13.440197,52.436928],[13.44001,52.437017],[13.439903,52.437075],[13.439667,52.437182]]}},{"type":"Feature","properties":{"k":"track","lvl":"ground","lines":"","c":"#8a8a8a","svc":"yard","bau":0,"name":""},"geometry":{"type":"LineString","coordinates":[[13.443234,52.435235],[13.443839,52.434996]]}},{"type":"Feature","properties":{"k":"track","lvl":"ground","lines":"","c":"#8a8a8a","svc":"yard","bau":0,"name":""},"geometry":{"type":"LineString","coordinates":[[13.446626,52.434765],[13.446994,52.434669]]}},{"type":"Feature","properties":{"k":"track","lvl":"ground","lines":"","c":"#8a8a8a","svc":"yard","bau":0,"name":""},"geometry":{"type":"LineString","coordinates":[[13.446144,52.434954],[13.445856,52.435114]]}},{"type":"Feature","properties":{"k":"track","lvl":"ground","lines":"","c":"#8a8a8a","svc":"yard","bau":0,"name":""},"geometry":{"type":"LineString","coordinates":[[13.443846,52.434933],[13.443439,52.435115],[13.440135,52.436415]]}},{"type":"Feature","properties":{"k":"track","lvl":"ground","lines":"","c":"#8a8a8a","svc":"yard","bau":0,"name":""},"geometry":{"type":"LineString","coordinates":[[13.44326,52.435375],[13.442465,52.435814],[13.440169,52.436723]]}},{"type":"Feature","properties":{"k":"track","lvl":"ground","lines":"","c":"#8a8a8a","svc":"yard","bau":0,"name":""},"geometry":{"type":"LineString","coordinates":[[13.445113,52.434543],[13.444583,52.434728],[13.443846,52.434933]]}},{"type":"Feature","properties":{"k":"track","lvl":"ground","lines":"","c":"#8a8a8a","svc":"yard","bau":0,"name":""},"geometry":{"type":"LineString","coordinates":[[13.442911,52.435522],[13.442436,52.435784],[13.440138,52.436689]]}},{"type":"Feature","properties":{"k":"track","lvl":"ground","lines":"","c":"#8a8a8a","svc":"yard","bau":0,"name":""},"geometry":{"type":"LineString","coordinates":[[13.443439,52.435115],[13.443234,52.435235],[13.439113,52.436861],[13.439026,52.436896]]}},{"type":"Feature","properties":{"k":"track","lvl":"ground","lines":"","c":"#8a8a8a","svc":"yard","bau":0,"name":""},"geometry":{"type":"LineString","coordinates":[[13.445438,52.43515],[13.445532,52.435114],[13.446167,52.434864],[13.446456,52.434751],[13.448129,52.434088],[13.448235,52.434047]]}},{"type":"Feature","properties":{"k":"track","lvl":"ground","lines":"","c":"#8a8a8a","svc":"yard","bau":0,"name":""},"geometry":{"type":"LineString","coordinates":[[13.445535,52.435242],[13.445623,52.435206],[13.445856,52.435114],[13.446994,52.434669],[13.448265,52.434169],[13.448368,52.434128]]}},{"type":"Feature","properties":{"k":"track","lvl":"ground","lines":"","c":"#8a8a8a","svc":"yard","bau":0,"name":""},"geometry":{"type":"LineString","coordinates":[[13.443744,52.435747],[13.444175,52.435678],[13.444262,52.435661],[13.444384,52.435633],[13.444492,52.435601],[13.444614,52.435555],[13.444713,52.435516]]}},{"type":"Feature","properties":{"k":"track","lvl":"ground","lines":"","c":"#8a8a8a","svc":"yard","bau":0,"name":""},"geometry":{"type":"LineString","coordinates":[[13.443468,52.435449],[13.443191,52.435645],[13.443115,52.435694],[13.443016,52.435751],[13.442881,52.435819],[13.44259,52.435937],[13.440291,52.436841]]}},{"type":"Feature","properties":{"k":"track","lvl":"ground","lines":"","c":"#8a8a8a","svc":"yard","bau":0,"name":""},"geometry":{"type":"LineString","coordinates":[[13.447797,52.433844],[13.447695,52.433888],[13.445591,52.434807],[13.444823,52.435221],[13.443071,52.435917],[13.442447,52.436158],[13.442065,52.436286],[13.440633,52.43684],[13.440209,52.436966]]}},{"type":"Feature","properties":{"k":"track","lvl":"ground","lines":"","c":"#8a8a8a","svc":"yard","bau":0,"name":""},"geometry":{"type":"LineString","coordinates":[[13.443071,52.435917],[13.44329,52.435842],[13.443426,52.435806],[13.443518,52.435786],[13.443744,52.435747],[13.443958,52.435704],[13.444073,52.435674],[13.444183,52.43564],[13.444555,52.435502],[13.444655,52.43546]]}},{"type":"Feature","properties":{"k":"track","lvl":"ground","lines":"","c":"#8a8a8a","svc":"yard","bau":0,"name":""},"geometry":{"type":"LineString","coordinates":[[13.448326,52.434091],[13.448226,52.43413],[13.447091,52.434577],[13.446626,52.434765],[13.446144,52.434954],[13.445583,52.435166],[13.445494,52.435203]]}},{"type":"Feature","properties":{"k":"track","lvl":"ground","lines":"","c":"#8a8a8a","svc":"yard","bau":0,"name":""},"geometry":{"type":"LineString","coordinates":[[13.438066,52.437814],[13.438181,52.437768],[13.439667,52.437182],[13.440209,52.436966],[13.443293,52.435753],[13.444567,52.435203],[13.44579,52.43467],[13.447608,52.433873],[13.44771,52.433828]]}},{"type":"Feature","properties":{"k":"track","lvl":"ground","lines":"","c":"#8a8a8a","svc":"yard","bau":0,"name":""},"geometry":{"type":"LineString","coordinates":[[13.444823,52.435221],[13.445163,52.435094],[13.445458,52.43501],[13.445672,52.434968],[13.445941,52.434918],[13.446167,52.434864]]}},{"type":"Feature","properties":{"k":"platform","name":"Alexanderplatz"},"geometry":{"type":"Polygon","coordinates":[[[13.414247,52.521791],[13.414221,52.521811],[13.414203,52.521826],[13.414185,52.52184],[13.414166,52.521855],[13.413748,52.521661],[13.412875,52.521255],[13.412746,52.521195],[13.412785,52.521165],[13.412831,52.521132],[13.412955,52.52119],[13.413831,52.521597],[13.414247,52.521791]]]}},{"type":"Feature","properties":{"k":"track","lvl":"tunnel","lines":"","c":"#8a8a8a","svc":"siding","bau":0,"name":""},"geometry":{"type":"LineString","coordinates":[[13.408821,52.519092],[13.410265,52.51976],[13.410621,52.519928],[13.410848,52.520027],[13.411742,52.520457],[13.41243,52.520798],[13.412572,52.520854],[13.412923,52.520962],[13.4137,52.52129],[13.414572,52.52175],[13.414798,52.521864],[13.41503,52.521973]]}},{"type":"Feature","properties":{"k":"track","lvl":"tunnel","lines":"","c":"#8a8a8a","svc":"siding","bau":0,"name":""},"geometry":{"type":"LineString","coordinates":[[13.412124,52.520704],[13.411833,52.520506],[13.411742,52.520457]]}},{"type":"Feature","properties":{"k":"track","lvl":"tunnel","lines":"","c":"#8a8a8a","svc":"crossover","bau":0,"name":""},"geometry":{"type":"LineString","coordinates":[[13.412566,52.520984],[13.412516,52.520949],[13.412372,52.520832],[13.412316,52.520798]]}},{"type":"Feature","properties":{"k":"track","lvl":"tunnel","lines":"U5","c":"#7E5330","svc":"","bau":0,"name":""},"geometry":{"type":"LineString","coordinates":[[13.408723,52.519163],[13.409501,52.519511],[13.410192,52.519825],[13.410436,52.519936],[13.411162,52.520293],[13.411512,52.52046],[13.41176,52.520587],[13.412566,52.520984],[13.412826,52.521112]]}},{"type":"Feature","properties":{"k":"track","lvl":"tunnel","lines":"U8","c":"#224F86","svc":"","bau":0,"name":"U8"},"geometry":{"type":"LineString","coordinates":[[13.410927,52.522183],[13.410329,52.522387],[13.410144,52.522443],[13.410044,52.522482],[13.409932,52.522536],[13.409829,52.522601],[13.409746,52.522667],[13.409642,52.522768],[13.409569,52.522864],[13.409501,52.522972],[13.409441,52.523134],[13.409296,52.523637],[13.409252,52.523761],[13.409172,52.52389],[13.409084,52.523997],[13.409002,52.52408],[13.408906,52.52415],[13.408784,52.524214],[13.408523,52.52432],[13.407368,52.524739],[13.407182,52.524794],[13.406939,52.524855],[13.406671,52.524908],[13.406379,52.524969],[13.406124,52.525047]]}},{"type":"Feature","properties":{"k":"track","lvl":"tunnel","lines":"U5","c":"#7E5330","svc":"","bau":0,"name":""},"geometry":{"type":"LineString","coordinates":[[13.414371,52.52184],[13.413028,52.521208]]}},{"type":"Feature","properties":{"k":"track","lvl":"tunnel","lines":"U2","c":"#DA421E","svc":"","bau":0,"name":""},"geometry":{"type":"LineString","coordinates":[[13.411606,52.566756],[13.411618,52.566733],[13.411765,52.56652],[13.411988,52.566238],[13.412114,52.566093],[13.412179,52.565991],[13.412228,52.565872],[13.412282,52.565712],[13.412327,52.565514],[13.412794,52.562643],[13.413005,52.561156],[13.41314,52.559815]]}},{"type":"Feature","properties":{"k":"platform","name":"Klosterstraße"},"geometry":{"type":"Polygon","coordinates":[[[13.412156,52.517655],[13.412209,52.51756],[13.412304,52.517346],[13.412345,52.517204],[13.412368,52.51699],[13.412359,52.516704],[13.412378,52.516704],[13.412463,52.516702],[13.412479,52.516702],[13.412512,52.517011],[13.412501,52.517204],[13.412459,52.517381],[13.412368,52.517602],[13.412316,52.517698],[13.41228,52.517688],[13.412192,52.517664],[13.412156,52.517655]]]}},{"type":"Feature","properties":{"k":"track","lvl":"tunnel","lines":"","c":"#8a8a8a","svc":"siding","bau":0,"name":""},"geometry":{"type":"LineString","coordinates":[[13.41503,52.521973],[13.415158,52.522041],[13.415308,52.522146],[13.415413,52.522242],[13.41552,52.522368],[13.415636,52.522539],[13.415696,52.522645],[13.415739,52.522774]]}},{"type":"Feature","properties":{"k":"track","lvl":"tunnel","lines":"","c":"#8a8a8a","svc":"crossover","bau":0,"name":""},"geometry":{"type":"LineString","coordinates":[[13.342023,52.502137],[13.34188,52.502161],[13.341859,52.502165],[13.341737,52.502185]]}},{"type":"Feature","properties":{"k":"track","lvl":"tunnel","lines":"U3","c":"#16683D","svc":"","bau":0,"name":"U3"},"geometry":{"type":"LineString","coordinates":[[13.340631,52.502528],[13.341587,52.502147]]}},{"type":"Feature","properties":{"k":"track","lvl":"tunnel","lines":"U3","c":"#16683D","svc":"","bau":0,"name":"U3"},"geometry":{"type":"LineString","coordinates":[[13.338951,52.502618],[13.339071,52.502655],[13.339182,52.502681],[13.339298,52.502702],[13.339415,52.502716],[13.339566,52.502725],[13.339712,52.502725],[13.339861,52.502713],[13.340122,52.502655],[13.340167,52.502644],[13.34037,52.502596],[13.340495,52.502567],[13.340631,52.502528]]}},{"type":"Feature","properties":{"k":"track","lvl":"ground","lines":"U2","c":"#DA421E","svc":"","bau":0,"name":""},"geometry":{"type":"LineString","coordinates":[[13.350866,52.500149],[13.35171,52.49997]]}},{"type":"Feature","properties":{"k":"track","lvl":"ground","lines":"U2","c":"#DA421E","svc":"","bau":0,"name":""},"geometry":{"type":"LineString","coordinates":[[13.351726,52.499996],[13.350879,52.500172]]}},{"type":"Feature","properties":{"k":"track","lvl":"ground","lines":"U2","c":"#DA421E","svc":"","bau":0,"name":""},"geometry":{"type":"LineString","coordinates":[[13.352543,52.499822],[13.351726,52.499996]]}},{"type":"Feature","properties":{"k":"track","lvl":"ground","lines":"U2","c":"#DA421E","svc":"","bau":0,"name":""},"geometry":{"type":"LineString","coordinates":[[13.350879,52.500172],[13.349966,52.500368]]}},{"type":"Feature","properties":{"k":"track","lvl":"ground","lines":"U2","c":"#DA421E","svc":"","bau":0,"name":""},"geometry":{"type":"LineString","coordinates":[[13.35171,52.49997],[13.352528,52.499795]]}},{"type":"Feature","properties":{"k":"track","lvl":"tunnel","lines":"","c":"#8a8a8a","svc":"crossover","bau":0,"name":""},"geometry":{"type":"LineString","coordinates":[[13.341978,52.502102],[13.341859,52.502165],[13.3418,52.502196]]}},{"type":"Feature","properties":{"k":"track","lvl":"tunnel","lines":"U3","c":"#16683D","svc":"","bau":0,"name":"U3"},"geometry":{"type":"LineString","coordinates":[[13.338941,52.502717],[13.338802,52.502655],[13.338692,52.502595],[13.338579,52.502518],[13.338476,52.50243],[13.338379,52.50232],[13.338207,52.502133],[13.33804,52.501962],[13.337804,52.501733],[13.336878,52.500878]]}},{"type":"Feature","properties":{"k":"track","lvl":"tunnel","lines":"U1","c":"#7DAD4C","svc":"","bau":0,"name":"U1"},"geometry":{"type":"LineString","coordinates":[[13.341569,52.502305],[13.341371,52.502407],[13.341263,52.502458],[13.340416,52.502785],[13.33952,52.503107],[13.337015,52.504169]]}},{"type":"Feature","properties":{"k":"track","lvl":"tunnel","lines":"U1","c":"#7DAD4C","svc":"","bau":0,"name":"U1"},"geometry":{"type":"LineString","coordinates":[[13.337015,52.504169],[13.336842,52.504233],[13.336671,52.504284],[13.336433,52.504344],[13.336216,52.504386],[13.336011,52.504416]]}},{"type":"Feature","properties":{"k":"track","lvl":"tunnel","lines":"U3","c":"#16683D","svc":"","bau":0,"name":"U3"},"geometry":{"type":"LineString","coordinates":[[13.341569,52.502305],[13.34143,52.502358],[13.341237,52.502424],[13.341161,52.502451],[13.34051,52.502707]]}},{"type":"Feature","properties":{"k":"track","lvl":"tunnel","lines":"U1","c":"#7DAD4C","svc":"","bau":0,"name":"U1"},"geometry":{"type":"LineString","coordinates":[[13.336011,52.504416],[13.335807,52.504432],[13.335422,52.504453],[13.335227,52.50446],[13.334999,52.504462],[13.33483,52.504458],[13.334653,52.504445],[13.334491,52.504425],[13.334345,52.504394],[13.333875,52.504291],[13.331469,52.50385],[13.329229,52.503383],[13.327511,52.503019]]}},{"type":"Feature","properties":{"k":"track","lvl":"tunnel","lines":"U3","c":"#16683D","svc":"","bau":0,"name":"U3"},"geometry":{"type":"LineString","coordinates":[[13.34051,52.502707],[13.340283,52.502773],[13.340198,52.50279],[13.340188,52.502792],[13.340091,52.502808],[13.339844,52.502845],[13.339721,52.502859],[13.339632,52.502865],[13.339521,52.502858],[13.33929,52.502826],[13.33912,52.502782],[13.338941,52.502717]]}},{"type":"Feature","properties":{"k":"track","lvl":"tunnel","lines":"U1 U3","c":"#7DAD4C","svc":"","bau":0,"name":"U1"},"geometry":{"type":"LineString","coordinates":[[13.35628,52.50047],[13.357248,52.500794],[13.357464,52.500845],[13.357692,52.500904],[13.357899,52.500932],[13.358055,52.500944],[13.358151,52.500947],[13.358298,52.500947],[13.35839,52.500944],[13.358479,52.500937],[13.358566,52.500926],[13.358652,52.500911],[13.358739,52.500892],[13.358793,52.500876]]}},{"type":"Feature","properties":{"k":"track","lvl":"tunnel","lines":"U2","c":"#DA421E","svc":"","bau":0,"name":""},"geometry":{"type":"LineString","coordinates":[[13.330834,52.506797],[13.330943,52.506751],[13.330974,52.506741],[13.331007,52.506732],[13.33104,52.506723],[13.331069,52.506714],[13.331096,52.506707],[13.331124,52.506703],[13.331164,52.506699],[13.331198,52.506697],[13.331229,52.506693],[13.331243,52.506689],[13.331292,52.506674],[13.33133,52.506657],[13.331863,52.506412]]}},{"type":"Feature","properties":{"k":"track","lvl":"tunnel","lines":"","c":"#8a8a8a","svc":"siding","bau":0,"name":""},"geometry":{"type":"LineString","coordinates":[[13.413097,52.522189],[13.412993,52.522267],[13.412895,52.522329],[13.412758,52.52239],[13.412487,52.522512],[13.412005,52.522729],[13.411685,52.52289],[13.410952,52.523412],[13.410378,52.52373]]}},{"type":"Feature","properties":{"k":"track","lvl":"tunnel","lines":"","c":"#8a8a8a","svc":"crossover","bau":0,"name":""},"geometry":{"type":"LineString","coordinates":[[13.412993,52.522267],[13.412907,52.522343],[13.412797,52.522414]]}},{"type":"Feature","properties":{"k":"track","lvl":"tunnel","lines":"","c":"#8a8a8a","svc":"crossover","bau":0,"name":""},"geometry":{"type":"LineString","coordinates":[[13.413062,52.522306],[13.412907,52.522343],[13.412758,52.52239]]}},{"type":"Feature","properties":{"k":"track","lvl":"tunnel","lines":"","c":"#8a8a8a","svc":"crossover","bau":0,"name":""},"geometry":{"type":"LineString","coordinates":[[13.41187,52.513197],[13.411785,52.513098],[13.411695,52.513016],[13.411553,52.512917],[13.41146,52.512863],[13.411336,52.512802]]}},{"type":"Feature","properties":{"k":"track","lvl":"tunnel","lines":"","c":"#8a8a8a","svc":"siding","bau":0,"name":""},"geometry":{"type":"LineString","coordinates":[[13.413218,52.522262],[13.413062,52.522306],[13.412927,52.522355],[13.412797,52.522414],[13.41252,52.522537],[13.412033,52.522756],[13.411718,52.522916],[13.411466,52.523071],[13.410916,52.523405]]}},{"type":"Feature","properties":{"k":"track","lvl":"tunnel","lines":"","c":"#8a8a8a","svc":"crossover","bau":0,"name":""},"geometry":{"type":"LineString","coordinates":[[13.41144,52.567482],[13.411396,52.567521],[13.411267,52.567641],[13.411237,52.567669],[13.41117,52.567725],[13.411112,52.567803]]}},{"type":"Feature","properties":{"k":"track","lvl":"tunnel","lines":"","c":"#8a8a8a","svc":"crossover","bau":0,"name":""},"geometry":{"type":"LineString","coordinates":[[13.411276,52.567451],[13.411271,52.567534],[13.411265,52.567589],[13.411267,52.567641],[13.411271,52.567746],[13.411243,52.56783]]}},{"type":"Feature","properties":{"k":"platform","name":"Pankow"},"geometry":{"type":"Polygon","coordinates":[[[13.411509,52.567287],[13.411461,52.567277],[13.411398,52.567265],[13.411497,52.567043],[13.411504,52.567029],[13.411653,52.566749],[13.411658,52.566738],[13.411792,52.566529],[13.41196,52.566317],[13.412013,52.566329],[13.412086,52.566345],[13.411812,52.566783],[13.411632,52.567071],[13.411509,52.567287]]]}},{"type":"Feature","properties":{"k":"track","lvl":"tunnel","lines":"U4","c":"#F0D722","svc":"","bau":0,"name":"U4"},"geometry":{"type":"LineString","coordinates":[[13.340342,52.488728],[13.340427,52.489432],[13.340436,52.489486],[13.340448,52.489539],[13.340473,52.489618],[13.340517,52.489711],[13.340589,52.489828],[13.340642,52.489895],[13.3407,52.489958],[13.340768,52.490018],[13.340842,52.490074],[13.341448,52.490469],[13.34152,52.490524],[13.34159,52.490581],[13.341655,52.490641],[13.341713,52.490702],[13.341781,52.490781],[13.341828,52.490847],[13.341879,52.490929],[13.341905,52.490981],[13.341943,52.491066],[13.34197,52.491154],[13.34199,52.491243],[13.342,52.491348],[13.341999,52.49142],[13.341915,52.492397],[13.341829,52.494204],[13.34183,52.494421],[13.341861,52.495086],[13.341885,52.495221],[13.341947,52.495372],[13.34197,52.495405],[13.342016,52.495473],[13.342069,52.495539],[13.342128,52.495602],[13.342177,52.495647],[13.342249,52.495705],[13.342307,52.495747],[13.342388,52.495799],[13.342511,52.495865],[13.34262,52.495916]]}},{"type":"Feature","properties":{"k":"track","lvl":"tunnel","lines":"U1 U3","c":"#7DAD4C","svc":"","bau":0,"name":"U1"},"geometry":{"type":"LineString","coordinates":[[13.352539,52.499883],[13.34514,52.501429],[13.344339,52.50161]]}},{"type":"Feature","properties":{"k":"track","lvl":"tunnel","lines":"","c":"#8a8a8a","svc":"","bau":0,"name":""},"geometry":{"type":"LineString","coordinates":[[13.354102,52.499745],[13.353841,52.499721],[13.353652,52.499713],[13.353472,52.499719],[13.353261,52.49975],[13.352539,52.499883]]}},{"type":"Feature","properties":{"k":"track","lvl":"tunnel","lines":"","c":"#8a8a8a","svc":"crossover","bau":0,"name":""},"geometry":{"type":"LineString","coordinates":[[13.355289,52.500145],[13.355493,52.500183],[13.355798,52.50023],[13.356,52.500268]]}},{"type":"Feature","properties":{"k":"track","lvl":"tunnel","lines":"U1 U3","c":"#7DAD4C","svc":"","bau":0,"name":"U1"},"geometry":{"type":"LineString","coordinates":[[13.360689,52.500279],[13.361935,52.499921],[13.362148,52.499861],[13.362336,52.499801],[13.362468,52.499764]]}},{"type":"Feature","properties":{"k":"track","lvl":"tunnel","lines":"U3","c":"#16683D","svc":"","bau":0,"name":"U3"},"geometry":{"type":"LineString","coordinates":[[13.337089,52.501],[13.337853,52.501714],[13.338047,52.501895],[13.33848,52.502344],[13.338547,52.502403],[13.338624,52.50246],[13.338709,52.502511],[13.338799,52.502558],[13.338951,52.502618]]}},{"type":"Feature","properties":{"k":"platform","name":"Stadtmitte"},"geometry":{"type":"Polygon","coordinates":[[[13.391326,52.512176],[13.391321,52.512204],[13.391317,52.512228],[13.389919,52.512153],[13.389777,52.512144],[13.389784,52.512099],[13.389787,52.512077],[13.389932,52.512086],[13.391326,52.512176]]]}},{"type":"Feature","properties":{"k":"track","lvl":"tunnel","lines":"","c":"#8a8a8a","svc":"crossover","bau":0,"name":""},"geometry":{"type":"LineString","coordinates":[[13.387961,52.511996],[13.388228,52.512027],[13.388658,52.512078]]}},{"type":"Feature","properties":{"k":"track","lvl":"tunnel","lines":"","c":"#8a8a8a","svc":"crossover","bau":0,"name":""},"geometry":{"type":"LineString","coordinates":[[13.388661,52.512024],[13.388228,52.512027],[13.387955,52.512027]]}},{"type":"Feature","properties":{"k":"track","lvl":"tunnel","lines":"U2","c":"#DA421E","svc":"","bau":0,"name":"U2"},"geometry":{"type":"LineString","coordinates":[[13.38367,52.511539],[13.382929,52.511367],[13.382384,52.511258],[13.381814,52.51117],[13.381151,52.511095],[13.380945,52.511075],[13.380745,52.511037],[13.380631,52.511009],[13.380491,52.510967],[13.380313,52.510889],[13.380139,52.510795],[13.379975,52.510673],[13.379818,52.510513],[13.379494,52.510167],[13.379271,52.509943],[13.379113,52.509796],[13.378942,52.509653],[13.378816,52.509562],[13.378512,52.509389],[13.378377,52.50932],[13.378264,52.509263],[13.378151,52.509206],[13.378044,52.509152],[13.378016,52.509138],[13.377908,52.509077],[13.377825,52.509025],[13.377728,52.508959],[13.377616,52.508876],[13.377496,52.508774],[13.377406,52.508681]]}},{"type":"Feature","properties":{"k":"track","lvl":"tunnel","lines":"U2","c":"#DA421E","svc":"","bau":0,"name":""},"geometry":{"type":"LineString","coordinates":[[13.392357,52.512316],[13.392203,52.512298],[13.391777,52.512273],[13.390168,52.51218],[13.389768,52.512157]]}},{"type":"Feature","properties":{"k":"track","lvl":"tunnel","lines":"","c":"#8a8a8a","svc":"siding","bau":0,"name":""},"geometry":{"type":"LineString","coordinates":[[13.377194,52.508265],[13.377282,52.508498],[13.377355,52.508626]]}},{"type":"Feature","properties":{"k":"track","lvl":"tunnel","lines":"","c":"#8a8a8a","svc":"yard","bau":0,"name":""},"geometry":{"type":"LineString","coordinates":[[13.40565,52.511254],[13.405255,52.511299]]}},{"type":"Feature","properties":{"k":"track","lvl":"tunnel","lines":"U2","c":"#DA421E","svc":"","bau":0,"name":""},"geometry":{"type":"LineString","coordinates":[[13.392382,52.512233],[13.392521,52.512265],[13.392611,52.512291],[13.392688,52.512319],[13.392757,52.512346],[13.39284,52.512386],[13.392928,52.512439],[13.393009,52.512503],[13.393062,52.512555],[13.393125,52.512622],[13.393417,52.512946],[13.393478,52.513005],[13.393558,52.513064],[13.393655,52.513121],[13.393743,52.513163],[13.393833,52.513201],[13.393986,52.513249]]}},{"type":"Feature","properties":{"k":"track","lvl":"tunnel","lines":"U2","c":"#DA421E","svc":"","bau":0,"name":""},"geometry":{"type":"LineString","coordinates":[[13.388734,52.512024],[13.389281,52.51204],[13.389728,52.512064],[13.389778,52.512067],[13.391219,52.512151],[13.391468,52.512164],[13.392207,52.512209],[13.392382,52.512233]]}},{"type":"Feature","properties":{"k":"track","lvl":"tunnel","lines":"","c":"#8a8a8a","svc":"siding","bau":0,"name":""},"geometry":{"type":"LineString","coordinates":[[13.376519,52.507059],[13.376934,52.50777],[13.377194,52.508265],[13.377289,52.508367],[13.377442,52.508502]]}},{"type":"Feature","properties":{"k":"track","lvl":"tunnel","lines":"","c":"#8a8a8a","svc":"yard","bau":0,"name":""},"geometry":{"type":"LineString","coordinates":[[13.405204,52.511221],[13.40565,52.511254],[13.405861,52.511259],[13.406073,52.511277],[13.406422,52.511311],[13.406728,52.511364],[13.406928,52.511416],[13.408072,52.511783],[13.408425,52.511891],[13.408763,52.511975]]}},{"type":"Feature","properties":{"k":"track","lvl":"tunnel","lines":"","c":"#8a8a8a","svc":"crossover","bau":0,"name":""},"geometry":{"type":"LineString","coordinates":[[13.328623,52.503157],[13.327511,52.503019]]}},{"type":"Feature","properties":{"k":"track","lvl":"tunnel","lines":"U1","c":"#7DAD4C","svc":"","bau":0,"name":"U1"},"geometry":{"type":"LineString","coordinates":[[13.326957,52.502808],[13.327949,52.503014],[13.328623,52.503157]]}},{"type":"Feature","properties":{"k":"track","lvl":"tunnel","lines":"U1","c":"#7DAD4C","svc":"","bau":0,"name":"U1"},"geometry":{"type":"LineString","coordinates":[[13.327511,52.503019],[13.32645,52.502806]]}},{"type":"Feature","properties":{"k":"track","lvl":"tunnel","lines":"","c":"#8a8a8a","svc":"crossover","bau":0,"name":""},"geometry":{"type":"LineString","coordinates":[[13.447817,52.503517],[13.447637,52.503321],[13.447454,52.503121]]}},{"type":"Feature","properties":{"k":"track","lvl":"tunnel","lines":"U1","c":"#7DAD4C","svc":"crossover","bau":0,"name":""},"geometry":{"type":"LineString","coordinates":[[13.4475,52.503107],[13.447637,52.503321],[13.44777,52.503529]]}},{"type":"Feature","properties":{"k":"track","lvl":"tunnel","lines":"U1 U3","c":"#7DAD4C","svc":"","bau":0,"name":"U1"},"geometry":{"type":"LineString","coordinates":[[13.44777,52.503529],[13.447454,52.503121]]}},{"type":"Feature","properties":{"k":"track","lvl":"tunnel","lines":"U3","c":"#16683D","svc":"","bau":0,"name":"U1"},"geometry":{"type":"LineString","coordinates":[[13.4475,52.503107],[13.447817,52.503517]]}},{"type":"Feature","properties":{"k":"track","lvl":"tunnel","lines":"U1 U3","c":"#7DAD4C","svc":"","bau":0,"name":"U1"},"geometry":{"type":"LineString","coordinates":[[13.447454,52.503121],[13.447377,52.503022],[13.447316,52.50295],[13.447261,52.502887],[13.447208,52.502834],[13.447141,52.502771]]}},{"type":"Feature","properties":{"k":"track","lvl":"tunnel","lines":"U3","c":"#16683D","svc":"","bau":0,"name":"U1"},"geometry":{"type":"LineString","coordinates":[[13.448256,52.504075],[13.448403,52.504225],[13.448543,52.504367],[13.448644,52.50447],[13.448739,52.504574],[13.448927,52.50479]]}},{"type":"Feature","properties":{"k":"track","lvl":"tunnel","lines":"","c":"#8a8a8a","svc":"crossover","bau":0,"name":""},"geometry":{"type":"LineString","coordinates":[[13.413138,52.559995],[13.413182,52.560141],[13.413224,52.560275]]}},{"type":"Feature","properties":{"k":"track","lvl":"tunnel","lines":"U2","c":"#DA421E","svc":"","bau":0,"name":""},"geometry":{"type":"LineString","coordinates":[[13.411549,52.5673],[13.41144,52.567482],[13.411243,52.56783],[13.410776,52.568714],[13.410614,52.568987],[13.410283,52.569606]]}},{"type":"Feature","properties":{"k":"track","lvl":"tunnel","lines":"","c":"#8a8a8a","svc":"crossover","bau":0,"name":""},"geometry":{"type":"LineString","coordinates":[[13.413247,52.560001],[13.413182,52.560141],[13.413123,52.560272]]}},{"type":"Feature","properties":{"k":"track","lvl":"tunnel","lines":"U2","c":"#DA421E","svc":"","bau":0,"name":""},"geometry":{"type":"LineString","coordinates":[[13.412579,52.565273],[13.41255,52.565395],[13.412382,52.56586],[13.412254,52.566126]]}},{"type":"Feature","properties":{"k":"track","lvl":"tunnel","lines":"","c":"#8a8a8a","svc":"crossover","bau":0,"name":""},"geometry":{"type":"LineString","coordinates":[[13.412582,52.564858],[13.412581,52.564901],[13.412585,52.565186],[13.412579,52.565273]]}},{"type":"Feature","properties":{"k":"track","lvl":"tunnel","lines":"","c":"#8a8a8a","svc":"siding","bau":0,"name":""},"geometry":{"type":"LineString","coordinates":[[13.413287,52.559816],[13.413247,52.560001],[13.413224,52.560275],[13.413118,52.561152],[13.412894,52.562649],[13.412582,52.564858],[13.412527,52.565267],[13.412516,52.565417],[13.412564,52.565755],[13.412625,52.565996],[13.412759,52.566217]]}},{"type":"Feature","properties":{"k":"track","lvl":"tunnel","lines":"","c":"#8a8a8a","svc":"siding","bau":0,"name":""},"geometry":{"type":"LineString","coordinates":[[13.41314,52.559815],[13.413138,52.559995],[13.413123,52.560272],[13.413059,52.561149],[13.412834,52.562646],[13.412501,52.564852],[13.412449,52.565253],[13.412446,52.565448],[13.412508,52.56576],[13.412561,52.566006],[13.412689,52.566221]]}},{"type":"Feature","properties":{"k":"track","lvl":"bridge","lines":"U2","c":"#DA421E","svc":"","bau":0,"name":""},"geometry":{"type":"LineString","coordinates":[[13.41445,52.555881],[13.414546,52.555288],[13.414625,52.554723],[13.414629,52.554636],[13.414631,52.554533],[13.414622,52.554412],[13.414554,52.554018],[13.414167,52.55215],[13.41389,52.550596],[13.413773,52.550083]]}},{"type":"Feature","properties":{"k":"track","lvl":"tunnel","lines":"U2","c":"#DA421E","svc":"","bau":0,"name":""},"geometry":{"type":"LineString","coordinates":[[13.412431,52.531772],[13.412329,52.53156],[13.412206,52.531394],[13.412063,52.531255],[13.411696,52.530993],[13.410852,52.530419],[13.41072,52.530316],[13.410555,52.530181],[13.410381,52.530027],[13.41013,52.529776],[13.409872,52.529475],[13.409772,52.529299],[13.409748,52.529197],[13.409738,52.529112],[13.409753,52.528996],[13.409813,52.528864],[13.410057,52.528381],[13.410564,52.527308],[13.410683,52.527067],[13.410872,52.526799],[13.411049,52.526495],[13.411092,52.526388],[13.411111,52.526292],[13.411109,52.52618],[13.411085,52.526079],[13.411047,52.525981],[13.410989,52.525873],[13.409965,52.524524],[13.409921,52.524427],[13.409899,52.524345],[13.409895,52.524267],[13.40992,52.524149],[13.409956,52.524064],[13.410008,52.523989],[13.410093,52.523896],[13.410192,52.52381],[13.410839,52.523457],[13.411302,52.5231],[13.411635,52.522876],[13.411969,52.522693],[13.412458,52.522484],[13.413097,52.522189],[13.413253,52.522114],[13.413346,52.522069]]}},{"type":"Feature","properties":{"k":"track","lvl":"tunnel","lines":"","c":"#8a8a8a","svc":"","bau":0,"name":""},"geometry":{"type":"LineString","coordinates":[[13.196809,52.531092],[13.197591,52.532023],[13.198265,52.532747],[13.198683,52.533392],[13.198789,52.533539],[13.198878,52.533865]]}},{"type":"Feature","properties":{"k":"track","lvl":"tunnel","lines":"","c":"#8a8a8a","svc":"","bau":0,"name":""},"geometry":{"type":"LineString","coordinates":[[13.196895,52.531062],[13.197691,52.531992],[13.197842,52.532126],[13.198453,52.532688],[13.198868,52.533336],[13.198958,52.53351],[13.199057,52.533882]]}},{"type":"Feature","properties":{"k":"track","lvl":"tunnel","lines":"","c":"#8a8a8a","svc":"siding","bau":0,"name":""},"geometry":{"type":"LineString","coordinates":[[13.358314,52.501249],[13.358461,52.501465]]}},{"type":"Feature","properties":{"k":"track","lvl":"tunnel","lines":"","c":"#8a8a8a","svc":"siding","bau":0,"name":""},"geometry":{"type":"LineString","coordinates":[[13.358461,52.501465],[13.359631,52.503873]]}},{"type":"Feature","properties":{"k":"track","lvl":"tunnel","lines":"","c":"#8a8a8a","svc":"siding","bau":0,"name":""},"geometry":{"type":"LineString","coordinates":[[13.356,52.500268],[13.356346,52.500386],[13.357391,52.500742],[13.357709,52.500865],[13.357991,52.501009],[13.358112,52.501083],[13.358221,52.501159],[13.358314,52.501249]]}},{"type":"Feature","properties":{"k":"track","lvl":"tunnel","lines":"","c":"#8a8a8a","svc":"siding","bau":0,"name":""},"geometry":{"type":"LineString","coordinates":[[13.358372,52.501523],[13.358326,52.501398],[13.358217,52.501255]]}},{"type":"Feature","properties":{"k":"track","lvl":"tunnel","lines":"U1 U3","c":"#7DAD4C","svc":"","bau":0,"name":"U1"},"geometry":{"type":"LineString","coordinates":[[13.355289,52.500145],[13.35628,52.50047]]}},{"type":"Feature","properties":{"k":"track","lvl":"tunnel","lines":"","c":"#8a8a8a","svc":"crossover","bau":0,"name":""},"geometry":{"type":"LineString","coordinates":[[13.358314,52.501249],[13.358334,52.501304],[13.35836,52.50145],[13.358372,52.501523]]}},{"type":"Feature","properties":{"k":"track","lvl":"tunnel","lines":"","c":"#8a8a8a","svc":"crossover","bau":0,"name":""},"geometry":{"type":"LineString","coordinates":[[13.358461,52.501465],[13.358431,52.501438],[13.358283,52.501295],[13.358217,52.501255]]}},{"type":"Feature","properties":{"k":"track","lvl":"tunnel","lines":"","c":"#8a8a8a","svc":"siding","bau":0,"name":""},"geometry":{"type":"LineString","coordinates":[[13.358217,52.501255],[13.35814,52.501186],[13.358053,52.501123],[13.35792,52.501044],[13.35766,52.500899],[13.357336,52.500785],[13.356314,52.500433]]}},{"type":"Feature","properties":{"k":"platform","name":"Vinetastraße"},"geometry":{"type":"Polygon","coordinates":[[[13.413153,52.559644],[13.413257,52.559646],[13.413258,52.559634],[13.413274,52.559635],[13.413304,52.559635],[13.413306,52.559617],[13.413335,52.559309],[13.413365,52.558967],[13.413387,52.558858],[13.413412,52.558709],[13.413419,52.558674],[13.413293,52.558663],[13.413241,52.558861],[13.413215,52.558965],[13.413198,52.559042],[13.413179,52.559307],[13.413153,52.559614],[13.413153,52.559644]]]}},{"type":"Feature","properties":{"k":"track","lvl":"tunnel","lines":"U3","c":"#16683D","svc":"crossover","bau":0,"name":""},"geometry":{"type":"LineString","coordinates":[[13.448256,52.504075],[13.448041,52.503877]]}},{"type":"Feature","properties":{"k":"track","lvl":"tunnel","lines":"","c":"#8a8a8a","svc":"yard","bau":0,"name":""},"geometry":{"type":"LineString","coordinates":[[13.369942,52.525735],[13.369848,52.525866],[13.369829,52.525892],[13.369632,52.526109],[13.369457,52.526315],[13.369137,52.526697],[13.368858,52.527024],[13.368364,52.527669],[13.368142,52.527921],[13.367681,52.528381],[13.36735,52.528624],[13.366916,52.528914],[13.366452,52.529106],[13.366138,52.529191],[13.365661,52.529329]]}},{"type":"Feature","properties":{"k":"track","lvl":"tunnel","lines":"U2","c":"#DA421E","svc":"","bau":0,"name":""},"geometry":{"type":"LineString","coordinates":[[13.389768,52.512157],[13.389123,52.512117],[13.38871,52.512083]]}},{"type":"Feature","properties":{"k":"track","lvl":"tunnel","lines":"","c":"#8a8a8a","svc":"yard","bau":0,"name":""},"geometry":{"type":"LineString","coordinates":[[13.369848,52.525866],[13.369814,52.525891],[13.369752,52.525918],[13.369574,52.526021],[13.369444,52.526112],[13.369308,52.526251]]}},{"type":"Feature","properties":{"k":"track","lvl":"ground","lines":"","c":"#8a8a8a","svc":"yard","bau":0,"name":""},"geometry":{"type":"LineString","coordinates":[[13.569742,52.51139],[13.569554,52.51131],[13.569354,52.511216],[13.569027,52.511052],[13.568761,52.510897]]}},{"type":"Feature","properties":{"k":"track","lvl":"ground","lines":"U5","c":"#7E5330","svc":"","bau":0,"name":""},"geometry":{"type":"LineString","coordinates":[[13.56903,52.511107],[13.569235,52.511237],[13.569734,52.511533],[13.570136,52.511769],[13.570384,52.511905],[13.570624,52.512025],[13.570941,52.512165],[13.571308,52.512294]]}},{"type":"Feature","properties":{"k":"track","lvl":"tunnel","lines":"U8","c":"#224F86","svc":"","bau":0,"name":"U8"},"geometry":{"type":"LineString","coordinates":[[13.39234,52.543066],[13.391497,52.544107],[13.391263,52.544341],[13.39103,52.544529],[13.390437,52.544938],[13.390192,52.545121],[13.389964,52.545326],[13.389755,52.545583],[13.389646,52.54575],[13.389553,52.545943],[13.389503,52.5461],[13.389467,52.546245],[13.389455,52.546338],[13.389451,52.546466],[13.389476,52.547064],[13.389457,52.547272],[13.389386,52.547577],[13.389349,52.547732],[13.389279,52.547926],[13.389179,52.548099],[13.389097,52.548205],[13.389001,52.548313],[13.388919,52.5484],[13.388803,52.548512],[13.388689,52.548611],[13.388424,52.548819],[13.388197,52.548981],[13.387974,52.54913],[13.387788,52.549235],[13.387479,52.549363],[13.387195,52.549467]]}},{"type":"Feature","properties":{"k":"track","lvl":"tunnel","lines":"U8","c":"#224F86","svc":"","bau":0,"name":"U8"},"geometry":{"type":"LineString","coordinates":[[13.387142,52.549366],[13.387367,52.549267],[13.387626,52.549128],[13.387853,52.548983],[13.387967,52.548903],[13.388264,52.54868],[13.388537,52.548473],[13.388643,52.548386],[13.38881,52.548242],[13.38891,52.548145],[13.389001,52.548048],[13.389128,52.547889],[13.389191,52.547796]]}},{"type":"Feature","properties":{"k":"platform","name":"Gesundbrunnen"},"geometry":{"type":"Polygon","coordinates":[[[13.387743,52.549205],[13.387753,52.549212],[13.387773,52.549225],[13.387917,52.549144],[13.387974,52.549111],[13.388162,52.548985],[13.388224,52.548941],[13.388467,52.548763],[13.38867,52.548603],[13.388785,52.548504],[13.3889,52.548394],[13.388981,52.548306],[13.388958,52.548298],[13.388986,52.54827],[13.388955,52.548257],[13.388885,52.548228],[13.388852,52.548259],[13.388829,52.54825],[13.388609,52.548436],[13.388297,52.548675],[13.387984,52.548911],[13.387948,52.548937],[13.38787,52.548992],[13.387709,52.549095],[13.387642,52.549137],[13.38766,52.549151],[13.387672,52.549161],[13.387695,52.549175],[13.387728,52.549196],[13.387743,52.549205]]]}},{"type":"Feature","properties":{"k":"track","lvl":"tunnel","lines":"U9","c":"#F3791D","svc":"","bau":0,"name":"U9"},"geometry":{"type":"LineString","coordinates":[[13.321022,52.456776],[13.32123,52.457109],[13.321455,52.457445],[13.321976,52.458028],[13.323266,52.459304],[13.324475,52.46058],[13.324675,52.460791],[13.32522,52.461363],[13.326387,52.462556],[13.327384,52.463707],[13.327622,52.464017]]}},{"type":"Feature","properties":{"k":"track","lvl":"tunnel","lines":"","c":"#8a8a8a","svc":"siding","bau":0,"name":"Kehranlage U9 auf Trasse U10"},"geometry":{"type":"LineString","coordinates":[[13.317508,52.452517],[13.318827,52.453405],[13.319115,52.453653],[13.319244,52.453807],[13.319748,52.454408],[13.320051,52.454935],[13.320334,52.455467]]}},{"type":"Feature","properties":{"k":"platform","name":"Scharnweberstraße"},"geometry":{"type":"Polygon","coordinates":[[[13.311858,52.566954],[13.311879,52.566988],[13.3119,52.567022],[13.312113,52.566978],[13.312338,52.566927],[13.312724,52.56683],[13.312913,52.566777],[13.31312,52.566713],[13.313385,52.566624],[13.313372,52.566608],[13.313359,52.566593],[13.312992,52.566684],[13.312583,52.566787],[13.31221,52.566878],[13.311858,52.566954]]]}},{"type":"Feature","properties":{"k":"platform","name":"Borsigwerke"},"geometry":{"type":"Polygon","coordinates":[[[13.29095,52.581355],[13.290692,52.581611],[13.290516,52.58181],[13.290363,52.582017],[13.29027,52.582154],[13.290133,52.582355],[13.290164,52.582363],[13.29019,52.582371],[13.291011,52.581373],[13.290985,52.581365],[13.29095,52.581355]]]}},{"type":"Feature","properties":{"k":"platform","name":"Otisstraße"},"geometry":{"type":"Polygon","coordinates":[[[13.303555,52.570669],[13.303273,52.570864],[13.302989,52.571061],[13.302434,52.571395],[13.302405,52.571378],[13.302386,52.571366],[13.302341,52.571339],[13.303453,52.570611],[13.303555,52.570669]]]}},{"type":"Feature","properties":{"k":"platform","name":"Leopoldplatz"},"geometry":{"type":"Polygon","coordinates":[[[13.359748,52.546102],[13.359254,52.546383],[13.359195,52.546416],[13.359174,52.546428],[13.35915,52.546442],[13.359095,52.546473],[13.358568,52.546773],[13.358633,52.546814],[13.358879,52.546674],[13.359128,52.546533],[13.359162,52.546514],[13.359214,52.546484],[13.359236,52.546471],[13.359258,52.546459],[13.359317,52.546426],[13.35935,52.546407],[13.359812,52.546144],[13.359748,52.546102]]]}},{"type":"Feature","properties":{"k":"platform","name":"Leopoldplatz"},"geometry":{"type":"Polygon","coordinates":[[[13.35849,52.546724],[13.358425,52.546682],[13.358662,52.546547],[13.358918,52.546402],[13.358968,52.546373],[13.359105,52.546295],[13.359144,52.546273],[13.359606,52.546009],[13.35967,52.546051],[13.359169,52.546337],[13.359115,52.546368],[13.359093,52.54638],[13.359073,52.546391],[13.359032,52.546415],[13.35849,52.546724]]]}},{"type":"Feature","properties":{"k":"platform","name":"Afrikanische Straße"},"geometry":{"type":"Polygon","coordinates":[[[13.334105,52.560572],[13.335294,52.5599],[13.335256,52.559875],[13.335214,52.559848],[13.334025,52.56052],[13.334067,52.560547],[13.334105,52.560572]]]}},{"type":"Feature","properties":{"k":"platform","name":"Rehberge"},"geometry":{"type":"Polygon","coordinates":[[[13.341926,52.556193],[13.341889,52.556169],[13.341845,52.556141],[13.341685,52.556233],[13.341206,52.556507],[13.340202,52.557081],[13.340241,52.557106],[13.340283,52.557133],[13.341763,52.556286],[13.341926,52.556193]]]}},{"type":"Feature","properties":{"k":"platform","name":"Seestraße"},"geometry":{"type":"Polygon","coordinates":[[[13.352667,52.550159],[13.353061,52.549943],[13.353097,52.549967],[13.353117,52.549979],[13.353377,52.549831],[13.353444,52.549793],[13.353394,52.549758],[13.353799,52.549532],[13.353749,52.549496],[13.353065,52.549882],[13.352625,52.550129],[13.352667,52.550159]]]}},{"type":"Feature","properties":{"k":"platform","name":"Seestraße"},"geometry":{"type":"Polygon","coordinates":[[[13.353683,52.549443],[13.353624,52.549405],[13.353595,52.549422],[13.352453,52.550065],[13.352338,52.55013],[13.352353,52.55014],[13.352365,52.550148],[13.352457,52.550096],[13.352488,52.550117],[13.352513,52.550102],[13.353262,52.549699],[13.353403,52.54961],[13.353652,52.549461],[13.353683,52.549443]]]}},{"type":"Feature","properties":{"k":"track","lvl":"tunnel","lines":"","c":"#8a8a8a","svc":"siding","bau":0,"name":""},"geometry":{"type":"LineString","coordinates":[[13.325275,52.563678],[13.325756,52.563559]]}},{"type":"Feature","properties":{"k":"track","lvl":"tunnel","lines":"","c":"#8a8a8a","svc":"siding","bau":0,"name":""},"geometry":{"type":"LineString","coordinates":[[13.325299,52.563712],[13.325784,52.563591]]}},{"type":"Feature","properties":{"k":"platform","name":"Wedding"},"geometry":{"type":"Polygon","coordinates":[[[13.364475,52.543425],[13.36449,52.543416],[13.365483,52.54285],[13.365593,52.542787],[13.365612,52.542777],[13.365541,52.542734],[13.365523,52.542744],[13.365414,52.542805],[13.364418,52.543369],[13.364403,52.543378],[13.364475,52.543425]]]}},{"type":"Feature","properties":{"k":"platform","name":"Reinickendorfer Straße"},"geometry":{"type":"Polygon","coordinates":[[[13.369561,52.54052],[13.369542,52.540507],[13.369519,52.540491],[13.369491,52.540472],[13.370122,52.540097],[13.370727,52.539699],[13.370756,52.539717],[13.370792,52.539738],[13.370182,52.540147],[13.369561,52.54052]]]}},{"type":"Feature","properties":{"k":"platform","name":"U Alt-Tegel"},"geometry":{"type":"Polygon","coordinates":[[[13.283553,52.589736],[13.283498,52.589715],[13.283443,52.589694],[13.28364,52.589504],[13.284411,52.588761],[13.284468,52.588783],[13.284522,52.588804],[13.28375,52.589547],[13.283689,52.589607],[13.283553,52.589736]]]}},{"type":"Feature","properties":{"k":"track","lvl":"bridge","lines":"","c":"#8a8a8a","svc":"crossover","bau":0,"name":""},"geometry":{"type":"LineString","coordinates":[[13.37364,52.497955],[13.37391,52.498387]]}},{"type":"Feature","properties":{"k":"track","lvl":"tunnel","lines":"","c":"#8a8a8a","svc":"yard","bau":0,"name":""},"geometry":{"type":"LineString","coordinates":[[13.373186,52.499578],[13.373013,52.499572],[13.372708,52.499556]]}},{"type":"Feature","properties":{"k":"track","lvl":"bridge","lines":"","c":"#8a8a8a","svc":"yard","bau":0,"name":""},"geometry":{"type":"LineString","coordinates":[[13.373285,52.499502],[13.372871,52.499548],[13.372708,52.499556],[13.37099,52.499588],[13.370882,52.49959]]}},{"type":"Feature","properties":{"k":"track","lvl":"tunnel","lines":"","c":"#8a8a8a","svc":"crossover","bau":0,"name":"Östliche Stammstrecke"},"geometry":{"type":"LineString","coordinates":[[13.387121,52.498408],[13.386664,52.498544]]}},{"type":"Feature","properties":{"k":"track","lvl":"tunnel","lines":"","c":"#8a8a8a","svc":"yard","bau":0,"name":"Hochbahn Skalitzerstraße"},"geometry":{"type":"LineString","coordinates":[[13.422123,52.499112],[13.422085,52.499111],[13.420888,52.499099],[13.420455,52.499092],[13.420249,52.499088],[13.420145,52.499086],[13.420043,52.499086],[13.419854,52.499092],[13.419742,52.499096],[13.419631,52.499098]]}},{"type":"Feature","properties":{"k":"track","lvl":"tunnel","lines":"","c":"#8a8a8a","svc":"yard","bau":0,"name":"Hochbahn Skalitzerstraße"},"geometry":{"type":"LineString","coordinates":[[13.420455,52.499092],[13.42037,52.499088],[13.420285,52.499082],[13.420121,52.499063],[13.420027,52.499054],[13.419932,52.499048]]}},{"type":"Feature","properties":{"k":"track","lvl":"tunnel","lines":"","c":"#8a8a8a","svc":"crossover","bau":0,"name":"Hochbahn Skalitzerstraße"},"geometry":{"type":"LineString","coordinates":[[13.438879,52.500423],[13.439259,52.500447]]}},{"type":"Feature","properties":{"k":"track","lvl":"bridge","lines":"","c":"#8a8a8a","svc":"yard","bau":0,"name":""},"geometry":{"type":"LineString","coordinates":[[13.449317,52.504804],[13.449516,52.504862],[13.449686,52.504888],[13.449816,52.504893],[13.450029,52.504873]]}},{"type":"Feature","properties":{"k":"track","lvl":"bridge","lines":"","c":"#8a8a8a","svc":"yard","bau":0,"name":""},"geometry":{"type":"LineString","coordinates":[[13.449037,52.504598],[13.449253,52.504725],[13.449425,52.504801],[13.449632,52.504852],[13.449806,52.504862],[13.450006,52.504842]]}},{"type":"Feature","properties":{"k":"track","lvl":"bridge","lines":"","c":"#8a8a8a","svc":"yard","bau":0,"name":""},"geometry":{"type":"LineString","coordinates":[[13.44913,52.504699],[13.449317,52.504804],[13.449489,52.504874],[13.449678,52.504913],[13.449867,52.504924],[13.450052,52.504903]]}},{"type":"Feature","properties":{"k":"track","lvl":"tunnel","lines":"U5","c":"#7E5330","svc":"","bau":0,"name":""},"geometry":{"type":"LineString","coordinates":[[13.382501,52.516631],[13.383283,52.516681],[13.383782,52.516705],[13.384219,52.516723],[13.385069,52.516746]]}},{"type":"Feature","properties":{"k":"track","lvl":"tunnel","lines":"U5","c":"#7E5330","svc":"","bau":0,"name":""},"geometry":{"type":"LineString","coordinates":[[13.40213,52.51714],[13.402555,52.517203],[13.402958,52.517279],[13.403468,52.517399],[13.403963,52.517532],[13.404829,52.517773],[13.405762,52.518024],[13.406492,52.51823],[13.406974,52.518385],[13.407414,52.518533],[13.408291,52.518913],[13.40877,52.519123]]}},{"type":"Feature","properties":{"k":"track","lvl":"tunnel","lines":"U8","c":"#224F86","svc":"","bau":0,"name":"U8"},"geometry":{"type":"LineString","coordinates":[[13.406089,52.524977],[13.406653,52.524872],[13.406924,52.52482],[13.407156,52.52476],[13.407164,52.524758],[13.407341,52.524703],[13.40847,52.524297],[13.40862,52.524226],[13.408755,52.524147],[13.408888,52.52405],[13.408985,52.523958],[13.409068,52.523856],[13.409133,52.523744],[13.40918,52.523627],[13.409321,52.52312],[13.409393,52.522945],[13.409467,52.522822],[13.409547,52.522722],[13.40966,52.522611],[13.409741,52.522548],[13.409831,52.522493],[13.409952,52.522431],[13.410053,52.522391],[13.410265,52.522323],[13.410891,52.52211]]}},{"type":"Feature","properties":{"k":"platform","name":"Hansaplatz"},"geometry":{"type":"Polygon","coordinates":[[[13.342111,52.517362],[13.342132,52.517363],[13.342147,52.517365],[13.342177,52.517367],[13.342206,52.517369],[13.34223,52.517371],[13.34224,52.517372],[13.342046,52.518351],[13.342041,52.518375],[13.342027,52.518375],[13.34202,52.51841],[13.341996,52.518408],[13.341969,52.518406],[13.341944,52.518404],[13.341932,52.518442],[13.341913,52.51844],[13.341893,52.518439],[13.341917,52.518341],[13.342037,52.517722],[13.342111,52.517362]]]}},{"type":"Feature","properties":{"k":"track","lvl":"tunnel","lines":"U8","c":"#224F86","svc":"","bau":0,"name":"U8"},"geometry":{"type":"LineString","coordinates":[[13.410891,52.52211],[13.411053,52.522047],[13.411178,52.521991],[13.411311,52.521919],[13.411475,52.521798],[13.411666,52.521645],[13.412055,52.521332],[13.412122,52.521278],[13.412416,52.521032],[13.41285,52.520718],[13.413162,52.520497]]}},{"type":"Feature","properties":{"k":"track","lvl":"tunnel","lines":"U8","c":"#224F86","svc":"","bau":0,"name":"U8"},"geometry":{"type":"LineString","coordinates":[[13.41551,52.518174],[13.415546,52.518096],[13.415616,52.517961],[13.415695,52.517824],[13.415804,52.517688],[13.41592,52.517578],[13.416103,52.517443],[13.416352,52.5173],[13.416605,52.517186],[13.417548,52.516783],[13.417766,52.516653],[13.417877,52.516562],[13.417978,52.516454],[13.41804,52.516354],[13.41809,52.516244],[13.418116,52.516143],[13.418111,52.515921],[13.418082,52.515511],[13.418022,52.515053]]}},{"type":"Feature","properties":{"k":"track","lvl":"tunnel","lines":"U2","c":"#DA421E","svc":"","bau":0,"name":""},"geometry":{"type":"LineString","coordinates":[[13.413493,52.522142],[13.413218,52.522262],[13.412917,52.522406],[13.412546,52.522565],[13.41206,52.522783],[13.411753,52.52294],[13.41088,52.523483],[13.410312,52.523798],[13.410258,52.523837],[13.410161,52.523923],[13.41008,52.524011],[13.41003,52.524086],[13.409996,52.524162],[13.409975,52.52426],[13.40998,52.524346],[13.409988,52.524419],[13.41002,52.524509],[13.410055,52.524565],[13.411045,52.52586],[13.411101,52.525965],[13.411141,52.526072],[13.411167,52.526178],[13.41117,52.526291],[13.41115,52.526399],[13.411105,52.526509],[13.410956,52.526815],[13.410833,52.527078],[13.410379,52.528013],[13.410198,52.528396],[13.409967,52.528836],[13.409894,52.529019],[13.409879,52.52911],[13.409895,52.529199],[13.409923,52.529272],[13.410028,52.529417],[13.410364,52.529818],[13.410557,52.53002],[13.410721,52.530175],[13.410989,52.530398],[13.41218,52.531218],[13.412381,52.531397],[13.412518,52.531571],[13.412627,52.531744]]}},{"type":"Feature","properties":{"k":"track","lvl":"tunnel","lines":"U2","c":"#DA421E","svc":"","bau":0,"name":""},"geometry":{"type":"LineString","coordinates":[[13.413346,52.522069],[13.413652,52.521901],[13.413744,52.521844],[13.413854,52.521773],[13.413956,52.521703],[13.414045,52.521639],[13.414211,52.521502],[13.414323,52.521389],[13.4144,52.521296]]}},{"type":"Feature","properties":{"k":"track","lvl":"tunnel","lines":"U2","c":"#DA421E","svc":"","bau":0,"name":""},"geometry":{"type":"LineString","coordinates":[[13.397183,52.513194],[13.396963,52.513208],[13.396722,52.513216],[13.396595,52.51322],[13.396435,52.513235],[13.396277,52.51326],[13.395828,52.513351],[13.395584,52.51339],[13.395306,52.513407],[13.395111,52.513407],[13.394672,52.513383],[13.394374,52.513367],[13.394213,52.51335],[13.394092,52.513328],[13.393963,52.513297]]}},{"type":"Feature","properties":{"k":"track","lvl":"tunnel","lines":"U2","c":"#DA421E","svc":"","bau":0,"name":""},"geometry":{"type":"LineString","coordinates":[[13.414795,52.520978],[13.41476,52.521103],[13.414693,52.521235],[13.414653,52.521306],[13.4146,52.521388],[13.41455,52.521459],[13.414482,52.52154],[13.414385,52.521631],[13.414262,52.521738],[13.414182,52.521798],[13.414069,52.521872],[13.413953,52.521933],[13.413858,52.521979],[13.413493,52.522142]]}},{"type":"Feature","properties":{"k":"track","lvl":"tunnel","lines":"U2","c":"#DA421E","svc":"","bau":0,"name":""},"geometry":{"type":"LineString","coordinates":[[13.334054,52.505456],[13.333885,52.505536],[13.332574,52.506141],[13.332066,52.50637],[13.331911,52.506442]]}},{"type":"Feature","properties":{"k":"track","lvl":"tunnel","lines":"U2","c":"#DA421E","svc":"","bau":0,"name":""},"geometry":{"type":"LineString","coordinates":[[13.331863,52.506412],[13.332438,52.506172],[13.333577,52.505643],[13.333857,52.505512],[13.334007,52.505417]]}},{"type":"Feature","properties":{"k":"track","lvl":"tunnel","lines":"U9","c":"#F3791D","svc":"","bau":0,"name":""},"geometry":{"type":"LineString","coordinates":[[13.334159,52.508797],[13.333641,52.507978],[13.33322,52.507399],[13.333166,52.507325],[13.333047,52.507161],[13.332804,52.506826],[13.332485,52.506384],[13.332084,52.505956]]}},{"type":"Feature","properties":{"k":"track","lvl":"tunnel","lines":"U9","c":"#F3791D","svc":"","bau":0,"name":""},"geometry":{"type":"LineString","coordinates":[[13.334326,52.508767],[13.334687,52.509209],[13.335085,52.509644],[13.335376,52.509913],[13.33571,52.510178],[13.336313,52.510599],[13.337251,52.511132],[13.33818,52.511626],[13.338963,52.512055],[13.339674,52.512486],[13.340035,52.512745],[13.340441,52.513072],[13.340744,52.513357],[13.341056,52.513688],[13.341414,52.514137],[13.341578,52.514372],[13.341724,52.514605],[13.34193,52.51499],[13.342128,52.515484],[13.342224,52.515834],[13.342295,52.516212],[13.342324,52.516469],[13.342327,52.516715],[13.342323,52.516894],[13.342316,52.517014]]}},{"type":"Feature","properties":{"k":"track","lvl":"tunnel","lines":"","c":"#8a8a8a","svc":"siding","bau":0,"name":"Abstellanlage der U8"},"geometry":{"type":"LineString","coordinates":[[13.336111,52.595786],[13.337483,52.595862],[13.338195,52.595892],[13.340393,52.595985],[13.341599,52.596037]]}},{"type":"Feature","properties":{"k":"track","lvl":"ground","lines":"","c":"#8a8a8a","svc":"siding","bau":0,"name":""},"geometry":{"type":"LineString","coordinates":[[13.25184,52.516382],[13.252344,52.516245],[13.25299,52.516107]]}},{"type":"Feature","properties":{"k":"track","lvl":"tunnel","lines":"U6","c":"#8C6DAB","svc":"","bau":0,"name":"U6"},"geometry":{"type":"LineString","coordinates":[[13.387353,52.526011],[13.38728,52.526463],[13.387198,52.526891],[13.387165,52.526992],[13.387134,52.527067],[13.3871,52.527144],[13.387056,52.527248],[13.387005,52.527344],[13.386909,52.527474],[13.386803,52.527592],[13.386501,52.527868],[13.385705,52.528504],[13.384837,52.529182],[13.383164,52.530531],[13.382876,52.530783]]}},{"type":"Feature","properties":{"k":"track","lvl":"ground","lines":"","c":"#8a8a8a","svc":"yard","bau":0,"name":""},"geometry":{"type":"LineString","coordinates":[[13.569742,52.51139],[13.56986,52.511431],[13.569992,52.511478]]}},{"type":"Feature","properties":{"k":"track","lvl":"ground","lines":"","c":"#8a8a8a","svc":"yard","bau":0,"name":""},"geometry":{"type":"LineString","coordinates":[[13.569992,52.511478],[13.570666,52.511707],[13.570749,52.511727],[13.571205,52.511863],[13.571509,52.511941],[13.571802,52.512006],[13.572074,52.512059]]}},{"type":"Feature","properties":{"k":"track","lvl":"ground","lines":"","c":"#8a8a8a","svc":"yard","bau":0,"name":""},"geometry":{"type":"LineString","coordinates":[[13.570396,52.511653],[13.569992,52.511478]]}},{"type":"Feature","properties":{"k":"track","lvl":"ground","lines":"U5","c":"#7E5330","svc":"","bau":0,"name":""},"geometry":{"type":"LineString","coordinates":[[13.568655,52.51089],[13.568862,52.511009],[13.56887,52.511014],[13.56903,52.511107]]}},{"type":"Feature","properties":{"k":"platform","name":"Amrumer Straße"},"geometry":{"type":"Polygon","coordinates":[[[13.349431,52.542106],[13.349453,52.542083],[13.349469,52.542068],[13.349486,52.54205],[13.350878,52.542561],[13.350855,52.542584],[13.35084,52.5426],[13.350823,52.542617],[13.349431,52.542106]]]}},{"type":"Feature","properties":{"k":"track","lvl":"tunnel","lines":"U5","c":"#7E5330","svc":"","bau":0,"name":""},"geometry":{"type":"LineString","coordinates":[[13.496897,52.511474],[13.496379,52.511578],[13.495939,52.511653],[13.495685,52.511701],[13.495508,52.511733],[13.495309,52.511765],[13.495081,52.511797],[13.494849,52.511822],[13.494585,52.511843],[13.494353,52.511855],[13.494119,52.511861],[13.493615,52.511864],[13.493469,52.511867],[13.49329,52.511873],[13.493085,52.511884],[13.49282,52.511904],[13.488663,52.512328],[13.48832,52.512381],[13.488165,52.512402],[13.487766,52.51245],[13.487245,52.512507],[13.486955,52.512536],[13.486453,52.512585],[13.485891,52.512633],[13.485806,52.512637],[13.485378,52.512664],[13.485232,52.512675],[13.480698,52.513137],[13.480554,52.513153],[13.480128,52.51321],[13.480052,52.51322],[13.479681,52.513275],[13.476928,52.513556],[13.476471,52.513603],[13.475435,52.513741],[13.474937,52.51379],[13.47441,52.513837],[13.471582,52.514078],[13.470273,52.51419],[13.466087,52.514611],[13.465747,52.514656],[13.465421,52.514694],[13.463861,52.514858],[13.463504,52.514896],[13.463269,52.514911],[13.462908,52.514928],[13.458999,52.515322],[13.455694,52.515656],[13.454744,52.515788],[13.454569,52.515814],[13.454012,52.515871],[13.453209,52.515954],[13.453001,52.515966],[13.452029,52.516024],[13.449219,52.516315],[13.448949,52.516343],[13.446444,52.516586],[13.44587,52.516671]]}},{"type":"Feature","properties":{"k":"track","lvl":"ground","lines":"U5","c":"#7E5330","svc":"","bau":0,"name":""},"geometry":{"type":"LineString","coordinates":[[13.631345,52.538757],[13.631893,52.538634]]}},{"type":"Feature","properties":{"k":"track","lvl":"ground","lines":"","c":"#8a8a8a","svc":"siding","bau":0,"name":""},"geometry":{"type":"LineString","coordinates":[[13.631923,52.53859],[13.633136,52.538325],[13.634241,52.538084],[13.634425,52.538044]]}},{"type":"Feature","properties":{"k":"track","lvl":"ground","lines":"U5","c":"#7E5330","svc":"","bau":0,"name":""},"geometry":{"type":"LineString","coordinates":[[13.633622,52.538258],[13.634256,52.538119],[13.634444,52.538079]]}},{"type":"Feature","properties":{"k":"track","lvl":"ground","lines":"U5","c":"#7E5330","svc":"","bau":0,"name":""},"geometry":{"type":"LineString","coordinates":[[13.631981,52.538728],[13.630455,52.538998],[13.630161,52.539048],[13.62986,52.539091],[13.629607,52.539125],[13.628956,52.539198],[13.628644,52.539235],[13.628382,52.539261],[13.62801,52.539299],[13.627463,52.539341],[13.627051,52.539363],[13.62673,52.539374],[13.622837,52.539482],[13.622597,52.539482],[13.622319,52.539479],[13.622089,52.539472],[13.621904,52.53946],[13.621708,52.53945],[13.621455,52.539425],[13.6209,52.539361],[13.62021,52.539277]]}},{"type":"Feature","properties":{"k":"track","lvl":"ground","lines":"","c":"#8a8a8a","svc":"siding","bau":0,"name":""},"geometry":{"type":"LineString","coordinates":[[13.631264,52.538735],[13.631923,52.53859]]}},{"type":"Feature","properties":{"k":"track","lvl":"ground","lines":"","c":"#8a8a8a","svc":"siding","bau":0,"name":""},"geometry":{"type":"LineString","coordinates":[[13.630958,52.538789],[13.631264,52.538735]]}},{"type":"Feature","properties":{"k":"track","lvl":"cut","lines":"U5","c":"#7E5330","svc":"","bau":0,"name":""},"geometry":{"type":"LineString","coordinates":[[13.630798,52.538872],[13.631345,52.538757]]}},{"type":"Feature","properties":{"k":"track","lvl":"ground","lines":"","c":"#8a8a8a","svc":"yard","bau":0,"name":""},"geometry":{"type":"LineString","coordinates":[[13.630458,52.538849],[13.630688,52.538825],[13.630958,52.538789]]}},{"type":"Feature","properties":{"k":"track","lvl":"ground","lines":"","c":"#8a8a8a","svc":"siding","bau":0,"name":""},"geometry":{"type":"LineString","coordinates":[[13.620849,52.539314],[13.621461,52.539384],[13.62172,52.539408],[13.62191,52.539421],[13.622094,52.53943],[13.622325,52.539438],[13.622595,52.539441],[13.622833,52.539437],[13.623466,52.539419]]}},{"type":"Feature","properties":{"k":"track","lvl":"ground","lines":"","c":"#8a8a8a","svc":"yard","bau":0,"name":""},"geometry":{"type":"LineString","coordinates":[[13.624707,52.539247],[13.625037,52.53924]]}},{"type":"Feature","properties":{"k":"track","lvl":"ground","lines":"U5","c":"#7E5330","svc":"","bau":0,"name":""},"geometry":{"type":"LineString","coordinates":[[13.620224,52.539147],[13.62144,52.539293],[13.621908,52.53934],[13.622438,52.53937],[13.623004,52.539374],[13.624107,52.539366],[13.624645,52.539359],[13.626729,52.539333],[13.627455,52.5393],[13.628019,52.53926],[13.628693,52.539192],[13.62971,52.539071]]}},{"type":"Feature","properties":{"k":"track","lvl":"ground","lines":"","c":"#8a8a8a","svc":"yard","bau":0,"name":""},"geometry":{"type":"LineString","coordinates":[[13.620996,52.53919],[13.621632,52.539227],[13.622552,52.539276],[13.622838,52.539284],[13.623264,52.539281],[13.624707,52.539247]]}},{"type":"Feature","properties":{"k":"track","lvl":"cut","lines":"U5","c":"#7E5330","svc":"","bau":0,"name":""},"geometry":{"type":"LineString","coordinates":[[13.593035,52.532461],[13.592825,52.532306],[13.592652,52.532143],[13.592439,52.531933],[13.592274,52.531742],[13.592115,52.53153],[13.591931,52.531234],[13.591765,52.530936],[13.591603,52.530634],[13.591339,52.530142],[13.591128,52.529756],[13.590468,52.528528],[13.590084,52.527815],[13.589885,52.527412],[13.589725,52.527053],[13.589627,52.526812],[13.589539,52.526564],[13.589352,52.526041],[13.589159,52.525478],[13.589016,52.525073],[13.588909,52.524752],[13.588818,52.524411],[13.588739,52.524036],[13.588666,52.523497],[13.588651,52.522867],[13.588666,52.522542],[13.588755,52.521809],[13.588825,52.521102],[13.588916,52.520356],[13.58897,52.519836],[13.588987,52.519342]]}},{"type":"Feature","properties":{"k":"track","lvl":"ground","lines":"","c":"#8a8a8a","svc":"yard","bau":0,"name":""},"geometry":{"type":"LineString","coordinates":[[13.627257,52.539019],[13.627569,52.538936],[13.627745,52.538891]]}},{"type":"Feature","properties":{"k":"track","lvl":"ground","lines":"","c":"#8a8a8a","svc":"yard","bau":0,"name":""},"geometry":{"type":"LineString","coordinates":[[13.627745,52.538891],[13.628211,52.53877]]}},{"type":"Feature","properties":{"k":"track","lvl":"ground","lines":"","c":"#8a8a8a","svc":"yard","bau":0,"name":""},"geometry":{"type":"LineString","coordinates":[[13.626769,52.539142],[13.627619,52.538987],[13.629397,52.538664],[13.629434,52.538656]]}},{"type":"Feature","properties":{"k":"track","lvl":"ground","lines":"","c":"#8a8a8a","svc":"yard","bau":0,"name":""},"geometry":{"type":"LineString","coordinates":[[13.625745,52.539261],[13.625097,52.539274]]}},{"type":"Feature","properties":{"k":"track","lvl":"ground","lines":"","c":"#8a8a8a","svc":"yard","bau":0,"name":""},"geometry":{"type":"LineString","coordinates":[[13.625896,52.539258],[13.625745,52.539261]]}},{"type":"Feature","properties":{"k":"track","lvl":"ground","lines":"","c":"#8a8a8a","svc":"yard","bau":0,"name":""},"geometry":{"type":"LineString","coordinates":[[13.628211,52.53877],[13.628719,52.538641],[13.628981,52.538585],[13.630555,52.538303],[13.630581,52.538298]]}},{"type":"Feature","properties":{"k":"track","lvl":"ground","lines":"","c":"#8a8a8a","svc":"siding","bau":0,"name":""},"geometry":{"type":"LineString","coordinates":[[13.623466,52.539419],[13.623959,52.53941],[13.623991,52.539409]]}},{"type":"Feature","properties":{"k":"track","lvl":"ground","lines":"","c":"#8a8a8a","svc":"yard","bau":0,"name":""},"geometry":{"type":"LineString","coordinates":[[13.251892,52.516548],[13.251729,52.51659],[13.251612,52.51664],[13.251372,52.516771],[13.251226,52.516866],[13.251194,52.516891],[13.251007,52.517016],[13.250876,52.517086],[13.250719,52.517221],[13.250536,52.517388],[13.250348,52.517608],[13.250265,52.517707],[13.250153,52.517837],[13.24995,52.518026],[13.249823,52.518133],[13.249724,52.51821]]}},{"type":"Feature","properties":{"k":"track","lvl":"ground","lines":"","c":"#8a8a8a","svc":"yard","bau":0,"name":""},"geometry":{"type":"LineString","coordinates":[[13.252193,52.516479],[13.252222,52.516464],[13.252365,52.516406]]}},{"type":"Feature","properties":{"k":"track","lvl":"ground","lines":"","c":"#8a8a8a","svc":"yard","bau":0,"name":""},"geometry":{"type":"LineString","coordinates":[[13.252948,52.516241],[13.253124,52.516196],[13.253333,52.516147]]}},{"type":"Feature","properties":{"k":"track","lvl":"ground","lines":"","c":"#8a8a8a","svc":"yard","bau":0,"name":""},"geometry":{"type":"LineString","coordinates":[[13.251951,52.516606],[13.252193,52.516479]]}},{"type":"Feature","properties":{"k":"track","lvl":"ground","lines":"","c":"#8a8a8a","svc":"yard","bau":0,"name":""},"geometry":{"type":"LineString","coordinates":[[13.252365,52.516406],[13.251892,52.516548]]}},{"type":"Feature","properties":{"k":"track","lvl":"ground","lines":"","c":"#8a8a8a","svc":"yard","bau":0,"name":""},"geometry":{"type":"LineString","coordinates":[[13.249924,52.519734],[13.24982,52.519688]]}},{"type":"Feature","properties":{"k":"track","lvl":"ground","lines":"","c":"#8a8a8a","svc":"yard","bau":0,"name":""},"geometry":{"type":"LineString","coordinates":[[13.249814,52.51942],[13.250074,52.519545],[13.25013,52.519569]]}},{"type":"Feature","properties":{"k":"track","lvl":"ground","lines":"","c":"#8a8a8a","svc":"yard","bau":0,"name":""},"geometry":{"type":"LineString","coordinates":[[13.250018,52.519659],[13.251259,52.520234]]}},{"type":"Feature","properties":{"k":"track","lvl":"ground","lines":"","c":"#8a8a8a","svc":"yard","bau":0,"name":""},"geometry":{"type":"LineString","coordinates":[[13.249987,52.519684],[13.251232,52.520254]]}},{"type":"Feature","properties":{"k":"track","lvl":"ground","lines":"","c":"#8a8a8a","svc":"yard","bau":0,"name":""},"geometry":{"type":"LineString","coordinates":[[13.250272,52.519452],[13.251546,52.520016]]}},{"type":"Feature","properties":{"k":"track","lvl":"ground","lines":"","c":"#8a8a8a","svc":"yard","bau":0,"name":""},"geometry":{"type":"LineString","coordinates":[[13.250065,52.519621],[13.250009,52.519596],[13.249762,52.519442]]}},{"type":"Feature","properties":{"k":"track","lvl":"ground","lines":"","c":"#8a8a8a","svc":"yard","bau":0,"name":""},"geometry":{"type":"LineString","coordinates":[[13.250163,52.519542],[13.251445,52.520093]]}},{"type":"Feature","properties":{"k":"track","lvl":"ground","lines":"","c":"#8a8a8a","svc":"yard","bau":0,"name":""},"geometry":{"type":"LineString","coordinates":[[13.249692,52.519548],[13.249958,52.519631],[13.250018,52.519659]]}},{"type":"Feature","properties":{"k":"track","lvl":"ground","lines":"","c":"#8a8a8a","svc":"yard","bau":0,"name":""},"geometry":{"type":"LineString","coordinates":[[13.250095,52.519597],[13.251356,52.52016]]}},{"type":"Feature","properties":{"k":"track","lvl":"ground","lines":"","c":"#8a8a8a","svc":"yard","bau":0,"name":""},"geometry":{"type":"LineString","coordinates":[[13.25021,52.519505],[13.250016,52.519421],[13.249672,52.519261]]}},{"type":"Feature","properties":{"k":"track","lvl":"ground","lines":"","c":"#8a8a8a","svc":"yard","bau":0,"name":""},"geometry":{"type":"LineString","coordinates":[[13.249467,52.519445],[13.249692,52.519548]]}},{"type":"Feature","properties":{"k":"track","lvl":"ground","lines":"","c":"#8a8a8a","svc":"yard","bau":0,"name":""},"geometry":{"type":"LineString","coordinates":[[13.25013,52.519569],[13.251405,52.520123]]}},{"type":"Feature","properties":{"k":"track","lvl":"ground","lines":"","c":"#8a8a8a","svc":"yard","bau":0,"name":""},"geometry":{"type":"LineString","coordinates":[[13.249566,52.519307],[13.249814,52.51942]]}},{"type":"Feature","properties":{"k":"track","lvl":"ground","lines":"","c":"#8a8a8a","svc":"yard","bau":0,"name":""},"geometry":{"type":"LineString","coordinates":[[13.249657,52.519576],[13.249467,52.519445]]}},{"type":"Feature","properties":{"k":"track","lvl":"ground","lines":"","c":"#8a8a8a","svc":"yard","bau":0,"name":""},"geometry":{"type":"LineString","coordinates":[[13.249672,52.519261],[13.249828,52.519308],[13.249966,52.519343],[13.250092,52.519378],[13.250212,52.519425],[13.250272,52.519452]]}},{"type":"Feature","properties":{"k":"track","lvl":"ground","lines":"","c":"#8a8a8a","svc":"yard","bau":0,"name":""},"geometry":{"type":"LineString","coordinates":[[13.249952,52.519712],[13.251201,52.520277]]}},{"type":"Feature","properties":{"k":"track","lvl":"ground","lines":"","c":"#8a8a8a","svc":"yard","bau":0,"name":""},"geometry":{"type":"LineString","coordinates":[[13.249762,52.519442],[13.249566,52.519307]]}},{"type":"Feature","properties":{"k":"track","lvl":"tunnel","lines":"","c":"#8a8a8a","svc":"yard","bau":0,"name":""},"geometry":{"type":"LineString","coordinates":[[13.249854,52.518493],[13.249662,52.518862]]}},{"type":"Feature","properties":{"k":"track","lvl":"ground","lines":"","c":"#8a8a8a","svc":"yard","bau":0,"name":""},"geometry":{"type":"LineString","coordinates":[[13.249803,52.518482],[13.250146,52.517929],[13.25017,52.517896],[13.250285,52.517743]]}},{"type":"Feature","properties":{"k":"track","lvl":"ground","lines":"","c":"#8a8a8a","svc":"yard","bau":0,"name":""},"geometry":{"type":"LineString","coordinates":[[13.249737,52.518468],[13.249806,52.518345],[13.24989,52.518174],[13.249926,52.518112],[13.249979,52.518043],[13.250153,52.517837]]}},{"type":"Feature","properties":{"k":"track","lvl":"ground","lines":"","c":"#8a8a8a","svc":"yard","bau":0,"name":""},"geometry":{"type":"LineString","coordinates":[[13.249899,52.518502],[13.250103,52.518186],[13.250171,52.518059]]}},{"type":"Feature","properties":{"k":"track","lvl":"tunnel","lines":"U6","c":"#8C6DAB","svc":"","bau":0,"name":"U6"},"geometry":{"type":"LineString","coordinates":[[13.384063,52.455769],[13.384006,52.456158],[13.383989,52.456516],[13.384011,52.456982],[13.384098,52.457503],[13.384312,52.458375],[13.384421,52.458826],[13.384594,52.459521]]}},{"type":"Feature","properties":{"k":"track","lvl":"tunnel","lines":"U6","c":"#8C6DAB","svc":"","bau":0,"name":"U6"},"geometry":{"type":"LineString","coordinates":[[13.390615,52.505501],[13.390753,52.504987],[13.390839,52.504338],[13.39125,52.501528],[13.391604,52.499423],[13.391623,52.49904],[13.39164,52.498695],[13.391652,52.498497],[13.391642,52.498183],[13.391533,52.497737],[13.391404,52.497303],[13.391351,52.497154],[13.391277,52.497012],[13.391193,52.496893],[13.39104,52.496744],[13.390363,52.496189],[13.389741,52.49575]]}},{"type":"Feature","properties":{"k":"track","lvl":"tunnel","lines":"U6","c":"#8C6DAB","svc":"","bau":0,"name":"U6"},"geometry":{"type":"LineString","coordinates":[[13.385695,52.464864],[13.385737,52.465712],[13.385742,52.465849],[13.385749,52.466002],[13.385775,52.466525]]}},{"type":"Feature","properties":{"k":"track","lvl":"tunnel","lines":"U6","c":"#8C6DAB","svc":"","bau":0,"name":"U6"},"geometry":{"type":"LineString","coordinates":[[13.385798,52.468611],[13.385768,52.469168],[13.385677,52.469926],[13.38564,52.470342],[13.385646,52.470694]]}},{"type":"Feature","properties":{"k":"track","lvl":"tunnel","lines":"U6","c":"#8C6DAB","svc":"","bau":0,"name":"U6"},"geometry":{"type":"LineString","coordinates":[[13.38832,52.519664],[13.388397,52.519368],[13.388479,52.51879],[13.388515,52.518637],[13.388674,52.517661],[13.388719,52.517394],[13.388914,52.51618],[13.388996,52.51564],[13.389005,52.515403],[13.389027,52.515226],[13.389295,52.513841],[13.38947,52.512757],[13.389489,52.512496]]}},{"type":"Feature","properties":{"k":"track","lvl":"tunnel","lines":"U6","c":"#8C6DAB","svc":"","bau":0,"name":"U6"},"geometry":{"type":"LineString","coordinates":[[13.389585,52.511774],[13.389748,52.510829],[13.389776,52.510662],[13.389843,52.510219],[13.389918,52.509893],[13.389974,52.509652],[13.390037,52.509373],[13.390226,52.508231]]}},{"type":"Feature","properties":{"k":"track","lvl":"tunnel","lines":"U6","c":"#8C6DAB","svc":"","bau":0,"name":"U6"},"geometry":{"type":"LineString","coordinates":[[13.390638,52.50638],[13.390396,52.507621],[13.390284,52.508237],[13.390096,52.509378],[13.39007,52.509658],[13.390042,52.509902],[13.389983,52.510234],[13.389923,52.510673],[13.389893,52.510837],[13.389839,52.511143],[13.389727,52.511783]]}},{"type":"Feature","properties":{"k":"track","lvl":"tunnel","lines":"U6","c":"#8C6DAB","svc":"","bau":0,"name":"U6"},"geometry":{"type":"LineString","coordinates":[[13.388569,52.518642],[13.388415,52.519671]]}},{"type":"Feature","properties":{"k":"track","lvl":"tunnel","lines":"","c":"#8a8a8a","svc":"","bau":1,"name":""},"geometry":{"type":"LineString","coordinates":[[13.284958,52.588298],[13.285472,52.587835],[13.286897,52.586259],[13.288718,52.584048],[13.28991,52.582612],[13.290121,52.58235],[13.290255,52.582152],[13.290351,52.582014],[13.290506,52.581806],[13.290681,52.581607],[13.290939,52.581349],[13.291093,52.581204]]}},{"type":"Feature","properties":{"k":"track","lvl":"tunnel","lines":"U6","c":"#8C6DAB","svc":"","bau":0,"name":"U6"},"geometry":{"type":"LineString","coordinates":[[13.390094,52.495669],[13.390152,52.495723],[13.391172,52.496702],[13.391296,52.496864],[13.391369,52.496993],[13.39144,52.497141],[13.39149,52.497293],[13.391606,52.497729],[13.391724,52.498176],[13.391798,52.498498],[13.391812,52.498694],[13.391807,52.499046],[13.391766,52.499314],[13.391404,52.501542],[13.391128,52.503177]]}},{"type":"Feature","properties":{"k":"track","lvl":"tunnel","lines":"U6","c":"#8C6DAB","svc":"","bau":0,"name":"U6"},"geometry":{"type":"LineString","coordinates":[[13.38641,52.490437],[13.38632,52.49013],[13.386212,52.489697],[13.386127,52.489322],[13.386028,52.488728],[13.385949,52.488103],[13.385887,52.487538],[13.385852,52.487105],[13.385825,52.486626],[13.385801,52.485596],[13.385786,52.484713],[13.385801,52.484344],[13.385844,52.484122],[13.38588,52.484008],[13.385914,52.483914],[13.386146,52.483335],[13.386203,52.483112],[13.386297,52.482674],[13.386332,52.482461],[13.386324,52.481743],[13.386303,52.48072],[13.386266,52.479343],[13.386241,52.479135],[13.386197,52.478823],[13.386181,52.478591],[13.386171,52.478119],[13.386164,52.477785],[13.38616,52.477681],[13.386207,52.477038],[13.386133,52.474604],[13.386115,52.473531],[13.386103,52.47293],[13.386086,52.472763],[13.386068,52.472623],[13.386003,52.472355],[13.385924,52.472113],[13.385604,52.471425],[13.385565,52.471331],[13.385526,52.471207],[13.385485,52.470977],[13.385479,52.470749]]}},{"type":"Feature","properties":{"k":"track","lvl":"tunnel","lines":"U6","c":"#8C6DAB","svc":"","bau":0,"name":"U6"},"geometry":{"type":"LineString","coordinates":[[13.387403,52.440287],[13.387228,52.440629],[13.386975,52.441317],[13.386864,52.441628],[13.386624,52.44232],[13.386383,52.443035]]}},{"type":"Feature","properties":{"k":"track","lvl":"tunnel","lines":"U6","c":"#8C6DAB","svc":"","bau":0,"name":"U6"},"geometry":{"type":"LineString","coordinates":[[13.387206,52.440452],[13.387316,52.440032],[13.387414,52.439655]]}},{"type":"Feature","properties":{"k":"track","lvl":"tunnel","lines":"U6","c":"#8C6DAB","svc":"","bau":0,"name":"U6"},"geometry":{"type":"LineString","coordinates":[[13.387619,52.43965],[13.387569,52.439849],[13.387496,52.440055],[13.387452,52.440182],[13.387403,52.440287]]}},{"type":"Feature","properties":{"k":"track","lvl":"tunnel","lines":"U2","c":"#DA421E","svc":"","bau":0,"name":""},"geometry":{"type":"LineString","coordinates":[[13.331911,52.506442],[13.331235,52.506757],[13.328976,52.507793],[13.328877,52.507833],[13.328355,52.508035],[13.328175,52.508095],[13.327972,52.50817],[13.327849,52.508219],[13.326636,52.508762],[13.326407,52.508876],[13.32618,52.508991],[13.325978,52.509096],[13.325847,52.509169],[13.325636,52.509296],[13.325474,52.5094],[13.32283,52.51127]]}},{"type":"Feature","properties":{"k":"track","lvl":"ground","lines":"","c":"#8a8a8a","svc":"siding","bau":0,"name":""},"geometry":{"type":"LineString","coordinates":[[13.24997,52.517426],[13.250221,52.51714],[13.250518,52.516907],[13.250798,52.516741],[13.251082,52.516609],[13.251433,52.516491],[13.25184,52.516382]]}},{"type":"Feature","properties":{"k":"track","lvl":"tunnel","lines":"U5","c":"#7E5330","svc":"","bau":0,"name":""},"geometry":{"type":"LineString","coordinates":[[13.43034,52.518207],[13.430441,52.518192],[13.431177,52.518094],[13.432249,52.517967],[13.432676,52.517915],[13.432762,52.517917],[13.433153,52.517896],[13.442774,52.516908],[13.443394,52.516828],[13.444069,52.516744],[13.444443,52.516701],[13.444939,52.516649],[13.445346,52.51661],[13.445665,52.516587],[13.445844,52.516577]]}},{"type":"Feature","properties":{"k":"track","lvl":"tunnel","lines":"","c":"#8a8a8a","svc":"yard","bau":0,"name":"7"},"geometry":{"type":"LineString","coordinates":[[13.350978,52.55289],[13.350981,52.552835],[13.350949,52.55277],[13.350827,52.552652],[13.350559,52.552472]]}},{"type":"Feature","properties":{"k":"track","lvl":"tunnel","lines":"","c":"#8a8a8a","svc":"yard","bau":0,"name":""},"geometry":{"type":"LineString","coordinates":[[13.35109,52.552959],[13.351106,52.5529],[13.351161,52.552748],[13.351176,52.552636],[13.351156,52.552535]]}},{"type":"Feature","properties":{"k":"track","lvl":"tunnel","lines":"U6","c":"#8C6DAB","svc":"","bau":0,"name":"U6"},"geometry":{"type":"LineString","coordinates":[[13.327853,52.56309],[13.327162,52.563271],[13.326246,52.56351]]}},{"type":"Feature","properties":{"k":"track","lvl":"tunnel","lines":"","c":"#8a8a8a","svc":"yard","bau":0,"name":"Prüfgleis"},"geometry":{"type":"LineString","coordinates":[[13.351347,52.553175],[13.351401,52.552788]]}},{"type":"Feature","properties":{"k":"track","lvl":"cut","lines":"","c":"#8a8a8a","svc":"crossover","bau":0,"name":""},"geometry":{"type":"LineString","coordinates":[[13.628956,52.539198],[13.629349,52.539135],[13.62971,52.539071]]}},{"type":"Feature","properties":{"k":"track","lvl":"tunnel","lines":"","c":"#8a8a8a","svc":"yard","bau":0,"name":""},"geometry":{"type":"LineString","coordinates":[[13.444655,52.43546],[13.445438,52.43515]]}},{"type":"Feature","properties":{"k":"track","lvl":"tunnel","lines":"","c":"#8a8a8a","svc":"yard","bau":0,"name":""},"geometry":{"type":"LineString","coordinates":[[13.444832,52.43552],[13.445535,52.435242]]}},{"type":"Feature","properties":{"k":"track","lvl":"tunnel","lines":"","c":"#8a8a8a","svc":"yard","bau":0,"name":""},"geometry":{"type":"LineString","coordinates":[[13.440493,52.436132],[13.442083,52.435517]]}},{"type":"Feature","properties":{"k":"track","lvl":"tunnel","lines":"","c":"#8a8a8a","svc":"yard","bau":0,"name":""},"geometry":{"type":"LineString","coordinates":[[13.445494,52.435203],[13.444713,52.435516]]}},{"type":"Feature","properties":{"k":"track","lvl":"tunnel","lines":"","c":"#8a8a8a","svc":"yard","bau":0,"name":""},"geometry":{"type":"LineString","coordinates":[[13.448678,52.436205],[13.448801,52.435569],[13.448967,52.43514]]}},{"type":"Feature","properties":{"k":"track","lvl":"ground","lines":"","c":"#8a8a8a","svc":"yard","bau":0,"name":""},"geometry":{"type":"LineString","coordinates":[[13.446456,52.434751],[13.446777,52.434647],[13.447091,52.434577]]}},{"type":"Feature","properties":{"k":"track","lvl":"ground","lines":"","c":"#8a8a8a","svc":"yard","bau":0,"name":""},"geometry":{"type":"LineString","coordinates":[[13.442083,52.435517],[13.442491,52.435349],[13.442748,52.435263],[13.443439,52.435068],[13.443521,52.435045],[13.443846,52.434933],[13.444215,52.434807],[13.444673,52.434627],[13.445298,52.434448],[13.445414,52.434384],[13.447312,52.433628],[13.447435,52.433582],[13.447674,52.433502],[13.44788,52.433448],[13.448097,52.433413],[13.448282,52.433397],[13.448429,52.433398],[13.448592,52.433407],[13.448749,52.433426],[13.448924,52.433465],[13.449119,52.433521],[13.449286,52.433593],[13.449445,52.433681],[13.449561,52.433772],[13.44967,52.433881],[13.449718,52.433943],[13.449767,52.434018],[13.449803,52.434106],[13.449826,52.434183],[13.449838,52.434247],[13.449841,52.434306],[13.449833,52.434379],[13.449821,52.434449],[13.449797,52.43452],[13.449773,52.434576],[13.449707,52.434702],[13.449478,52.435073]]}},{"type":"Feature","properties":{"k":"track","lvl":"ground","lines":"","c":"#8a8a8a","svc":"yard","bau":0,"name":""},"geometry":{"type":"LineString","coordinates":[[13.439892,52.436371],[13.440249,52.436271],[13.440495,52.436209],[13.440658,52.43616],[13.442797,52.43532],[13.443439,52.435068]]}},{"type":"Feature","properties":{"k":"track","lvl":"tunnel","lines":"","c":"#8a8a8a","svc":"yard","bau":0,"name":""},"geometry":{"type":"LineString","coordinates":[[13.441645,52.435096],[13.440261,52.435631]]}},{"type":"Feature","properties":{"k":"track","lvl":"tunnel","lines":"","c":"#8a8a8a","svc":"yard","bau":0,"name":""},"geometry":{"type":"LineString","coordinates":[[13.441581,52.435034],[13.440196,52.43557]]}},{"type":"Feature","properties":{"k":"track","lvl":"tunnel","lines":"","c":"#8a8a8a","svc":"yard","bau":0,"name":""},"geometry":{"type":"LineString","coordinates":[[13.441882,52.435323],[13.440502,52.435857]]}},{"type":"Feature","properties":{"k":"track","lvl":"tunnel","lines":"","c":"#8a8a8a","svc":"yard","bau":0,"name":""},"geometry":{"type":"LineString","coordinates":[[13.441911,52.435352],[13.440532,52.435885]]}},{"type":"Feature","properties":{"k":"track","lvl":"tunnel","lines":"","c":"#8a8a8a","svc":"yard","bau":0,"name":""},"geometry":{"type":"LineString","coordinates":[[13.441718,52.435166],[13.440336,52.435701]]}},{"type":"Feature","properties":{"k":"track","lvl":"tunnel","lines":"","c":"#8a8a8a","svc":"yard","bau":0,"name":""},"geometry":{"type":"LineString","coordinates":[[13.441976,52.435414],[13.440598,52.435947]]}},{"type":"Feature","properties":{"k":"track","lvl":"tunnel","lines":"","c":"#8a8a8a","svc":"yard","bau":0,"name":""},"geometry":{"type":"LineString","coordinates":[[13.441783,52.435229],[13.440402,52.435763]]}},{"type":"Feature","properties":{"k":"track","lvl":"tunnel","lines":"","c":"#8a8a8a","svc":"yard","bau":0,"name":""},"geometry":{"type":"LineString","coordinates":[[13.441614,52.435066],[13.44023,52.435602]]}},{"type":"Feature","properties":{"k":"track","lvl":"tunnel","lines":"","c":"#8a8a8a","svc":"yard","bau":0,"name":""},"geometry":{"type":"LineString","coordinates":[[13.441942,52.435381],[13.440563,52.435915]]}},{"type":"Feature","properties":{"k":"track","lvl":"tunnel","lines":"","c":"#8a8a8a","svc":"yard","bau":0,"name":""},"geometry":{"type":"LineString","coordinates":[[13.441749,52.435196],[13.440368,52.435731]]}},{"type":"Feature","properties":{"k":"track","lvl":"tunnel","lines":"","c":"#8a8a8a","svc":"yard","bau":0,"name":""},"geometry":{"type":"LineString","coordinates":[[13.441825,52.435269],[13.440445,52.435803]]}},{"type":"Feature","properties":{"k":"track","lvl":"tunnel","lines":"","c":"#8a8a8a","svc":"yard","bau":0,"name":""},"geometry":{"type":"LineString","coordinates":[[13.441679,52.435128],[13.440296,52.435663]]}},{"type":"Feature","properties":{"k":"track","lvl":"tunnel","lines":"","c":"#8a8a8a","svc":"yard","bau":0,"name":""},"geometry":{"type":"LineString","coordinates":[[13.442015,52.435452],[13.440638,52.435985]]}},{"type":"Feature","properties":{"k":"track","lvl":"ground","lines":"U5","c":"#7E5330","svc":"","bau":0,"name":""},"geometry":{"type":"LineString","coordinates":[[13.62971,52.539071],[13.630253,52.538971],[13.630798,52.538872]]}},{"type":"Feature","properties":{"k":"track","lvl":"tunnel","lines":"","c":"#8a8a8a","svc":"siding","bau":0,"name":""},"geometry":{"type":"LineString","coordinates":[[13.412653,52.521168],[13.412715,52.521226],[13.413219,52.521479],[13.41345,52.521584],[13.413737,52.521704],[13.414125,52.521857],[13.414155,52.521872]]}},{"type":"Feature","properties":{"k":"track","lvl":"tunnel","lines":"U7","c":"#528DBA","svc":"","bau":0,"name":"U7"},"geometry":{"type":"LineString","coordinates":[[13.494561,52.416572],[13.494435,52.416646],[13.494392,52.416673],[13.494254,52.416757],[13.493978,52.416942],[13.493577,52.417249],[13.492761,52.417899],[13.489611,52.420327],[13.488735,52.420995],[13.487839,52.421676],[13.487339,52.421999],[13.486553,52.422393],[13.485815,52.422704],[13.48525,52.422896],[13.484256,52.42321],[13.484065,52.423265],[13.483803,52.423341],[13.483102,52.42348],[13.482412,52.423556],[13.481997,52.423581],[13.481519,52.423586],[13.4806,52.423555],[13.478707,52.423486],[13.476534,52.42337],[13.475004,52.423277],[13.472386,52.423279],[13.470947,52.423335],[13.469306,52.42353],[13.467154,52.423676],[13.465021,52.423993],[13.463245,52.424404]]}},{"type":"Feature","properties":{"k":"track","lvl":"tunnel","lines":"U4","c":"#F0D722","svc":"","bau":0,"name":"U4"},"geometry":{"type":"LineString","coordinates":[[13.353029,52.499484],[13.352578,52.499274],[13.352347,52.499184],[13.352189,52.499134],[13.352063,52.499085],[13.351961,52.499049],[13.351188,52.498798]]}},{"type":"Feature","properties":{"k":"platform","name":"Heinrich-Heine-Straße"},"geometry":{"type":"Polygon","coordinates":[[[13.416234,52.510629],[13.416186,52.510643],[13.416139,52.510656],[13.415322,52.509599],[13.415368,52.509586],[13.415418,52.509572],[13.416234,52.510629]]]}},{"type":"Feature","properties":{"k":"platform","name":"Märkisches Museum"},"geometry":{"type":"Polygon","coordinates":[[[13.409328,52.512135],[13.409338,52.512116],[13.409349,52.512097],[13.409837,52.512202],[13.410754,52.512502],[13.410943,52.512564],[13.410925,52.512583],[13.410908,52.512601],[13.410721,52.51254],[13.409812,52.512244],[13.409328,52.512135]]]}},{"type":"Feature","properties":{"k":"platform","name":"Spittelmarkt"},"geometry":{"type":"Polygon","coordinates":[[[13.403352,52.511348],[13.403522,52.51134],[13.404553,52.51131],[13.404553,52.511306],[13.404551,52.511279],[13.404548,52.511252],[13.404181,52.511263],[13.403346,52.511287],[13.402931,52.511299],[13.402932,52.511307],[13.402933,52.511333],[13.402935,52.511358],[13.402934,52.511367],[13.403352,52.511348]]]}},{"type":"Feature","properties":{"k":"track","lvl":"tunnel","lines":"U8","c":"#224F86","svc":"","bau":0,"name":"U8"},"geometry":{"type":"LineString","coordinates":[[13.416685,52.511482],[13.416635,52.511366],[13.416597,52.511288],[13.416556,52.511224],[13.416508,52.511164],[13.41612,52.510661],[13.415974,52.510471],[13.415644,52.510045]]}},{"type":"Feature","properties":{"k":"track","lvl":"tunnel","lines":"U8","c":"#224F86","svc":"","bau":0,"name":"U8"},"geometry":{"type":"LineString","coordinates":[[13.411394,52.504441],[13.412562,52.505947],[13.412819,52.506335],[13.413396,52.507072],[13.414215,52.508118],[13.414413,52.508374],[13.414783,52.50885],[13.41492,52.509003],[13.415065,52.50914],[13.415204,52.509279],[13.415323,52.509421],[13.415437,52.509567],[13.416109,52.510436],[13.416254,52.510623],[13.416433,52.51086],[13.416514,52.510995],[13.416582,52.511132],[13.416663,52.511304],[13.416753,52.51149]]}},{"type":"Feature","properties":{"k":"track","lvl":"tunnel","lines":"U8","c":"#224F86","svc":"","bau":0,"name":"U8"},"geometry":{"type":"LineString","coordinates":[[13.422271,52.492565],[13.422959,52.491451],[13.422987,52.491399],[13.42301,52.491347],[13.423037,52.491258],[13.423077,52.491154],[13.42356,52.490394],[13.424256,52.489285],[13.424524,52.488946],[13.424562,52.488901],[13.424851,52.488526],[13.424872,52.488492],[13.42495,52.488331],[13.425027,52.488175],[13.42509,52.488026],[13.425143,52.48789],[13.425154,52.487847],[13.425163,52.487807],[13.425163,52.487758],[13.425155,52.487702],[13.425128,52.487631],[13.425096,52.487571],[13.425028,52.487468],[13.424941,52.48736]]}},{"type":"Feature","properties":{"k":"platform","name":"Rathaus Neukölln"},"geometry":{"type":"Polygon","coordinates":[[[13.434363,52.481558],[13.43434,52.481546],[13.43433,52.481541],[13.434297,52.481525],[13.434242,52.481565],[13.433624,52.482018],[13.433653,52.482033],[13.433692,52.482053],[13.434308,52.481598],[13.434363,52.481558]]]}},{"type":"Feature","properties":{"k":"track","lvl":"tunnel","lines":"U7","c":"#528DBA","svc":"","bau":0,"name":"U7"},"geometry":{"type":"LineString","coordinates":[[13.420371,52.487348],[13.419406,52.487503],[13.418694,52.487599],[13.41671,52.487865],[13.409504,52.488808],[13.40902,52.488883],[13.40885,52.488913],[13.408573,52.488969],[13.408154,52.489076],[13.408001,52.48912],[13.406984,52.489414],[13.40675,52.489479],[13.406529,52.489525],[13.406289,52.489555],[13.406086,52.489564],[13.405347,52.489544],[13.405083,52.489537],[13.404791,52.489541],[13.404528,52.489557],[13.404295,52.489581],[13.404067,52.489612],[13.403855,52.48965],[13.397433,52.490945],[13.396644,52.491078],[13.396017,52.491205],[13.394958,52.491419],[13.394177,52.491598],[13.39124,52.492191],[13.391038,52.492222],[13.390721,52.492262],[13.390283,52.492305],[13.390077,52.492321],[13.389581,52.492356],[13.389241,52.49239],[13.389071,52.492418],[13.388962,52.492443],[13.388828,52.492479],[13.388728,52.492512],[13.388633,52.492552]]}},{"type":"Feature","properties":{"k":"track","lvl":"tunnel","lines":"U7","c":"#528DBA","svc":"","bau":0,"name":"U7"},"geometry":{"type":"LineString","coordinates":[[13.434883,52.481189],[13.434503,52.481477],[13.434009,52.481831],[13.433864,52.48193],[13.433698,52.482054]]}},{"type":"Feature","properties":{"k":"track","lvl":"tunnel","lines":"U7","c":"#528DBA","svc":"","bau":0,"name":"U7"},"geometry":{"type":"LineString","coordinates":[[13.434838,52.481164],[13.434622,52.481291],[13.434216,52.481572],[13.433608,52.482023],[13.433477,52.482103]]}},{"type":"Feature","properties":{"k":"platform","name":"Boddinstraße"},"geometry":{"type":"Polygon","coordinates":[[[13.425437,52.47957],[13.425464,52.479573],[13.425493,52.479576],[13.425238,52.480389],[13.425104,52.480796],[13.425074,52.480792],[13.425039,52.480788],[13.425173,52.48038],[13.425437,52.47957]]]}},{"type":"Feature","properties":{"k":"track","lvl":"tunnel","lines":"U8","c":"#224F86","svc":"","bau":0,"name":"U8"},"geometry":{"type":"LineString","coordinates":[[13.425681,52.479198],[13.425522,52.479577],[13.425326,52.480191],[13.425107,52.480844],[13.425048,52.481027]]}},{"type":"Feature","properties":{"k":"track","lvl":"tunnel","lines":"U8","c":"#224F86","svc":"","bau":0,"name":"U8"},"geometry":{"type":"LineString","coordinates":[[13.424957,52.481023],[13.425006,52.480834],[13.425396,52.479624],[13.425416,52.479565],[13.425516,52.479173]]}},{"type":"Feature","properties":{"k":"track","lvl":"tunnel","lines":"U8","c":"#224F86","svc":"","bau":0,"name":"U8"},"geometry":{"type":"LineString","coordinates":[[13.425516,52.479173],[13.425754,52.478524],[13.426073,52.477734],[13.426485,52.476821],[13.426758,52.476217],[13.427252,52.475162],[13.427628,52.474299]]}},{"type":"Feature","properties":{"k":"track","lvl":"tunnel","lines":"U2","c":"#DA421E","svc":"","bau":0,"name":"U2"},"geometry":{"type":"LineString","coordinates":[[13.374838,52.503609],[13.374846,52.503633],[13.374886,52.503744],[13.374952,52.5039],[13.375128,52.504263],[13.375147,52.504303],[13.375902,52.505595]]}},{"type":"Feature","properties":{"k":"track","lvl":"tunnel","lines":"U2","c":"#DA421E","svc":"","bau":0,"name":"U2"},"geometry":{"type":"LineString","coordinates":[[13.375856,52.505606],[13.375105,52.504309],[13.375085,52.504273],[13.374908,52.503907],[13.374841,52.503746],[13.374792,52.50362]]}},{"type":"Feature","properties":{"k":"track","lvl":"tunnel","lines":"U6","c":"#8C6DAB","svc":"","bau":0,"name":"U6"},"geometry":{"type":"LineString","coordinates":[[13.388052,52.521111],[13.388119,52.520689],[13.388229,52.52004],[13.388265,52.519861],[13.38832,52.519664]]}},{"type":"Feature","properties":{"k":"track","lvl":"tunnel","lines":"U6","c":"#8C6DAB","svc":"","bau":0,"name":"U6"},"geometry":{"type":"LineString","coordinates":[[13.388415,52.519671],[13.38841,52.519841],[13.388325,52.520355],[13.388268,52.520699],[13.388104,52.521392],[13.387898,52.522568],[13.38764,52.524034],[13.387531,52.524965]]}},{"type":"Feature","properties":{"k":"track","lvl":"bridge","lines":"","c":"#8a8a8a","svc":"yard","bau":0,"name":""},"geometry":{"type":"LineString","coordinates":[[13.448342,52.50396],[13.448612,52.504243],[13.448703,52.504329],[13.448738,52.50436],[13.448856,52.504477],[13.44898,52.504604],[13.44913,52.504699],[13.449288,52.504823],[13.449521,52.504926],[13.449691,52.504956],[13.449864,52.504963],[13.45008,52.504937]]}},{"type":"Feature","properties":{"k":"track","lvl":"ground","lines":"","c":"#8a8a8a","svc":"yard","bau":0,"name":""},"geometry":{"type":"LineString","coordinates":[[13.450107,52.504971],[13.452199,52.504391]]}},{"type":"Feature","properties":{"k":"track","lvl":"ground","lines":"","c":"#8a8a8a","svc":"yard","bau":0,"name":""},"geometry":{"type":"LineString","coordinates":[[13.449986,52.504815],[13.452078,52.504229]]}},{"type":"Feature","properties":{"k":"track","lvl":"ground","lines":"","c":"#8a8a8a","svc":"yard","bau":0,"name":""},"geometry":{"type":"LineString","coordinates":[[13.45008,52.504937],[13.452175,52.504359]]}},{"type":"Feature","properties":{"k":"track","lvl":"ground","lines":"","c":"#8a8a8a","svc":"yard","bau":0,"name":""},"geometry":{"type":"LineString","coordinates":[[13.450029,52.504873],[13.452123,52.50429]]}},{"type":"Feature","properties":{"k":"track","lvl":"ground","lines":"","c":"#8a8a8a","svc":"yard","bau":0,"name":""},"geometry":{"type":"LineString","coordinates":[[13.449965,52.504788],[13.452058,52.504202]]}},{"type":"Feature","properties":{"k":"track","lvl":"ground","lines":"","c":"#8a8a8a","svc":"yard","bau":0,"name":""},"geometry":{"type":"LineString","coordinates":[[13.450052,52.504903],[13.452149,52.504324]]}},{"type":"Feature","properties":{"k":"track","lvl":"ground","lines":"","c":"#8a8a8a","svc":"yard","bau":0,"name":""},"geometry":{"type":"LineString","coordinates":[[13.450006,52.504842],[13.452101,52.50426]]}},{"type":"Feature","properties":{"k":"track","lvl":"ground","lines":"","c":"#8a8a8a","svc":"yard","bau":0,"name":""},"geometry":{"type":"LineString","coordinates":[[13.450131,52.505004],[13.452219,52.504418]]}},{"type":"Feature","properties":{"k":"track","lvl":"tunnel","lines":"","c":"#8a8a8a","svc":"yard","bau":0,"name":""},"geometry":{"type":"LineString","coordinates":[[13.448342,52.50396],[13.448444,52.504128],[13.448533,52.504266]]}},{"type":"Feature","properties":{"k":"track","lvl":"tunnel","lines":"U1 U3","c":"#7DAD4C","svc":"","bau":0,"name":"U1"},"geometry":{"type":"LineString","coordinates":[[13.447183,52.502759],[13.447246,52.502815],[13.4473,52.502868],[13.447359,52.502933],[13.447417,52.503002],[13.4475,52.503107]]}},{"type":"Feature","properties":{"k":"track","lvl":"tunnel","lines":"U1 U3","c":"#7DAD4C","svc":"","bau":0,"name":"U1"},"geometry":{"type":"LineString","coordinates":[[13.447141,52.502771],[13.447094,52.502729],[13.44704,52.502685],[13.446901,52.502577]]}},{"type":"Feature","properties":{"k":"track","lvl":"ground","lines":"U3","c":"#16683D","svc":"","bau":0,"name":"U1"},"geometry":{"type":"LineString","coordinates":[[13.448927,52.50479],[13.44919,52.505128]]}},{"type":"Feature","properties":{"k":"track","lvl":"tunnel","lines":"","c":"#8a8a8a","svc":"yard","bau":0,"name":""},"geometry":{"type":"LineString","coordinates":[[13.448612,52.504243],[13.448444,52.504128],[13.448263,52.50399]]}},{"type":"Feature","properties":{"k":"track","lvl":"tunnel","lines":"U1","c":"#7DAD4C","svc":"","bau":0,"name":"U1"},"geometry":{"type":"LineString","coordinates":[[13.448779,52.50483],[13.448652,52.504664],[13.448528,52.504499],[13.448321,52.504241],[13.448041,52.503877]]}},{"type":"Feature","properties":{"k":"track","lvl":"tunnel","lines":"U5","c":"#7E5330","svc":"","bau":0,"name":""},"geometry":{"type":"LineString","coordinates":[[13.37305,52.519694],[13.3733,52.519193],[13.373489,52.518872],[13.37364,52.518665],[13.373779,52.518501],[13.373921,52.518346],[13.374132,52.518147],[13.374396,52.51793],[13.37464,52.517761],[13.374892,52.5176],[13.37512,52.517474],[13.375359,52.517352],[13.375909,52.517115],[13.376268,52.516989],[13.376632,52.51688],[13.376878,52.516814],[13.377134,52.516756],[13.377361,52.516711],[13.37754,52.516679],[13.377722,52.51665],[13.378091,52.516607],[13.378611,52.516557],[13.379137,52.516525],[13.379848,52.516503],[13.380273,52.516502],[13.380358,52.516505],[13.380552,52.516512]]}},{"type":"Feature","properties":{"k":"track","lvl":"tunnel","lines":"","c":"#8a8a8a","svc":"yard","bau":0,"name":""},"geometry":{"type":"LineString","coordinates":[[13.516415,52.500989],[13.516166,52.499934]]}},{"type":"Feature","properties":{"k":"track","lvl":"tunnel","lines":"","c":"#8a8a8a","svc":"yard","bau":0,"name":""},"geometry":{"type":"LineString","coordinates":[[13.51672,52.500965],[13.516526,52.499909]]}},{"type":"Feature","properties":{"k":"track","lvl":"tunnel","lines":"","c":"#8a8a8a","svc":"yard","bau":0,"name":""},"geometry":{"type":"LineString","coordinates":[[13.516558,52.500978],[13.51634,52.499922]]}},{"type":"Feature","properties":{"k":"track","lvl":"tunnel","lines":"","c":"#8a8a8a","svc":"yard","bau":0,"name":""},"geometry":{"type":"LineString","coordinates":[[13.517124,52.500934],[13.516919,52.499881]]}},{"type":"Feature","properties":{"k":"track","lvl":"tunnel","lines":"","c":"#8a8a8a","svc":"yard","bau":0,"name":""},"geometry":{"type":"LineString","coordinates":[[13.516939,52.500948],[13.516733,52.499894]]}},{"type":"Feature","properties":{"k":"track","lvl":"tunnel","lines":"","c":"#8a8a8a","svc":"yard","bau":0,"name":""},"geometry":{"type":"LineString","coordinates":[[13.517196,52.500929],[13.516992,52.499902]]}},{"type":"Feature","properties":{"k":"track","lvl":"ground","lines":"","c":"#8a8a8a","svc":"yard","bau":0,"name":""},"geometry":{"type":"LineString","coordinates":[[13.517682,52.500555],[13.517717,52.500752],[13.517709,52.500807],[13.517697,52.50085],[13.517668,52.500911],[13.517643,52.500957],[13.51756,52.501053]]}},{"type":"Feature","properties":{"k":"track","lvl":"ground","lines":"","c":"#8a8a8a","svc":"yard","bau":0,"name":""},"geometry":{"type":"LineString","coordinates":[[13.516617,52.500973],[13.516627,52.501026],[13.516728,52.50151],[13.516744,52.501653],[13.516747,52.501757],[13.516735,52.501898]]}},{"type":"Feature","properties":{"k":"track","lvl":"ground","lines":"","c":"#8a8a8a","svc":"yard","bau":0,"name":""},"geometry":{"type":"LineString","coordinates":[[13.517063,52.500939],[13.517072,52.500987],[13.517098,52.501117],[13.517102,52.501236],[13.517095,52.50133],[13.517074,52.501451]]}},{"type":"Feature","properties":{"k":"track","lvl":"ground","lines":"","c":"#8a8a8a","svc":"yard","bau":0,"name":""},"geometry":{"type":"LineString","coordinates":[[13.516488,52.500983],[13.5165,52.501038],[13.516627,52.501664],[13.516654,52.501828],[13.51666,52.50198],[13.516645,52.502079]]}},{"type":"Feature","properties":{"k":"track","lvl":"ground","lines":"","c":"#8a8a8a","svc":"yard","bau":0,"name":""},"geometry":{"type":"LineString","coordinates":[[13.516869,52.500954],[13.516878,52.501001],[13.516935,52.501286],[13.516939,52.501355],[13.516941,52.501481],[13.516928,52.501599]]}},{"type":"Feature","properties":{"k":"track","lvl":"ground","lines":"","c":"#8a8a8a","svc":"yard","bau":0,"name":""},"geometry":{"type":"LineString","coordinates":[[13.516997,52.500944],[13.517006,52.500992],[13.51703,52.501132],[13.51703,52.501233],[13.517027,52.501321],[13.517016,52.501417]]}},{"type":"Feature","properties":{"k":"track","lvl":"ground","lines":"","c":"#8a8a8a","svc":"yard","bau":0,"name":""},"geometry":{"type":"LineString","coordinates":[[13.516814,52.500958],[13.516823,52.501007],[13.516883,52.501354],[13.516928,52.501599],[13.516926,52.50167],[13.516911,52.501777],[13.516888,52.501892]]}},{"type":"Feature","properties":{"k":"platform","name":"Rosa-Luxemburg-Platz"},"geometry":{"type":"Polygon","coordinates":[[[13.410809,52.527082],[13.410781,52.527077],[13.410753,52.527072],[13.410148,52.52832],[13.410185,52.528327],[13.410204,52.528331],[13.410809,52.527082]]]}},{"type":"Feature","properties":{"k":"platform","name":"Neu-Westend"},"geometry":{"type":"Polygon","coordinates":[[[13.258342,52.516324],[13.260242,52.51618],[13.260237,52.516153],[13.260231,52.516127],[13.258331,52.516271],[13.258337,52.516301],[13.258342,52.516324]]]}},{"type":"Feature","properties":{"k":"track","lvl":"ground","lines":"U2","c":"#DA421E","svc":"","bau":0,"name":""},"geometry":{"type":"LineString","coordinates":[[13.242442,52.525377],[13.24276,52.525257],[13.242942,52.525191]]}},{"type":"Feature","properties":{"k":"track","lvl":"ground","lines":"U2","c":"#DA421E","svc":"","bau":0,"name":""},"geometry":{"type":"LineString","coordinates":[[13.242963,52.525217],[13.24276,52.525257],[13.242417,52.525324]]}},{"type":"Feature","properties":{"k":"platform","name":"Bundesplatz"},"geometry":{"type":"Polygon","coordinates":[[[13.328266,52.478467],[13.328294,52.478466],[13.328323,52.478466],[13.32836,52.478466],[13.328347,52.477426],[13.328275,52.477425],[13.328251,52.477425],[13.328254,52.477647],[13.328253,52.477705],[13.328266,52.478467]]]}},{"type":"Feature","properties":{"k":"platform","name":"Bundesplatz"},"geometry":{"type":"Polygon","coordinates":[[[13.328666,52.478464],[13.328694,52.478464],[13.328724,52.478463],[13.32876,52.478463],[13.328745,52.477679],[13.328744,52.477646],[13.32874,52.477425],[13.328696,52.477426],[13.328653,52.477426],[13.328666,52.478464]]]}},{"type":"Feature","properties":{"k":"track","lvl":"tunnel","lines":"U9","c":"#F3791D","svc":"","bau":0,"name":""},"geometry":{"type":"LineString","coordinates":[[13.328288,52.475562],[13.328368,52.474424],[13.328386,52.473886],[13.328455,52.473369],[13.328596,52.472743],[13.328629,52.472493],[13.32864,52.4721],[13.328611,52.471711],[13.328597,52.471523],[13.328556,52.471317],[13.328443,52.470949],[13.328357,52.470662],[13.328278,52.470351],[13.328205,52.468956],[13.328176,52.467127],[13.328179,52.466679],[13.328176,52.465617],[13.328174,52.465379],[13.32816,52.465275],[13.328095,52.465],[13.328036,52.4648],[13.327964,52.464621],[13.327894,52.464488],[13.327672,52.46424]]}},{"type":"Feature","properties":{"k":"track","lvl":"tunnel","lines":"U9","c":"#F3791D","svc":"","bau":0,"name":""},"geometry":{"type":"LineString","coordinates":[[13.327622,52.464017],[13.328007,52.464433],[13.328104,52.4646],[13.328191,52.464793],[13.328258,52.464982],[13.328333,52.465261],[13.328349,52.465382],[13.328345,52.466549],[13.328345,52.466679],[13.328347,52.467142],[13.328358,52.468962],[13.328414,52.470349],[13.328473,52.470635],[13.32857,52.470944],[13.328677,52.471253],[13.328763,52.471515],[13.328832,52.471838],[13.328848,52.471967],[13.328853,52.472248],[13.328823,52.472513],[13.328772,52.472756],[13.328556,52.473413],[13.328495,52.473893],[13.328492,52.474415],[13.328618,52.475555],[13.328656,52.476631],[13.328625,52.47746],[13.328635,52.478374],[13.328641,52.478441],[13.328717,52.479037],[13.328766,52.479967]]}},{"type":"Feature","properties":{"k":"track","lvl":"tunnel","lines":"U9","c":"#F3791D","svc":"","bau":0,"name":""},"geometry":{"type":"LineString","coordinates":[[13.328303,52.47997],[13.328291,52.479029],[13.328387,52.478459],[13.328362,52.477481],[13.32836,52.477426],[13.328294,52.476638],[13.328288,52.475562]]}},{"type":"Feature","properties":{"k":"platform","name":"Heidelberger Platz"},"geometry":{"type":"Polygon","coordinates":[[[13.313293,52.480672],[13.313334,52.480666],[13.313376,52.48066],[13.313399,52.480658],[13.313397,52.480646],[13.313363,52.480539],[13.313331,52.480454],[13.313291,52.480357],[13.313255,52.480279],[13.313191,52.480159],[13.31313,52.48006],[13.313069,52.47997],[13.313,52.479867],[13.312803,52.479564],[13.312781,52.479569],[13.312722,52.479583],[13.312695,52.479589],[13.312683,52.47959],[13.313077,52.4802],[13.313146,52.480322],[13.313184,52.480394],[13.313228,52.480493],[13.313279,52.480624],[13.313293,52.480672]]]}},{"type":"Feature","properties":{"k":"track","lvl":"tunnel","lines":"U3","c":"#16683D","svc":"","bau":0,"name":"U3"},"geometry":{"type":"LineString","coordinates":[[13.313522,52.481291],[13.313585,52.482382],[13.313656,52.483481],[13.313677,52.483816]]}},{"type":"Feature","properties":{"k":"track","lvl":"tunnel","lines":"U3","c":"#16683D","svc":"","bau":0,"name":"U3"},"geometry":{"type":"LineString","coordinates":[[13.312512,52.47891],[13.312526,52.478999],[13.312547,52.479071],[13.312581,52.479159],[13.312624,52.479247],[13.312664,52.479314],[13.312712,52.479387],[13.313021,52.479862],[13.31309,52.479965],[13.313151,52.480055],[13.313212,52.480155],[13.313276,52.480275],[13.313312,52.480353],[13.313353,52.480451],[13.313385,52.480536],[13.313419,52.480645],[13.313442,52.480748],[13.313505,52.481202],[13.313522,52.481291]]}},{"type":"Feature","properties":{"k":"track","lvl":"tunnel","lines":"U3","c":"#16683D","svc":"","bau":0,"name":"U3"},"geometry":{"type":"LineString","coordinates":[[13.312663,52.479595],[13.312584,52.479476],[13.312533,52.479392],[13.312491,52.479307],[13.312459,52.47922],[13.312431,52.479097],[13.312417,52.47899],[13.312417,52.478901],[13.312433,52.478776]]}},{"type":"Feature","properties":{"k":"platform","name":"Hermannplatz"},"geometry":{"type":"Polygon","coordinates":[[[13.423477,52.486651],[13.423922,52.486525],[13.424192,52.486444],[13.424329,52.486401],[13.424413,52.48637],[13.42447,52.486348],[13.424474,52.486347],[13.424592,52.486299],[13.424708,52.48625],[13.425006,52.48611],[13.424978,52.486086],[13.424951,52.486062],[13.424601,52.48622],[13.424443,52.486282],[13.424395,52.486301],[13.424382,52.486306],[13.424275,52.486345],[13.423878,52.486468],[13.423858,52.486474],[13.423809,52.486489],[13.423436,52.486599],[13.423456,52.486625],[13.423477,52.486651]]]}},{"type":"Feature","properties":{"k":"track","lvl":"bridge","lines":"U2","c":"#DA421E","svc":"","bau":0,"name":""},"geometry":{"type":"LineString","coordinates":[[13.413862,52.550079],[13.413936,52.550596],[13.414211,52.552149],[13.4146,52.554017],[13.414665,52.554414],[13.414672,52.554536],[13.41467,52.554637],[13.414669,52.554722],[13.414596,52.555293],[13.414506,52.555884]]}},{"type":"Feature","properties":{"k":"track","lvl":"bridge","lines":"U2","c":"#DA421E","svc":"","bau":0,"name":""},"geometry":{"type":"LineString","coordinates":[[13.413495,52.548567],[13.413483,52.548435],[13.413467,52.548143],[13.413422,52.547847],[13.413357,52.547569],[13.413248,52.547175],[13.412746,52.545303],[13.412368,52.543892],[13.412329,52.543667],[13.412274,52.543016],[13.41224,52.542784]]}},{"type":"Feature","properties":{"k":"track","lvl":"bridge","lines":"U2","c":"#DA421E","svc":"","bau":0,"name":""},"geometry":{"type":"LineString","coordinates":[[13.413773,52.550083],[13.41374,52.549946],[13.413713,52.549818],[13.413613,52.549289],[13.413517,52.548729],[13.413495,52.548567]]}},{"type":"Feature","properties":{"k":"track","lvl":"bridge","lines":"U2","c":"#DA421E","svc":"","bau":0,"name":""},"geometry":{"type":"LineString","coordinates":[[13.413629,52.548556],[13.41366,52.548728],[13.413688,52.548884],[13.413721,52.549101],[13.413824,52.549696],[13.413842,52.549809],[13.413862,52.550079]]}},{"type":"Feature","properties":{"k":"track","lvl":"tunnel","lines":"U7","c":"#528DBA","svc":"","bau":0,"name":"U7"},"geometry":{"type":"LineString","coordinates":[[13.441629,52.469727],[13.441548,52.469237],[13.441673,52.468572],[13.441779,52.468201],[13.441821,52.468076],[13.441939,52.467849]]}},{"type":"Feature","properties":{"k":"track","lvl":"tunnel","lines":"U7","c":"#528DBA","svc":"","bau":0,"name":"U7"},"geometry":{"type":"LineString","coordinates":[[13.442013,52.467857],[13.442039,52.46809],[13.441981,52.468441],[13.441942,52.468637],[13.441849,52.469113],[13.441828,52.46921],[13.441712,52.46959]]}},{"type":"Feature","properties":{"k":"platform","name":"Neukölln"},"geometry":{"type":"Polygon","coordinates":[[[13.44158,52.469231],[13.441677,52.469237],[13.441778,52.469242],[13.441786,52.469193],[13.442003,52.468134],[13.441924,52.468129],[13.441844,52.468124],[13.441713,52.468574],[13.441587,52.469183],[13.44158,52.469231]]]}},{"type":"Feature","properties":{"k":"track","lvl":"tunnel","lines":"U7","c":"#528DBA","svc":"","bau":0,"name":"U7"},"geometry":{"type":"LineString","coordinates":[[13.439682,52.47547],[13.439409,52.475991],[13.43934,52.476141],[13.439168,52.476513],[13.439036,52.476774],[13.438868,52.477026],[13.438719,52.477342]]}},{"type":"Feature","properties":{"k":"track","lvl":"tunnel","lines":"U6","c":"#8C6DAB","svc":"","bau":0,"name":"U6"},"geometry":{"type":"LineString","coordinates":[[13.385646,52.470694],[13.385651,52.470971],[13.385683,52.471195],[13.385738,52.471392],[13.385812,52.471577],[13.386061,52.472103],[13.386117,52.472362],[13.386151,52.47264],[13.386161,52.472936],[13.386169,52.473527],[13.386193,52.474602],[13.386266,52.477039],[13.386365,52.477688],[13.386367,52.477786],[13.386375,52.478114],[13.386386,52.47859],[13.386377,52.47882],[13.386337,52.479146],[13.386323,52.479346],[13.386351,52.480723],[13.386371,52.481752],[13.386393,52.482466],[13.386391,52.482744],[13.386386,52.482941],[13.386366,52.483136],[13.386292,52.483389],[13.386057,52.483948],[13.385995,52.484137],[13.385948,52.484369],[13.385936,52.484719],[13.385986,52.486455],[13.385921,52.487108],[13.385951,52.487542],[13.386015,52.488107],[13.386109,52.488729],[13.386219,52.489318],[13.386304,52.489694],[13.3865,52.490423]]}},{"type":"Feature","properties":{"k":"track","lvl":"tunnel","lines":"U6","c":"#8C6DAB","svc":"","bau":0,"name":"U6"},"geometry":{"type":"LineString","coordinates":[[13.384449,52.459533],[13.384401,52.459107],[13.38436,52.45883],[13.384255,52.45838],[13.384045,52.457505],[13.383956,52.45698],[13.383932,52.456512],[13.383955,52.456153],[13.384009,52.455759],[13.384169,52.454883],[13.384264,52.45438],[13.384419,52.453548],[13.384448,52.453393],[13.384571,52.452691],[13.384625,52.451967],[13.384947,52.450242],[13.385425,52.447706],[13.385466,52.447253]]}},{"type":"Feature","properties":{"k":"track","lvl":"tunnel","lines":"U6","c":"#8C6DAB","svc":"","bau":0,"name":"U6"},"geometry":{"type":"LineString","coordinates":[[13.385479,52.470749],[13.385471,52.470342],[13.385507,52.469892],[13.385596,52.469158],[13.385638,52.468599]]}},{"type":"Feature","properties":{"k":"platform","name":""},"geometry":{"type":"Polygon","coordinates":[[[13.385501,52.470343],[13.385536,52.469893],[13.385625,52.469159],[13.385694,52.469163],[13.385738,52.469166],[13.385648,52.469925],[13.385611,52.470341],[13.385601,52.470342],[13.385543,52.470341],[13.385501,52.470343]]]}},{"type":"Feature","properties":{"k":"platform","name":"Theodor-Heuss-Platz"},"geometry":{"type":"Polygon","coordinates":[[[13.273237,52.509705],[13.273227,52.509681],[13.27322,52.509662],[13.273096,52.509682],[13.273101,52.509694],[13.273106,52.509706],[13.273114,52.509724],[13.271778,52.509951],[13.271789,52.509969],[13.271802,52.509989],[13.273197,52.509763],[13.273364,52.509737],[13.273342,52.509689],[13.273237,52.509705]]]}},{"type":"Feature","properties":{"k":"platform","name":"Theodor-Heuss-Platz"},"geometry":{"type":"Polygon","coordinates":[[[13.272053,52.510093],[13.273208,52.5099],[13.273224,52.509936],[13.273334,52.509918],[13.273326,52.5099],[13.273318,52.509882],[13.273419,52.509865],[13.273398,52.509814],[13.273236,52.509842],[13.273065,52.50987],[13.272255,52.510005],[13.272149,52.510023],[13.271994,52.510055],[13.271867,52.510085],[13.271873,52.510123],[13.271975,52.510106],[13.271999,52.510159],[13.272005,52.510173],[13.272083,52.51016],[13.272077,52.510147],[13.272072,52.510136],[13.272053,52.510093]]]}},{"type":"Feature","properties":{"k":"track","lvl":"tunnel","lines":"U2","c":"#DA421E","svc":"","bau":0,"name":""},"geometry":{"type":"LineString","coordinates":[[13.261258,52.515909],[13.261416,52.515861],[13.261597,52.5158],[13.261697,52.51576],[13.261843,52.515698],[13.262028,52.515609],[13.262187,52.515526],[13.263752,52.514601],[13.266719,52.512851],[13.267513,52.512396],[13.268204,52.511977],[13.268286,52.511924],[13.268466,52.511806],[13.268602,52.51171],[13.268771,52.511585],[13.269021,52.511385],[13.269411,52.511133],[13.269638,52.510963],[13.269921,52.510733],[13.270092,52.510622],[13.270217,52.510547],[13.270437,52.510424],[13.27059,52.510349],[13.270737,52.510292],[13.270897,52.510232],[13.271011,52.510195],[13.271154,52.510154],[13.271423,52.510092],[13.271808,52.510002],[13.273176,52.509781],[13.273369,52.509749],[13.274417,52.509592],[13.274503,52.509583],[13.274706,52.509567],[13.274881,52.509559],[13.275056,52.509556],[13.275201,52.509558],[13.275349,52.509563],[13.281747,52.509979]]}},{"type":"Feature","properties":{"k":"track","lvl":"tunnel","lines":"U2","c":"#DA421E","svc":"","bau":0,"name":""},"geometry":{"type":"LineString","coordinates":[[13.281739,52.51002],[13.275505,52.509612],[13.275328,52.509601],[13.27518,52.509596],[13.274972,52.509595],[13.274795,52.5096],[13.274618,52.509611],[13.274473,52.509625],[13.273899,52.509712],[13.273392,52.509801],[13.273059,52.509857],[13.27225,52.509992],[13.272142,52.510011],[13.271858,52.510072],[13.271601,52.510137],[13.271463,52.510173],[13.271024,52.510357],[13.270747,52.510486],[13.27056,52.510589],[13.270259,52.510764],[13.269561,52.511138],[13.26932,52.511269],[13.26916,52.511375],[13.268748,52.511681],[13.268517,52.511844],[13.268256,52.512014],[13.263821,52.514637],[13.262144,52.515622],[13.261968,52.515717],[13.261784,52.515805],[13.26164,52.515867],[13.261491,52.515922]]}},{"type":"Feature","properties":{"k":"track","lvl":"tunnel","lines":"U4","c":"#F0D722","svc":"","bau":0,"name":"U4"},"geometry":{"type":"LineString","coordinates":[[13.343333,52.479599],[13.343498,52.479166],[13.343594,52.47897],[13.343664,52.478827]]}},{"type":"Feature","properties":{"k":"track","lvl":"tunnel","lines":"U4","c":"#F0D722","svc":"","bau":0,"name":"U4"},"geometry":{"type":"LineString","coordinates":[[13.343746,52.479016],[13.343652,52.479211],[13.34348,52.479511],[13.34341,52.479615]]}},{"type":"Feature","properties":{"k":"platform","name":"Innsbrucker Platz"},"geometry":{"type":"Polygon","coordinates":[[[13.343338,52.479601],[13.343372,52.479607],[13.343405,52.479613],[13.343638,52.479206],[13.343804,52.478851],[13.343766,52.478844],[13.343743,52.47884],[13.343721,52.478836],[13.343682,52.47883],[13.343516,52.479169],[13.343338,52.479601]]]}},{"type":"Feature","properties":{"k":"track","lvl":"tunnel","lines":"U2","c":"#DA421E","svc":"","bau":0,"name":""},"geometry":{"type":"LineString","coordinates":[[13.284599,52.510146],[13.285784,52.510226]]}},{"type":"Feature","properties":{"k":"track","lvl":"tunnel","lines":"U7","c":"#528DBA","svc":"","bau":0,"name":"U7"},"geometry":{"type":"LineString","coordinates":[[13.305165,52.512074],[13.305193,52.511913],[13.305256,52.511695],[13.305422,52.511006],[13.30557,52.510365],[13.306315,52.507869],[13.306373,52.507694],[13.30646,52.507488],[13.306597,52.507154],[13.30667,52.506898],[13.30717,52.505146],[13.307784,52.503223],[13.307821,52.503082],[13.307853,52.502922],[13.307873,52.502744],[13.307871,52.502618],[13.307865,52.502438],[13.307851,52.502277],[13.307827,52.502098],[13.307818,52.502054],[13.307797,52.501957],[13.307738,52.501744],[13.307643,52.501463],[13.307573,52.50127],[13.307519,52.501093],[13.307467,52.500897],[13.307429,52.500718]]}},{"type":"Feature","properties":{"k":"track","lvl":"tunnel","lines":"U2","c":"#DA421E","svc":"","bau":0,"name":""},"geometry":{"type":"LineString","coordinates":[[13.285784,52.510226],[13.291877,52.510599],[13.294984,52.510795],[13.295825,52.51085],[13.296901,52.510919],[13.302819,52.511321],[13.304421,52.51143]]}},{"type":"Feature","properties":{"k":"platform","name":"Bismarckstraße"},"geometry":{"type":"Polygon","coordinates":[[[13.305139,52.511316],[13.305109,52.511409],[13.305072,52.511566],[13.305061,52.511616],[13.305046,52.511705],[13.305035,52.511786],[13.305018,52.511902],[13.304999,52.512213],[13.304999,52.512344],[13.305126,52.512345],[13.305131,52.512217],[13.305143,52.512073],[13.305171,52.511911],[13.305203,52.511795],[13.305234,52.511694],[13.305249,52.511628],[13.305261,52.511578],[13.30532,52.511338],[13.30534,52.511248],[13.305364,52.511151],[13.3052,52.511136],[13.30517,52.511227],[13.305139,52.511316]]]}},{"type":"Feature","properties":{"k":"platform","name":"Bismarckstraße"},"geometry":{"type":"Polygon","coordinates":[[[13.30517,52.511412],[13.304427,52.51137],[13.304421,52.511406],[13.305163,52.511454],[13.30521,52.511457],[13.305257,52.51146],[13.306155,52.511517],[13.306161,52.511482],[13.305317,52.511422],[13.30527,52.51142],[13.305223,52.511416],[13.305176,52.511413],[13.30517,52.511412]]]}},{"type":"Feature","properties":{"k":"platform","name":"Bismarckstraße"},"geometry":{"type":"Polygon","coordinates":[[[13.305278,52.511604],[13.306131,52.511664],[13.306137,52.511628],[13.305217,52.51157],[13.305119,52.511563],[13.304405,52.51151],[13.304398,52.511548],[13.305092,52.511594],[13.305113,52.511597],[13.30521,52.511604],[13.305278,52.511604]]]}},{"type":"Feature","properties":{"k":"track","lvl":"tunnel","lines":"U5","c":"#7E5330","svc":"","bau":0,"name":""},"geometry":{"type":"LineString","coordinates":[[13.414728,52.521998],[13.414371,52.52184]]}},{"type":"Feature","properties":{"k":"track","lvl":"tunnel","lines":"U8","c":"#224F86","svc":"","bau":0,"name":"U8"},"geometry":{"type":"LineString","coordinates":[[13.413162,52.520497],[13.413887,52.519999],[13.41425,52.519748]]}},{"type":"Feature","properties":{"k":"track","lvl":"tunnel","lines":"U2","c":"#DA421E","svc":"","bau":0,"name":""},"geometry":{"type":"LineString","coordinates":[[13.4144,52.521296],[13.414442,52.521238],[13.414483,52.521173],[13.414512,52.521115],[13.414535,52.521057],[13.414561,52.520962],[13.414568,52.520878]]}},{"type":"Feature","properties":{"k":"track","lvl":"tunnel","lines":"","c":"#8a8a8a","svc":"siding","bau":0,"name":""},"geometry":{"type":"LineString","coordinates":[[13.408696,52.519194],[13.410154,52.519858],[13.410397,52.519967],[13.410822,52.520179],[13.41198,52.52076],[13.41237,52.520969],[13.412467,52.521063],[13.412653,52.521168]]}},{"type":"Feature","properties":{"k":"track","lvl":"tunnel","lines":"U6","c":"#8C6DAB","svc":"","bau":0,"name":"U6"},"geometry":{"type":"LineString","coordinates":[[13.387531,52.524965],[13.387481,52.525257]]}},{"type":"Feature","properties":{"k":"track","lvl":"tunnel","lines":"U6","c":"#8C6DAB","svc":"","bau":0,"name":"U6"},"geometry":{"type":"LineString","coordinates":[[13.387481,52.525257],[13.387419,52.525613],[13.38738,52.52585],[13.387353,52.526011]]}},{"type":"Feature","properties":{"k":"track","lvl":"tunnel","lines":"U6","c":"#8C6DAB","svc":"","bau":0,"name":"U6"},"geometry":{"type":"LineString","coordinates":[[13.387208,52.52605],[13.387275,52.525603],[13.387387,52.524955]]}},{"type":"Feature","properties":{"k":"track","lvl":"tunnel","lines":"U6","c":"#8C6DAB","svc":"","bau":0,"name":"U6"},"geometry":{"type":"LineString","coordinates":[[13.387387,52.524955],[13.387513,52.524478],[13.387589,52.524032],[13.387997,52.521635],[13.388038,52.521305],[13.388052,52.521111]]}},{"type":"Feature","properties":{"k":"platform","name":"Naturkundemuseum"},"geometry":{"type":"Polygon","coordinates":[[[13.381571,52.531708],[13.381608,52.531725],[13.381644,52.531742],[13.381659,52.53173],[13.381775,52.531638],[13.382613,52.530972],[13.382744,52.530868],[13.382721,52.530857],[13.382757,52.530829],[13.382743,52.530822],[13.382728,52.530815],[13.382692,52.530844],[13.382671,52.530834],[13.38254,52.530938],[13.381702,52.531604],[13.381585,52.531697],[13.381571,52.531708]]]}},{"type":"Feature","properties":{"k":"track","lvl":"tunnel","lines":"U6","c":"#8C6DAB","svc":"","bau":0,"name":"U6"},"geometry":{"type":"LineString","coordinates":[[13.382876,52.530783],[13.38276,52.530876],[13.382197,52.531326],[13.381663,52.531751]]}},{"type":"Feature","properties":{"k":"track","lvl":"tunnel","lines":"U6","c":"#8C6DAB","svc":"","bau":0,"name":"U6"},"geometry":{"type":"LineString","coordinates":[[13.382777,52.530738],[13.38311,52.530508],[13.383443,52.530238],[13.384649,52.529271],[13.386438,52.527845],[13.38674,52.527574],[13.386845,52.527455],[13.386939,52.527336],[13.386993,52.527237],[13.387041,52.527134],[13.387077,52.527048],[13.387113,52.526947],[13.38718,52.526531],[13.387208,52.52605]]}},{"type":"Feature","properties":{"k":"track","lvl":"tunnel","lines":"U6","c":"#8C6DAB","svc":"","bau":0,"name":"U6"},"geometry":{"type":"LineString","coordinates":[[13.381554,52.531698],[13.382069,52.531286],[13.382497,52.530947],[13.382655,52.530827],[13.382777,52.530738]]}},{"type":"Feature","properties":{"k":"track","lvl":"tunnel","lines":"U6","c":"#8C6DAB","svc":"","bau":0,"name":"U6"},"geometry":{"type":"LineString","coordinates":[[13.377586,52.535016],[13.37731,52.535236],[13.376359,52.536003],[13.376046,52.536258]]}},{"type":"Feature","properties":{"k":"platform","name":"Jannowitzbrücke"},"geometry":{"type":"Polygon","coordinates":[[[13.418138,52.516143],[13.418155,52.516151],[13.418189,52.516155],[13.418225,52.516159],[13.418235,52.51615],[13.418239,52.516114],[13.41825,52.516041],[13.418263,52.515887],[13.41827,52.515712],[13.418262,52.515504],[13.418251,52.515374],[13.41822,52.515203],[13.418201,52.515139],[13.41817,52.515039],[13.41815,52.515043],[13.418109,52.515046],[13.418067,52.515049],[13.418044,52.515051],[13.418057,52.515149],[13.418104,52.51551],[13.418133,52.515921],[13.418137,52.516107],[13.418138,52.516143]]]}},{"type":"Feature","properties":{"k":"track","lvl":"tunnel","lines":"U8","c":"#224F86","svc":"","bau":0,"name":"U8"},"geometry":{"type":"LineString","coordinates":[[13.416753,52.51149],[13.417293,52.512604],[13.417418,52.512831],[13.417486,52.512971],[13.417639,52.513351],[13.417685,52.513497],[13.417826,52.514005],[13.417922,52.514332],[13.418061,52.51465],[13.418192,52.515036],[13.418241,52.5152],[13.418273,52.515374],[13.418284,52.515503],[13.418292,52.515712],[13.418285,52.515887],[13.418272,52.516042],[13.418257,52.516151],[13.418225,52.51627],[13.418167,52.516384],[13.41808,52.516494],[13.417961,52.516601],[13.417823,52.516692],[13.417576,52.516819],[13.416639,52.517217],[13.416393,52.517327],[13.416152,52.517464],[13.415963,52.517607],[13.415853,52.517713],[13.415747,52.517851],[13.415666,52.517983],[13.4156,52.518114],[13.415543,52.51825],[13.415458,52.518459],[13.415385,52.518619],[13.415306,52.518772],[13.415213,52.518922],[13.415092,52.519074],[13.414961,52.519224],[13.414779,52.519397],[13.41465,52.519498],[13.414538,52.519582],[13.414432,52.51966],[13.414272,52.519779]]}},{"type":"Feature","properties":{"k":"platform","name":"Warschauer Straße"},"geometry":{"type":"Polygon","coordinates":[[[13.449229,52.505212],[13.448906,52.504797],[13.44872,52.504582],[13.448603,52.504455],[13.448379,52.504227],[13.448346,52.504238],[13.448549,52.504492],[13.448806,52.504834],[13.449019,52.505114],[13.449117,52.505243],[13.449173,52.505227],[13.449229,52.505212]]]}},{"type":"Feature","properties":{"k":"platform","name":"Warschauer Straße"},"geometry":{"type":"Polygon","coordinates":[[[13.449345,52.50518],[13.449208,52.505003],[13.449098,52.504874],[13.448932,52.504691],[13.448764,52.504524],[13.448591,52.504355],[13.448567,52.504364],[13.44876,52.504567],[13.448946,52.504781],[13.449272,52.5052],[13.44932,52.505187],[13.449345,52.50518]]]}},{"type":"Feature","properties":{"k":"track","lvl":"tunnel","lines":"U8","c":"#224F86","svc":"","bau":0,"name":"U8"},"geometry":{"type":"LineString","coordinates":[[13.418022,52.515053],[13.417934,52.514652],[13.417842,52.51428],[13.417773,52.51401],[13.417678,52.513671],[13.417649,52.513561],[13.417469,52.513057],[13.417367,52.512845],[13.41725,52.512631],[13.416685,52.511482]]}},{"type":"Feature","properties":{"k":"platform","name":"Weinmeisterstraße"},"geometry":{"type":"Polygon","coordinates":[[[13.404295,52.525832],[13.404265,52.52581],[13.404241,52.525789],[13.405788,52.525091],[13.405819,52.525116],[13.405846,52.525139],[13.404295,52.525832]]]}},{"type":"Feature","properties":{"k":"track","lvl":"ground","lines":"U2","c":"#DA421E","svc":"","bau":0,"name":""},"geometry":{"type":"LineString","coordinates":[[13.249042,52.518376],[13.249885,52.517304]]}},{"type":"Feature","properties":{"k":"track","lvl":"ground","lines":"U2","c":"#DA421E","svc":"","bau":0,"name":""},"geometry":{"type":"LineString","coordinates":[[13.249572,52.518146],[13.249256,52.518549],[13.249114,52.518755],[13.248733,52.519222],[13.248462,52.519557],[13.247925,52.520253],[13.247556,52.520589],[13.247296,52.520804],[13.247151,52.520949],[13.246868,52.521271],[13.246461,52.521714],[13.245707,52.522379]]}},{"type":"Feature","properties":{"k":"track","lvl":"ground","lines":"U2","c":"#DA421E","svc":"","bau":0,"name":""},"geometry":{"type":"LineString","coordinates":[[13.250039,52.517591],[13.249693,52.517993]]}},{"type":"Feature","properties":{"k":"track","lvl":"ground","lines":"U2","c":"#DA421E","svc":"","bau":0,"name":""},"geometry":{"type":"LineString","coordinates":[[13.249885,52.517304],[13.250141,52.517005],[13.250274,52.516895],[13.2504,52.516806],[13.250547,52.516721],[13.250733,52.516637],[13.250919,52.516566],[13.251371,52.516431],[13.252012,52.516268],[13.252403,52.516192],[13.25299,52.516107],[13.253337,52.51606],[13.253414,52.51605]]}},{"type":"Feature","properties":{"k":"track","lvl":"ground","lines":"U2","c":"#DA421E","svc":"","bau":0,"name":""},"geometry":{"type":"LineString","coordinates":[[13.249693,52.517993],[13.249572,52.518146]]}},{"type":"Feature","properties":{"k":"track","lvl":"ground","lines":"U2","c":"#DA421E","svc":"","bau":0,"name":""},"geometry":{"type":"LineString","coordinates":[[13.242442,52.525377],[13.242168,52.525463],[13.24195,52.525529],[13.241708,52.525596],[13.241419,52.525674],[13.241295,52.525705],[13.24091,52.525796],[13.240162,52.525954]]}},{"type":"Feature","properties":{"k":"track","lvl":"ground","lines":"U2","c":"#DA421E","svc":"","bau":0,"name":""},"geometry":{"type":"LineString","coordinates":[[13.242942,52.525191],[13.243319,52.525069],[13.243512,52.525004],[13.243712,52.524926],[13.243876,52.524848],[13.244016,52.524774],[13.244148,52.524696],[13.244266,52.524618],[13.244432,52.524492],[13.244556,52.524355]]}},{"type":"Feature","properties":{"k":"track","lvl":"ground","lines":"U2","c":"#DA421E","svc":"","bau":0,"name":""},"geometry":{"type":"LineString","coordinates":[[13.242963,52.525217],[13.242442,52.525377]]}},{"type":"Feature","properties":{"k":"track","lvl":"ground","lines":"U2","c":"#DA421E","svc":"","bau":0,"name":""},"geometry":{"type":"LineString","coordinates":[[13.242417,52.525324],[13.242942,52.525191]]}},{"type":"Feature","properties":{"k":"platform","name":"U Westhafen"},"geometry":{"type":"Polygon","coordinates":[[[13.342422,52.536322],[13.342405,52.536325],[13.342384,52.53633],[13.342349,52.536337],[13.342334,52.53634],[13.342311,52.536345],[13.342372,52.536474],[13.342766,52.537293],[13.342807,52.537287],[13.342835,52.537282],[13.342868,52.537277],[13.342578,52.536623],[13.342422,52.536322]]]}},{"type":"Feature","properties":{"k":"track","lvl":"tunnel","lines":"U9","c":"#F3791D","svc":"","bau":0,"name":"U9"},"geometry":{"type":"LineString","coordinates":[[13.342009,52.51861],[13.341917,52.518907],[13.341878,52.519033],[13.341505,52.520819],[13.341253,52.522118],[13.341156,52.52274],[13.341046,52.523468],[13.34098,52.523874],[13.340969,52.524185],[13.341005,52.524552],[13.341087,52.524878],[13.341299,52.525583],[13.34137,52.526053],[13.34141,52.526405],[13.341403,52.526596],[13.341422,52.526892],[13.341379,52.527392],[13.34138,52.527829],[13.341377,52.52874],[13.341368,52.531416]]}},{"type":"Feature","properties":{"k":"track","lvl":"tunnel","lines":"U9","c":"#F3791D","svc":"","bau":0,"name":"U9"},"geometry":{"type":"LineString","coordinates":[[13.348964,52.541935],[13.348364,52.541655],[13.34784,52.541344],[13.347266,52.540962],[13.345517,52.539789],[13.344246,52.538951],[13.343868,52.538683],[13.343429,52.538302],[13.343142,52.53799],[13.342911,52.537656],[13.342343,52.536479],[13.342283,52.53635],[13.342104,52.535988],[13.341792,52.535342],[13.341503,52.534729],[13.341356,52.53432],[13.341281,52.534043],[13.341249,52.533671],[13.341242,52.533096],[13.341242,52.533075],[13.341239,52.532817]]}},{"type":"Feature","properties":{"k":"track","lvl":"tunnel","lines":"U9","c":"#F3791D","svc":"","bau":0,"name":"U9"},"geometry":{"type":"LineString","coordinates":[[13.342233,52.535957],[13.34245,52.536316],[13.342607,52.536619],[13.342869,52.537211],[13.343064,52.53764],[13.34325,52.537963],[13.343499,52.538283]]}},{"type":"Feature","properties":{"k":"platform","name":"Eberswalder Straße"},"geometry":{"type":"Polygon","coordinates":[[[13.412222,52.542552],[13.412291,52.542551],[13.412291,52.542459],[13.412265,52.542126],[13.412214,52.541474],[13.412199,52.541291],[13.412156,52.541292],[13.41212,52.541293],[13.412123,52.541419],[13.412127,52.541475],[13.412157,52.54189],[13.412177,52.542129],[13.412205,52.54246],[13.412222,52.542552]]]}},{"type":"Feature","properties":{"k":"track","lvl":"tunnel","lines":"U2","c":"#DA421E","svc":"","bau":0,"name":""},"geometry":{"type":"LineString","coordinates":[[13.412097,52.541123],[13.412131,52.540525],[13.412155,52.53972],[13.412171,52.538909]]}},{"type":"Feature","properties":{"k":"track","lvl":"tunnel","lines":"U2","c":"#DA421E","svc":"","bau":0,"name":""},"geometry":{"type":"LineString","coordinates":[[13.412223,52.538906],[13.412209,52.53972],[13.412198,52.540525],[13.412211,52.541103]]}},{"type":"Feature","properties":{"k":"track","lvl":"tunnel","lines":"U2","c":"#DA421E","svc":"","bau":0,"name":""},"geometry":{"type":"LineString","coordinates":[[13.41224,52.542784],[13.412182,52.542461],[13.412099,52.541514],[13.41209,52.541306],[13.412097,52.541123]]}},{"type":"Feature","properties":{"k":"track","lvl":"tunnel","lines":"U2","c":"#DA421E","svc":"","bau":0,"name":""},"geometry":{"type":"LineString","coordinates":[[13.412211,52.541103],[13.412217,52.541305],[13.412242,52.541536],[13.412314,52.542459],[13.412311,52.542783]]}},{"type":"Feature","properties":{"k":"track","lvl":"tunnel","lines":"U9","c":"#F3791D","svc":"","bau":0,"name":"U9"},"geometry":{"type":"LineString","coordinates":[[13.343499,52.538283],[13.343897,52.538662],[13.344291,52.538938],[13.34557,52.539777],[13.347311,52.540942],[13.347877,52.541315],[13.348409,52.541618],[13.349033,52.541868]]}},{"type":"Feature","properties":{"k":"track","lvl":"tunnel","lines":"U9","c":"#F3791D","svc":"","bau":0,"name":"U9"},"geometry":{"type":"LineString","coordinates":[[13.35845,52.546043],[13.35806,52.545742],[13.35758,52.545427],[13.357105,52.545161],[13.356091,52.544657],[13.355258,52.544276],[13.354974,52.544149],[13.35372,52.543643],[13.352336,52.543126],[13.351879,52.542967],[13.351168,52.542758],[13.350807,52.542631],[13.349488,52.542146],[13.348964,52.541935]]}},{"type":"Feature","properties":{"k":"track","lvl":"tunnel","lines":"U9","c":"#F3791D","svc":"","bau":0,"name":"U9"},"geometry":{"type":"LineString","coordinates":[[13.349033,52.541868],[13.349301,52.541963],[13.349533,52.54205],[13.350786,52.542512],[13.350984,52.542586],[13.351219,52.542674]]}},{"type":"Feature","properties":{"k":"platform","name":"Bernauer Straße"},"geometry":{"type":"Polygon","coordinates":[[[13.397106,52.536741],[13.397032,52.536835],[13.396269,52.537798],[13.396279,52.537801],[13.396334,52.537817],[13.396385,52.537832],[13.396396,52.537835],[13.397159,52.536871],[13.397233,52.536778],[13.397225,52.536776],[13.397173,52.53676],[13.397126,52.536747],[13.397106,52.536741]]]}},{"type":"Feature","properties":{"k":"track","lvl":"tunnel","lines":"U8","c":"#224F86","svc":"","bau":0,"name":"U8"},"geometry":{"type":"LineString","coordinates":[[13.389191,52.547796],[13.389239,52.547699],[13.389297,52.547567],[13.389371,52.547361],[13.389384,52.54727],[13.389401,52.547059],[13.389375,52.546464],[13.389383,52.546335],[13.389395,52.546227],[13.389422,52.546091],[13.389472,52.545936],[13.389574,52.54574],[13.389688,52.545556],[13.389905,52.545299],[13.390133,52.545093],[13.390389,52.544906],[13.390996,52.544494],[13.391224,52.544312],[13.39146,52.544088],[13.391688,52.543806],[13.392038,52.543259],[13.392222,52.54301]]}},{"type":"Feature","properties":{"k":"track","lvl":"tunnel","lines":"U8","c":"#224F86","svc":"","bau":0,"name":"U8"},"geometry":{"type":"LineString","coordinates":[[13.395789,52.538528],[13.396101,52.538005],[13.396254,52.537793],[13.396505,52.537468],[13.397084,52.536736],[13.397339,52.536391]]}},{"type":"Feature","properties":{"k":"track","lvl":"tunnel","lines":"U8","c":"#224F86","svc":"","bau":0,"name":"U8"},"geometry":{"type":"LineString","coordinates":[[13.403961,52.526013],[13.403866,52.526077],[13.40378,52.526145],[13.403709,52.526216],[13.403644,52.526296],[13.403576,52.526411],[13.403403,52.526943],[13.403282,52.527237],[13.403211,52.527364],[13.403151,52.52747],[13.403047,52.527609],[13.402612,52.528134],[13.401915,52.52899],[13.401461,52.529602],[13.401233,52.529881],[13.400867,52.530311],[13.400352,52.530918],[13.399907,52.531399],[13.399234,52.532238],[13.399039,52.532524],[13.398812,52.532903],[13.397681,52.535974],[13.3976,52.536176],[13.397489,52.536456],[13.397421,52.536569],[13.397253,52.536783],[13.396738,52.537444],[13.39641,52.537841],[13.396244,52.538043],[13.395818,52.538566],[13.395406,52.53911],[13.394663,52.540059],[13.393901,52.541061],[13.393787,52.54123]]}},{"type":"Feature","properties":{"k":"track","lvl":"tunnel","lines":"U8","c":"#224F86","svc":"","bau":0,"name":"U8"},"geometry":{"type":"LineString","coordinates":[[13.393667,52.54119],[13.393813,52.541005],[13.394206,52.540576],[13.394627,52.540032],[13.395359,52.539087],[13.395789,52.538528]]}},{"type":"Feature","properties":{"k":"track","lvl":"tunnel","lines":"U8","c":"#224F86","svc":"","bau":0,"name":"U8"},"geometry":{"type":"LineString","coordinates":[[13.393787,52.54123],[13.39369,52.541376],[13.393503,52.541614],[13.393111,52.542113],[13.39234,52.543066]]}},{"type":"Feature","properties":{"k":"track","lvl":"tunnel","lines":"U8","c":"#224F86","svc":"","bau":0,"name":"U8"},"geometry":{"type":"LineString","coordinates":[[13.392222,52.54301],[13.392524,52.542626],[13.392977,52.542055],[13.393172,52.541807],[13.393359,52.541571],[13.393667,52.54119]]}},{"type":"Feature","properties":{"k":"platform","name":"Voltastraße"},"geometry":{"type":"Polygon","coordinates":[[[13.392541,52.542631],[13.39255,52.542634],[13.392606,52.54265],[13.392644,52.542661],[13.393444,52.541656],[13.393482,52.541608],[13.393477,52.541606],[13.393423,52.541591],[13.393384,52.541579],[13.39338,52.541578],[13.393342,52.541626],[13.392541,52.542631]]]}},{"type":"Feature","properties":{"k":"track","lvl":"tunnel","lines":"U8","c":"#224F86","svc":"","bau":0,"name":"U8"},"geometry":{"type":"LineString","coordinates":[[13.397339,52.536391],[13.397446,52.53623],[13.397653,52.535832],[13.397762,52.535608],[13.397839,52.535398],[13.398758,52.532883],[13.398925,52.532499],[13.39921,52.532107],[13.400208,52.530873],[13.400721,52.53027],[13.401089,52.529836],[13.401788,52.528971],[13.402517,52.528095],[13.402844,52.527758],[13.402984,52.527591],[13.403078,52.527462],[13.403201,52.527223],[13.403313,52.526932],[13.403491,52.526384],[13.40354,52.526275],[13.403597,52.526189],[13.403679,52.526096],[13.403766,52.526024],[13.403883,52.525946]]}},{"type":"Feature","properties":{"k":"track","lvl":"tunnel","lines":"U8","c":"#224F86","svc":"","bau":0,"name":"U8"},"geometry":{"type":"LineString","coordinates":[[13.403883,52.525946],[13.404228,52.525778],[13.404954,52.52545],[13.405624,52.525149],[13.405775,52.525081],[13.405879,52.525038],[13.405999,52.524999],[13.406089,52.524977]]}},{"type":"Feature","properties":{"k":"track","lvl":"tunnel","lines":"U8","c":"#224F86","svc":"","bau":0,"name":"U8"},"geometry":{"type":"LineString","coordinates":[[13.406124,52.525047],[13.406065,52.525068],[13.405859,52.52515],[13.405032,52.525521],[13.404452,52.52578],[13.404308,52.525843],[13.403961,52.526013]]}},{"type":"Feature","properties":{"k":"track","lvl":"tunnel","lines":"U8","c":"#224F86","svc":"","bau":0,"name":"U8"},"geometry":{"type":"LineString","coordinates":[[13.421607,52.49389],[13.421337,52.494327],[13.420958,52.494929],[13.420898,52.495032],[13.420856,52.495118],[13.420814,52.495224],[13.420782,52.495331],[13.420765,52.49542],[13.420759,52.495493],[13.420747,52.4956],[13.420725,52.495688],[13.420694,52.495775],[13.420664,52.495843],[13.420616,52.495928],[13.420572,52.495994],[13.420495,52.49609],[13.420406,52.496182],[13.420342,52.49624],[13.420214,52.496339],[13.419698,52.496754],[13.41965,52.496797],[13.419604,52.496834],[13.419541,52.496895],[13.419483,52.496958],[13.419418,52.497041],[13.419384,52.497091],[13.419334,52.497177],[13.418989,52.497939],[13.418782,52.49837],[13.418717,52.498468],[13.418649,52.49855],[13.418539,52.498646],[13.418306,52.49882],[13.418244,52.498862],[13.418033,52.499005],[13.417949,52.49906],[13.417774,52.499165],[13.417602,52.499262],[13.417424,52.499358],[13.417323,52.499409],[13.417183,52.499462],[13.417082,52.499496],[13.416977,52.499528],[13.416842,52.499563],[13.416594,52.499619],[13.41643,52.49966],[13.411781,52.50102],[13.410488,52.501374],[13.410413,52.501404],[13.410319,52.501447],[13.410228,52.501495],[13.410144,52.501547],[13.410066,52.501604],[13.410015,52.501647],[13.409951,52.50171],[13.409895,52.501775],[13.409849,52.501842],[13.40981,52.501911],[13.409787,52.501963],[13.409764,52.502034],[13.409753,52.502089],[13.409746,52.502163],[13.409749,52.502234],[13.409762,52.502308],[13.409783,52.502378],[13.409812,52.502449],[13.409852,52.502519],[13.409887,52.502569],[13.40999,52.502699],[13.410108,52.502844],[13.410207,52.502955],[13.410328,52.503093],[13.410617,52.503403],[13.410787,52.503611],[13.411158,52.504145],[13.411394,52.504441]]}},{"type":"Feature","properties":{"k":"track","lvl":"tunnel","lines":"U8","c":"#224F86","svc":"","bau":0,"name":"U8"},"geometry":{"type":"LineString","coordinates":[[13.411299,52.504474],[13.411044,52.504179],[13.41072,52.503813],[13.410604,52.503664],[13.410452,52.503451],[13.410229,52.50312],[13.410118,52.502966]]}},{"type":"Feature","properties":{"k":"platform","name":"Moritzplatz"},"geometry":{"type":"Polygon","coordinates":[[[13.411061,52.504173],[13.411139,52.50415],[13.410939,52.503856],[13.410768,52.503616],[13.410596,52.503409],[13.410583,52.503394],[13.410311,52.503098],[13.410246,52.503115],[13.410463,52.503432],[13.410472,52.503444],[13.410624,52.503658],[13.410813,52.503894],[13.411061,52.504173]]]}},{"type":"Feature","properties":{"k":"track","lvl":"tunnel","lines":"U8","c":"#224F86","svc":"","bau":0,"name":"U8"},"geometry":{"type":"LineString","coordinates":[[13.410118,52.502966],[13.410017,52.502837],[13.409829,52.502593],[13.409784,52.502528],[13.409756,52.502477],[13.409718,52.502392],[13.409697,52.502321],[13.409686,52.502269],[13.40968,52.502199],[13.409683,52.50211],[13.409696,52.502038],[13.409715,52.50197],[13.409744,52.5019],[13.409771,52.50185],[13.409813,52.501784],[13.409863,52.50172],[13.409921,52.501658],[13.409985,52.501598],[13.410056,52.501543],[13.410133,52.50149],[13.410218,52.50144],[13.410307,52.501394],[13.4104,52.501353],[13.410461,52.501331],[13.411783,52.500976],[13.413274,52.500545],[13.414872,52.500073],[13.416437,52.49961],[13.41654,52.499577],[13.416871,52.499454],[13.417181,52.499304],[13.417378,52.499186],[13.417666,52.499005],[13.417988,52.498794],[13.418154,52.498679],[13.418444,52.498471],[13.418525,52.498393],[13.418568,52.498347],[13.418617,52.498279],[13.41879,52.497973],[13.418899,52.497767],[13.41914,52.497267],[13.419192,52.497164],[13.419266,52.497049],[13.419358,52.496937],[13.419448,52.496844],[13.419546,52.496757],[13.419636,52.496686],[13.420157,52.496319],[13.420212,52.496277],[13.420284,52.496218],[13.420348,52.496158],[13.420408,52.496096],[13.420464,52.496031],[13.420513,52.495964],[13.420557,52.495897],[13.420587,52.495847],[13.420613,52.495795],[13.420643,52.495723],[13.420666,52.495653],[13.420687,52.495563],[13.420705,52.49542],[13.420746,52.495243],[13.4208,52.495066],[13.420845,52.494945],[13.421187,52.494306]]}},{"type":"Feature","properties":{"k":"track","lvl":"tunnel","lines":"U8","c":"#224F86","svc":"","bau":0,"name":"U8"},"geometry":{"type":"LineString","coordinates":[[13.421187,52.494306],[13.421238,52.494213],[13.421745,52.493399],[13.422022,52.492957],[13.422168,52.492731],[13.422271,52.492565]]}},{"type":"Feature","properties":{"k":"track","lvl":"tunnel","lines":"U8","c":"#224F86","svc":"","bau":0,"name":"U8"},"geometry":{"type":"LineString","coordinates":[[13.422175,52.492982],[13.4221,52.493102],[13.421607,52.49389]]}},{"type":"Feature","properties":{"k":"platform","name":"Schönleinstraße"},"geometry":{"type":"Polygon","coordinates":[[[13.421416,52.493971],[13.421475,52.493986],[13.421517,52.493997],[13.421727,52.493661],[13.422079,52.493097],[13.422181,52.492931],[13.422144,52.492923],[13.422116,52.492916],[13.422078,52.492906],[13.421766,52.493404],[13.421416,52.493971]]]}},{"type":"Feature","properties":{"k":"track","lvl":"tunnel","lines":"U8","c":"#224F86","svc":"","bau":0,"name":"U8"},"geometry":{"type":"LineString","coordinates":[[13.424941,52.48736],[13.424773,52.487119],[13.424516,52.486717],[13.424326,52.486365],[13.424235,52.486172],[13.424207,52.486098],[13.424196,52.486057],[13.424188,52.486014],[13.424182,52.485879],[13.42417,52.485715],[13.424167,52.485642],[13.42417,52.485563],[13.424179,52.485474],[13.424196,52.485395]]}},{"type":"Feature","properties":{"k":"track","lvl":"tunnel","lines":"U8","c":"#224F86","svc":"","bau":0,"name":"U8"},"geometry":{"type":"LineString","coordinates":[[13.424196,52.485395],[13.424302,52.485023],[13.424482,52.484494],[13.424692,52.483889],[13.424752,52.483392],[13.424798,52.482224],[13.424854,52.481652],[13.424957,52.481023]]}},{"type":"Feature","properties":{"k":"track","lvl":"tunnel","lines":"U8","c":"#224F86","svc":"","bau":0,"name":"U8"},"geometry":{"type":"LineString","coordinates":[[13.428622,52.47241],[13.430654,52.468578],[13.430681,52.468528],[13.430748,52.468401],[13.430836,52.468186]]}},{"type":"Feature","properties":{"k":"track","lvl":"tunnel","lines":"U8","c":"#224F86","svc":"","bau":0,"name":"U8"},"geometry":{"type":"LineString","coordinates":[[13.427628,52.474299],[13.427767,52.473992],[13.427843,52.473841],[13.428349,52.472852],[13.428622,52.47241]]}},{"type":"Feature","properties":{"k":"track","lvl":"tunnel","lines":"U8","c":"#224F86","svc":"","bau":0,"name":"U8"},"geometry":{"type":"LineString","coordinates":[[13.431214,52.467777],[13.431195,52.467806],[13.430959,52.468204],[13.430791,52.46841],[13.428669,52.472418],[13.428477,52.472876],[13.428417,52.472995],[13.427894,52.474017],[13.427688,52.474318],[13.427299,52.475172],[13.42654,52.476835],[13.426124,52.477757],[13.425895,52.478543],[13.425681,52.479198]]}},{"type":"Feature","properties":{"k":"platform","name":"Leinestraße"},"geometry":{"type":"Polygon","coordinates":[[[13.427789,52.473996],[13.427831,52.474004],[13.427872,52.474012],[13.428455,52.472872],[13.428414,52.472864],[13.428372,52.472856],[13.427789,52.473996]]]}},{"type":"Feature","properties":{"k":"track","lvl":"tunnel","lines":"U5","c":"#7E5330","svc":"","bau":0,"name":""},"geometry":{"type":"LineString","coordinates":[[13.445844,52.516577],[13.446465,52.516536],[13.448531,52.516334],[13.449207,52.516265],[13.452077,52.515971],[13.452969,52.515847],[13.453493,52.515779],[13.453727,52.515753],[13.454017,52.515724],[13.454307,52.515701],[13.454714,52.515673],[13.455578,52.515616],[13.458987,52.515274],[13.462908,52.51488],[13.463242,52.514831],[13.463595,52.514785],[13.465395,52.514598],[13.465647,52.514576],[13.465733,52.514573],[13.466049,52.514556],[13.466254,52.514542],[13.469746,52.514198],[13.471561,52.513997],[13.474385,52.513684],[13.475704,52.513555],[13.476432,52.513483],[13.479579,52.513169],[13.480113,52.513137],[13.480254,52.513129],[13.480402,52.513117],[13.485312,52.512615],[13.485779,52.512553],[13.485866,52.51254],[13.486326,52.512485],[13.486924,52.51242],[13.487485,52.512366],[13.48796,52.512324],[13.488219,52.512305],[13.488715,52.512273],[13.488832,52.512264],[13.492582,52.511881],[13.492814,52.511861],[13.493077,52.511843],[13.493459,52.511828],[13.493694,52.511825],[13.493899,52.511826],[13.494077,52.511824],[13.494312,52.511818],[13.494489,52.511809],[13.494638,52.5118],[13.494842,52.511783],[13.495074,52.511757],[13.495306,52.511725],[13.495534,52.511688],[13.495732,52.511651],[13.495873,52.511622],[13.496123,52.511565],[13.496338,52.51151],[13.49686,52.511403]]}},{"type":"Feature","properties":{"k":"platform","name":"Grenzallee"},"geometry":{"type":"LineString","coordinates":[[13.444495,52.463288],[13.445111,52.462394],[13.445161,52.462321]]}},{"type":"Feature","properties":{"k":"track","lvl":"tunnel","lines":"U7","c":"#528DBA","svc":"","bau":0,"name":"U7"},"geometry":{"type":"LineString","coordinates":[[13.445209,52.462183],[13.44513,52.462278],[13.444956,52.462528],[13.444545,52.463158],[13.444365,52.463409]]}},{"type":"Feature","properties":{"k":"track","lvl":"tunnel","lines":"U7","c":"#528DBA","svc":"","bau":0,"name":"U7"},"geometry":{"type":"LineString","coordinates":[[13.444365,52.463409],[13.444182,52.46363],[13.443917,52.463934],[13.442588,52.465285],[13.442462,52.465452],[13.442358,52.46567],[13.442308,52.465864],[13.442239,52.466191],[13.441939,52.467849]]}},{"type":"Feature","properties":{"k":"track","lvl":"tunnel","lines":"U7","c":"#528DBA","svc":"","bau":0,"name":"U7"},"geometry":{"type":"LineString","coordinates":[[13.44445,52.463417],[13.44467,52.463167],[13.445283,52.462209]]}},{"type":"Feature","properties":{"k":"track","lvl":"tunnel","lines":"U6","c":"#8C6DAB","svc":"","bau":0,"name":"3"},"geometry":{"type":"LineString","coordinates":[[13.352336,52.550227],[13.353148,52.549769],[13.353892,52.54935],[13.354236,52.549195]]}},{"type":"Feature","properties":{"k":"track","lvl":"tunnel","lines":"U6","c":"#8C6DAB","svc":"","bau":0,"name":"U6"},"geometry":{"type":"LineString","coordinates":[[13.376046,52.536258],[13.375839,52.53641],[13.37529,52.536767],[13.374916,52.537005],[13.373285,52.538083],[13.371732,52.539105],[13.371409,52.539331],[13.370897,52.539674],[13.370528,52.53992],[13.370137,52.540182],[13.369588,52.540531],[13.369274,52.540691],[13.368085,52.541351],[13.367149,52.541881],[13.366904,52.542019],[13.366539,52.542226],[13.365722,52.542731],[13.365499,52.54286],[13.364738,52.543289],[13.364537,52.543406],[13.364319,52.543528],[13.362465,52.544576],[13.36166,52.544998],[13.359731,52.54609]]}},{"type":"Feature","properties":{"k":"track","lvl":"tunnel","lines":"U6","c":"#8C6DAB","svc":"","bau":0,"name":"U6"},"geometry":{"type":"LineString","coordinates":[[13.352323,52.550119],[13.353435,52.549486],[13.353665,52.549357],[13.353987,52.549196],[13.354436,52.549016],[13.354731,52.548878]]}},{"type":"Feature","properties":{"k":"track","lvl":"tunnel","lines":"U6","c":"#8C6DAB","svc":"","bau":0,"name":"U6"},"geometry":{"type":"LineString","coordinates":[[13.354236,52.549195],[13.353735,52.54948],[13.353178,52.549792],[13.352605,52.550116],[13.352368,52.55025]]}},{"type":"Feature","properties":{"k":"track","lvl":"tunnel","lines":"U6","c":"#8C6DAB","svc":"","bau":0,"name":"U6"},"geometry":{"type":"LineString","coordinates":[[13.342435,52.555738],[13.343564,52.555103],[13.34477,52.554425],[13.347065,52.553131],[13.348054,52.55258],[13.348565,52.552334],[13.349167,52.551996],[13.349987,52.551468],[13.350364,52.551249],[13.351009,52.550886],[13.352323,52.550119]]}},{"type":"Feature","properties":{"k":"track","lvl":"tunnel","lines":"U6","c":"#8C6DAB","svc":"","bau":0,"name":"U6"},"geometry":{"type":"LineString","coordinates":[[13.339903,52.557178],[13.340219,52.557003],[13.340878,52.556624],[13.341995,52.55599],[13.342435,52.555738]]}},{"type":"Feature","properties":{"k":"track","lvl":"tunnel","lines":"U6","c":"#8C6DAB","svc":"","bau":0,"name":"U6"},"geometry":{"type":"LineString","coordinates":[[13.342501,52.555779],[13.34209,52.556061],[13.341712,52.556297],[13.341007,52.556698],[13.34034,52.557073],[13.340001,52.557241]]}},{"type":"Feature","properties":{"k":"track","lvl":"tunnel","lines":"U6","c":"#8C6DAB","svc":"","bau":0,"name":"U6"},"geometry":{"type":"LineString","coordinates":[[13.352368,52.55025],[13.351458,52.550763],[13.350455,52.551327],[13.349222,52.552029],[13.348596,52.552354],[13.34809,52.552614],[13.347095,52.553157],[13.344806,52.554451],[13.343601,52.555128],[13.342867,52.555546],[13.342501,52.555779]]}},{"type":"Feature","properties":{"k":"platform","name":"Hallesches Tor"},"geometry":{"type":"Polygon","coordinates":[[[13.391777,52.498497],[13.391746,52.498497],[13.391701,52.498496],[13.391672,52.498496],[13.391666,52.49865],[13.391649,52.499001],[13.391625,52.499424],[13.391726,52.499428],[13.391785,52.499044],[13.391788,52.498695],[13.391786,52.498652],[13.391777,52.498497]]]}},{"type":"Feature","properties":{"k":"platform","name":"Britz-Süd"},"geometry":{"type":"Polygon","coordinates":[[[13.448332,52.437277],[13.447891,52.4383],[13.447961,52.438311],[13.448036,52.438323],[13.448476,52.437299],[13.448447,52.437295],[13.448373,52.437283],[13.448332,52.437277]]]}},{"type":"Feature","properties":{"k":"platform","name":"Johannisthaler Chaussee"},"geometry":{"type":"Polygon","coordinates":[[[13.4539,52.428698],[13.453621,52.428949],[13.453335,52.429207],[13.4533,52.429239],[13.453022,52.42949],[13.452858,52.429637],[13.452957,52.429677],[13.452987,52.42969],[13.453071,52.429725],[13.453239,52.429573],[13.453513,52.429327],[13.453548,52.429296],[13.453836,52.429036],[13.454113,52.428786],[13.4539,52.428698]]]}},{"type":"Feature","properties":{"k":"platform","name":"Lipschitzallee"},"geometry":{"type":"Polygon","coordinates":[[[13.461552,52.42507],[13.461505,52.425017],[13.462241,52.424764],[13.462583,52.424647],[13.463032,52.424494],[13.463052,52.424487],[13.463068,52.424504],[13.463099,52.424539],[13.463077,52.424547],[13.46263,52.4247],[13.46229,52.424817],[13.461552,52.42507]]]}},{"type":"Feature","properties":{"k":"platform","name":"Rudow"},"geometry":{"type":"Polygon","coordinates":[[[13.495806,52.415957],[13.495597,52.41605],[13.495304,52.41619],[13.495238,52.416221],[13.495093,52.416297],[13.494969,52.416364],[13.494729,52.416496],[13.494578,52.416582],[13.494453,52.416656],[13.494477,52.41667],[13.494499,52.416682],[13.494621,52.41661],[13.494768,52.416526],[13.495,52.416395],[13.495126,52.416327],[13.495281,52.416247],[13.495342,52.416218],[13.495434,52.416174],[13.495632,52.416075],[13.495837,52.415981],[13.495822,52.415969],[13.495814,52.415963],[13.495806,52.415957]]]}},{"type":"Feature","properties":{"k":"platform","name":"Wutzkyallee"},"geometry":{"type":"LineString","coordinates":[[13.473355,52.423328],[13.474566,52.423327],[13.474658,52.42333],[13.475126,52.42335]]}},{"type":"Feature","properties":{"k":"platform","name":"Zwickauer Damm"},"geometry":{"type":"LineString","coordinates":[[13.484563,52.423165],[13.483871,52.423395],[13.48346,52.423478],[13.483138,52.423542]]}},{"type":"Feature","properties":{"k":"track","lvl":"tunnel","lines":"U7","c":"#528DBA","svc":"","bau":0,"name":"U7"},"geometry":{"type":"LineString","coordinates":[[13.452714,52.429743],[13.451754,52.430733],[13.451438,52.431068],[13.451076,52.43148],[13.450773,52.431843],[13.450479,52.432247],[13.450208,52.432641],[13.449945,52.433087],[13.449578,52.433839],[13.449288,52.434532],[13.448908,52.43553],[13.448678,52.436205],[13.448545,52.436737],[13.44831,52.437273],[13.448215,52.437493],[13.447869,52.438297],[13.44762,52.438885]]}},{"type":"Feature","properties":{"k":"track","lvl":"tunnel","lines":"U7","c":"#528DBA","svc":"","bau":0,"name":"U7"},"geometry":{"type":"LineString","coordinates":[[13.494611,52.416635],[13.494474,52.416718],[13.494341,52.416803],[13.494067,52.417004],[13.493716,52.417301],[13.492897,52.417955],[13.489731,52.420376],[13.487953,52.421729],[13.487413,52.422046],[13.48664,52.422455],[13.485898,52.422767],[13.485318,52.422989],[13.483881,52.423451],[13.483504,52.423528],[13.48314,52.423602],[13.482402,52.423676],[13.48199,52.423681],[13.481511,52.423672],[13.480548,52.423639],[13.475741,52.423419],[13.474481,52.423386],[13.473961,52.423384],[13.47243,52.423377],[13.470938,52.423468],[13.469343,52.423674],[13.467221,52.423877],[13.46512,52.424174],[13.463201,52.424521]]}},{"type":"Feature","properties":{"k":"track","lvl":"tunnel","lines":"U6","c":"#8C6DAB","svc":"","bau":0,"name":"U6"},"geometry":{"type":"LineString","coordinates":[[13.335516,52.559659],[13.33737,52.558607],[13.339272,52.557524],[13.339903,52.557178]]}},{"type":"Feature","properties":{"k":"track","lvl":"tunnel","lines":"U6","c":"#8C6DAB","svc":"","bau":0,"name":"U6"},"geometry":{"type":"LineString","coordinates":[[13.335618,52.559733],[13.335309,52.55991],[13.334262,52.560502],[13.33412,52.560582],[13.333905,52.560704]]}},{"type":"Feature","properties":{"k":"track","lvl":"tunnel","lines":"U6","c":"#8C6DAB","svc":"","bau":0,"name":"U6"},"geometry":{"type":"LineString","coordinates":[[13.333796,52.560629],[13.33401,52.56051],[13.334889,52.560013],[13.335199,52.559837],[13.335516,52.559659]]}},{"type":"Feature","properties":{"k":"track","lvl":"tunnel","lines":"U6","c":"#8C6DAB","svc":"","bau":0,"name":"U6"},"geometry":{"type":"LineString","coordinates":[[13.333905,52.560704],[13.333553,52.560882],[13.332912,52.561182],[13.331854,52.56177],[13.331067,52.562227],[13.330823,52.562299],[13.329999,52.56253],[13.329604,52.562639]]}},{"type":"Feature","properties":{"k":"track","lvl":"tunnel","lines":"U6","c":"#8C6DAB","svc":"","bau":0,"name":"U6"},"geometry":{"type":"LineString","coordinates":[[13.329604,52.562639],[13.327853,52.56309]]}},{"type":"Feature","properties":{"k":"track","lvl":"tunnel","lines":"","c":"#8a8a8a","svc":"","bau":1,"name":""},"geometry":{"type":"LineString","coordinates":[[13.324818,52.563767],[13.326189,52.563426]]}},{"type":"Feature","properties":{"k":"track","lvl":"tunnel","lines":"","c":"#8a8a8a","svc":"","bau":1,"name":""},"geometry":{"type":"LineString","coordinates":[[13.326246,52.56351],[13.325339,52.563761],[13.3249,52.563884]]}},{"type":"Feature","properties":{"k":"track","lvl":"tunnel","lines":"U6","c":"#8C6DAB","svc":"","bau":0,"name":"U6"},"geometry":{"type":"LineString","coordinates":[[13.327797,52.563007],[13.329563,52.562572]]}},{"type":"Feature","properties":{"k":"track","lvl":"ground","lines":"","c":"#8a8a8a","svc":"","bau":1,"name":""},"geometry":{"type":"LineString","coordinates":[[13.313936,52.566413],[13.314347,52.566291],[13.314931,52.566135],[13.315575,52.565988],[13.315888,52.565925],[13.31665,52.56578]]}},{"type":"Feature","properties":{"k":"track","lvl":"ground","lines":"","c":"#8a8a8a","svc":"","bau":1,"name":""},"geometry":{"type":"LineString","coordinates":[[13.316676,52.565808],[13.315912,52.565953],[13.315596,52.566017],[13.314941,52.566166],[13.314368,52.566321],[13.313976,52.56644]]}},{"type":"Feature","properties":{"k":"track","lvl":"tunnel","lines":"","c":"#8a8a8a","svc":"","bau":1,"name":""},"geometry":{"type":"LineString","coordinates":[[13.292227,52.580303],[13.292058,52.580515],[13.291954,52.580624],[13.291864,52.580709],[13.291752,52.580799],[13.2916,52.580913],[13.29144,52.581014],[13.29132,52.581103],[13.291237,52.581167],[13.291168,52.58123]]}},{"type":"Feature","properties":{"k":"track","lvl":"tunnel","lines":"","c":"#8a8a8a","svc":"","bau":1,"name":""},"geometry":{"type":"LineString","coordinates":[[13.291093,52.581204],[13.291145,52.581153],[13.291229,52.581085],[13.291326,52.581016],[13.291441,52.580944],[13.291539,52.580886],[13.291678,52.580787],[13.291787,52.580706],[13.291887,52.580618],[13.292003,52.580499],[13.292174,52.580285]]}},{"type":"Feature","properties":{"k":"track","lvl":"tunnel","lines":"U3","c":"#16683D","svc":"","bau":0,"name":""},"geometry":{"type":"LineString","coordinates":[[13.341587,52.502147],[13.342053,52.501929]]}},{"type":"Feature","properties":{"k":"track","lvl":"tunnel","lines":"U2","c":"#DA421E","svc":"","bau":0,"name":""},"geometry":{"type":"LineString","coordinates":[[13.344465,52.501522],[13.344313,52.501554],[13.343811,52.501674],[13.342992,52.501838],[13.342486,52.501947],[13.34216,52.502041]]}},{"type":"Feature","properties":{"k":"track","lvl":"tunnel","lines":"U2","c":"#DA421E","svc":"","bau":0,"name":""},"geometry":{"type":"LineString","coordinates":[[13.334007,52.505417],[13.334296,52.50529],[13.334369,52.505262],[13.334445,52.505238],[13.334554,52.505211],[13.334637,52.505197],[13.33472,52.505186],[13.335391,52.505128],[13.33551,52.505113],[13.335594,52.505097],[13.335679,52.505077],[13.33576,52.505053],[13.335837,52.505025],[13.335913,52.504993],[13.33598,52.504958],[13.336044,52.504919],[13.336103,52.504876],[13.336153,52.504831],[13.336212,52.504767],[13.336251,52.504718],[13.336487,52.504388],[13.33653,52.504318],[13.336595,52.504246],[13.336637,52.504205],[13.336705,52.504159],[13.336909,52.504063],[13.339455,52.503047],[13.34161,52.502196],[13.342151,52.502005]]}},{"type":"Feature","properties":{"k":"track","lvl":"tunnel","lines":"U3","c":"#16683D","svc":"","bau":0,"name":""},"geometry":{"type":"LineString","coordinates":[[13.343751,52.501545],[13.343901,52.501522],[13.344206,52.501481],[13.34466,52.501412]]}},{"type":"Feature","properties":{"k":"track","lvl":"tunnel","lines":"U1 U3","c":"#7DAD4C","svc":"","bau":0,"name":"U1"},"geometry":{"type":"LineString","coordinates":[[13.343877,52.501742],[13.343556,52.501825],[13.343043,52.501939],[13.3422,52.5021]]}},{"type":"Feature","properties":{"k":"track","lvl":"tunnel","lines":"U1","c":"#7DAD4C","svc":"","bau":0,"name":"U1"},"geometry":{"type":"LineString","coordinates":[[13.343612,52.50148],[13.343868,52.501466],[13.344145,52.50145],[13.34466,52.501412]]}},{"type":"Feature","properties":{"k":"track","lvl":"tunnel","lines":"U1 U3","c":"#7DAD4C","svc":"","bau":0,"name":"U1"},"geometry":{"type":"LineString","coordinates":[[13.3422,52.5021],[13.342023,52.502137],[13.341915,52.502161],[13.3418,52.502196],[13.341702,52.502241],[13.341649,52.502268],[13.341569,52.502305]]}},{"type":"Feature","properties":{"k":"platform","name":"Anton-Wilhelm-Amo-Straße"},"geometry":{"type":"Polygon","coordinates":[[[13.384235,52.511655],[13.384492,52.511705],[13.384833,52.511763],[13.38511,52.51181],[13.385316,52.51184],[13.38548,52.511859],[13.385829,52.511893],[13.385832,52.511883],[13.385943,52.511891],[13.386133,52.511907],[13.386135,52.511892],[13.386137,52.511878],[13.386088,52.511864],[13.385846,52.511837],[13.385846,52.511828],[13.385533,52.511786],[13.385202,52.51174],[13.384862,52.51169],[13.384251,52.511585],[13.384111,52.51156],[13.383966,52.511531],[13.383948,52.511542],[13.38394,52.511557],[13.383932,52.511572],[13.383944,52.511581],[13.384082,52.511611],[13.384217,52.511649],[13.384235,52.511655]]]}},{"type":"Feature","properties":{"k":"track","lvl":"tunnel","lines":"U2","c":"#DA421E","svc":"","bau":0,"name":""},"geometry":{"type":"LineString","coordinates":[[13.414568,52.520878],[13.414551,52.520786],[13.414521,52.520705],[13.414442,52.520592],[13.414378,52.520528],[13.414304,52.520468],[13.414212,52.520413],[13.414106,52.520357],[13.413742,52.520206],[13.413016,52.519914],[13.411826,52.519424],[13.411578,52.519292],[13.411447,52.519188],[13.411366,52.519089],[13.411321,52.518989],[13.411301,52.51888],[13.4113,52.518786],[13.411323,52.518677],[13.411351,52.518611],[13.41142,52.5185],[13.411514,52.518394],[13.411908,52.517979],[13.412093,52.517707],[13.412181,52.517554],[13.41228,52.51734],[13.412316,52.517203],[13.41234,52.51699],[13.412328,52.516643],[13.41229,52.516105],[13.412242,52.515755],[13.412209,52.515459],[13.412131,52.51486],[13.412029,52.514021],[13.411967,52.513641],[13.411946,52.513512],[13.41189,52.513346],[13.411815,52.51321],[13.411727,52.513102],[13.411613,52.512989],[13.41149,52.512896]]}},{"type":"Feature","properties":{"k":"track","lvl":"tunnel","lines":"U2","c":"#DA421E","svc":"","bau":0,"name":""},"geometry":{"type":"LineString","coordinates":[[13.408915,52.511966],[13.409336,52.512064],[13.409596,52.512117],[13.409846,52.512189],[13.410201,52.512306],[13.410966,52.512551],[13.411127,52.512609],[13.411255,52.512667],[13.411362,52.512725],[13.411459,52.512787],[13.411532,52.512842]]}},{"type":"Feature","properties":{"k":"track","lvl":"tunnel","lines":"U2","c":"#DA421E","svc":"","bau":0,"name":""},"geometry":{"type":"LineString","coordinates":[[13.41149,52.512896],[13.411336,52.512802],[13.41121,52.51274],[13.411067,52.512687],[13.410901,52.512632],[13.410682,52.512561],[13.410148,52.512389],[13.409796,52.512279],[13.409548,52.512212],[13.409291,52.51215],[13.408859,52.512043]]}},{"type":"Feature","properties":{"k":"track","lvl":"tunnel","lines":"U2","c":"#DA421E","svc":"","bau":0,"name":""},"geometry":{"type":"LineString","coordinates":[[13.411532,52.512842],[13.411721,52.51301],[13.411801,52.513097],[13.41187,52.513197],[13.411951,52.513346],[13.412003,52.513509],[13.412024,52.51364],[13.412088,52.514015],[13.412194,52.514862]]}},{"type":"Feature","properties":{"k":"track","lvl":"tunnel","lines":"U5","c":"#7E5330","svc":"","bau":0,"name":""},"geometry":{"type":"LineString","coordinates":[[13.44587,52.516671],[13.445376,52.516733],[13.444767,52.516799],[13.44397,52.516881],[13.443808,52.516897],[13.443502,52.51692],[13.443405,52.516921],[13.442819,52.516951],[13.4332,52.517938],[13.433025,52.517962],[13.432801,52.518005],[13.4327,52.518016],[13.430778,52.518245],[13.430468,52.518282],[13.430366,52.518295],[13.429877,52.518351],[13.429674,52.518376],[13.429531,52.518396],[13.429359,52.518424],[13.42921,52.518451],[13.429074,52.518477],[13.426478,52.519146],[13.422701,52.520288],[13.422014,52.520547],[13.421639,52.52068],[13.421313,52.520786],[13.4204,52.521064],[13.420045,52.521171]]}},{"type":"Feature","properties":{"k":"track","lvl":"tunnel","lines":"U5","c":"#7E5330","svc":"","bau":0,"name":""},"geometry":{"type":"LineString","coordinates":[[13.414761,52.521972],[13.41495,52.522059],[13.415108,52.522115],[13.415297,52.522168],[13.415467,52.522204],[13.415647,52.522224],[13.415876,52.522236],[13.416049,52.522227],[13.41616,52.522216],[13.416371,52.522182],[13.416494,52.522159],[13.416638,52.52213],[13.417183,52.521993],[13.419054,52.521431],[13.419158,52.521396],[13.419401,52.521293],[13.419582,52.521224],[13.419969,52.521084]]}},{"type":"Feature","properties":{"k":"track","lvl":"tunnel","lines":"U1 U3","c":"#7DAD4C","svc":"","bau":0,"name":"U1"},"geometry":{"type":"LineString","coordinates":[[13.44036,52.500609],[13.44076,52.500669],[13.440943,52.500697],[13.441132,52.50073],[13.441306,52.500769],[13.441693,52.500894],[13.441869,52.500959],[13.441946,52.500984],[13.442015,52.501006]]}},{"type":"Feature","properties":{"k":"track","lvl":"tunnel","lines":"U1 U3","c":"#7DAD4C","svc":"","bau":0,"name":"U1"},"geometry":{"type":"LineString","coordinates":[[13.44035,52.500635],[13.438879,52.500423],[13.431612,52.499363],[13.431474,52.499345],[13.431391,52.499335],[13.431314,52.499328],[13.431229,52.499323],[13.431153,52.49932],[13.43108,52.499319],[13.431008,52.49932],[13.430936,52.499323],[13.430858,52.499327],[13.430784,52.499334],[13.430681,52.499344],[13.430465,52.499366],[13.430403,52.499372],[13.430307,52.49938],[13.430223,52.499385],[13.430137,52.499388],[13.430057,52.499388],[13.429975,52.499387],[13.42989,52.499385],[13.42976,52.499379],[13.429233,52.49935]]}},{"type":"Feature","properties":{"k":"track","lvl":"tunnel","lines":"U1 U3","c":"#7DAD4C","svc":"","bau":0,"name":"U1"},"geometry":{"type":"LineString","coordinates":[[13.442008,52.501034],[13.441925,52.501008],[13.441891,52.500997],[13.441678,52.500921],[13.441441,52.500843],[13.44129,52.500795],[13.441239,52.500782],[13.441165,52.500766],[13.441044,52.500743],[13.440901,52.500717],[13.440747,52.500695],[13.44035,52.500635]]}},{"type":"Feature","properties":{"k":"track","lvl":"tunnel","lines":"U1 U3","c":"#7DAD4C","svc":"","bau":0,"name":"U1"},"geometry":{"type":"LineString","coordinates":[[13.429236,52.499322],[13.42976,52.499352],[13.429883,52.499358],[13.429975,52.499361],[13.430057,52.499361],[13.430139,52.499359],[13.43022,52.499356],[13.430306,52.499351],[13.430382,52.499345],[13.430448,52.499339],[13.430668,52.499315],[13.430769,52.499304],[13.430855,52.499297],[13.430938,52.499292],[13.431008,52.499289],[13.431078,52.499288],[13.431149,52.49929],[13.431221,52.499292],[13.431296,52.499297],[13.431377,52.499304],[13.431463,52.499314],[13.43162,52.499336],[13.439259,52.500447],[13.44036,52.500609]]}},{"type":"Feature","properties":{"k":"track","lvl":"tunnel","lines":"U1 U3","c":"#7DAD4C","svc":"","bau":0,"name":"U1"},"geometry":{"type":"LineString","coordinates":[[13.429233,52.49935],[13.428684,52.499317],[13.427617,52.499252],[13.427501,52.499245],[13.427166,52.499227]]}},{"type":"Feature","properties":{"k":"track","lvl":"tunnel","lines":"U1 U3","c":"#7DAD4C","svc":"","bau":0,"name":"U1"},"geometry":{"type":"LineString","coordinates":[[13.427171,52.4992],[13.427465,52.499215],[13.428201,52.499265],[13.42841,52.499278],[13.428909,52.499305],[13.429236,52.499322]]}},{"type":"Feature","properties":{"k":"track","lvl":"tunnel","lines":"U1 U3","c":"#7DAD4C","svc":"","bau":0,"name":"U1"},"geometry":{"type":"LineString","coordinates":[[13.442648,52.501104],[13.442562,52.501106],[13.442473,52.501104],[13.442388,52.501099],[13.442309,52.501092],[13.442228,52.50108],[13.442146,52.501067],[13.442077,52.501051],[13.442008,52.501034]]}},{"type":"Feature","properties":{"k":"track","lvl":"tunnel","lines":"U1 U3","c":"#7DAD4C","svc":"","bau":0,"name":"U1"},"geometry":{"type":"LineString","coordinates":[[13.442015,52.501006],[13.442084,52.501024],[13.442156,52.50104],[13.442225,52.501053],[13.442304,52.501064],[13.442376,52.501072],[13.442453,52.501076],[13.442523,52.501079],[13.442592,52.501079]]}},{"type":"Feature","properties":{"k":"track","lvl":"tunnel","lines":"U1 U3","c":"#7DAD4C","svc":"","bau":0,"name":"U1"},"geometry":{"type":"LineString","coordinates":[[13.406365,52.498383],[13.407823,52.498392],[13.40852,52.498408],[13.412115,52.498586],[13.412379,52.498594],[13.41264,52.498586],[13.412914,52.49857],[13.413783,52.498505],[13.414053,52.498497]]}},{"type":"Feature","properties":{"k":"track","lvl":"tunnel","lines":"U1 U3","c":"#7DAD4C","svc":"","bau":0,"name":"U1"},"geometry":{"type":"LineString","coordinates":[[13.404439,52.498369],[13.406028,52.498381],[13.406365,52.498383]]}},{"type":"Feature","properties":{"k":"track","lvl":"tunnel","lines":"U1 U3","c":"#7DAD4C","svc":"","bau":0,"name":"U1"},"geometry":{"type":"LineString","coordinates":[[13.414056,52.498523],[13.41379,52.498528],[13.412915,52.498598],[13.412646,52.498614],[13.41238,52.498619],[13.412114,52.498612],[13.408511,52.498436],[13.407822,52.498421],[13.406364,52.498407]]}},{"type":"Feature","properties":{"k":"platform","name":"Platz der Luftbrücke"},"geometry":{"type":"Polygon","coordinates":[[[13.385854,52.486626],[13.38594,52.486626],[13.385957,52.486454],[13.385924,52.485325],[13.385889,52.485326],[13.385825,52.485327],[13.385854,52.486626]]]}},{"type":"Feature","properties":{"k":"platform","name":"Paracelsus-Bad"},"geometry":{"type":"Polygon","coordinates":[[[13.348137,52.574247],[13.348143,52.574263],[13.34815,52.574281],[13.348157,52.574298],[13.348164,52.574316],[13.348656,52.574244],[13.349945,52.574054],[13.349938,52.574037],[13.349931,52.57402],[13.349924,52.574002],[13.349917,52.573985],[13.34863,52.574175],[13.348137,52.574247]]]}},{"type":"Feature","properties":{"k":"track","lvl":"tunnel","lines":"U8","c":"#224F86","svc":"","bau":0,"name":"U8"},"geometry":{"type":"LineString","coordinates":[[13.359929,52.572399],[13.359658,52.572836],[13.359471,52.573055],[13.359252,52.573211],[13.359049,52.573291],[13.358688,52.57335],[13.357054,52.573415],[13.354918,52.573556],[13.352023,52.573774],[13.350889,52.573916],[13.350188,52.574033],[13.349336,52.574159],[13.348661,52.57426],[13.348506,52.574282],[13.347937,52.574367]]}},{"type":"Feature","properties":{"k":"track","lvl":"tunnel","lines":"U8","c":"#224F86","svc":"","bau":0,"name":"U8"},"geometry":{"type":"LineString","coordinates":[[13.347889,52.574272],[13.349302,52.574059],[13.350149,52.573936]]}},{"type":"Feature","properties":{"k":"platform","name":"Residenzstraße"},"geometry":{"type":"Polygon","coordinates":[[[13.360046,52.571881],[13.360077,52.571886],[13.360105,52.571892],[13.360134,52.571898],[13.360164,52.571904],[13.360535,52.57122],[13.360753,52.570802],[13.360722,52.570796],[13.360694,52.57079],[13.360665,52.570785],[13.360635,52.570779],[13.360046,52.571881]]]}},{"type":"Feature","properties":{"k":"track","lvl":"tunnel","lines":"U8","c":"#224F86","svc":"","bau":0,"name":"U8"},"geometry":{"type":"LineString","coordinates":[[13.368146,52.561072],[13.366237,52.562498],[13.365534,52.563023],[13.364896,52.563556],[13.364831,52.56361],[13.364549,52.563903],[13.364399,52.564059],[13.364265,52.564218],[13.364178,52.564322],[13.364076,52.564444],[13.364002,52.564552],[13.36374,52.565073],[13.363686,52.565158],[13.363515,52.565427],[13.360964,52.570281],[13.360779,52.570799],[13.360428,52.571459],[13.360149,52.571979],[13.359929,52.572399]]}},{"type":"Feature","properties":{"k":"track","lvl":"tunnel","lines":"U8","c":"#224F86","svc":"","bau":0,"name":"U8"},"geometry":{"type":"LineString","coordinates":[[13.350149,52.573936],[13.35082,52.573852],[13.351968,52.573708],[13.354876,52.57351],[13.357022,52.573369],[13.358674,52.573284],[13.359007,52.573215],[13.359208,52.573131],[13.359352,52.573024],[13.359505,52.572813],[13.359763,52.572385],[13.359986,52.571948],[13.360541,52.570906],[13.360624,52.570754],[13.360906,52.570258],[13.363424,52.565428]]}},{"type":"Feature","properties":{"k":"platform","name":"Franz-Neumann-Platz"},"geometry":{"type":"Polygon","coordinates":[[[13.363608,52.565048],[13.363636,52.565053],[13.363663,52.565058],[13.363691,52.565063],[13.363718,52.565068],[13.36398,52.564548],[13.364057,52.564439],[13.364156,52.564315],[13.364348,52.564088],[13.364324,52.56408],[13.364298,52.564072],[13.364272,52.564063],[13.364247,52.564055],[13.364054,52.564279],[13.36395,52.564411],[13.363867,52.56453],[13.363608,52.565048]]]}},{"type":"Feature","properties":{"k":"track","lvl":"tunnel","lines":"U8","c":"#224F86","svc":"","bau":0,"name":"U8"},"geometry":{"type":"LineString","coordinates":[[13.363424,52.565428],[13.363578,52.56506],[13.363845,52.564526],[13.363927,52.564405],[13.364033,52.564272],[13.36424,52.564033],[13.364776,52.563519]]}},{"type":"Feature","properties":{"k":"track","lvl":"tunnel","lines":"U8","c":"#224F86","svc":"","bau":0,"name":"U8"},"geometry":{"type":"LineString","coordinates":[[13.380507,52.552653],[13.379012,52.553024],[13.378532,52.553173],[13.3781,52.553338],[13.377825,52.553463],[13.377557,52.553599],[13.377299,52.553757],[13.377029,52.553935],[13.376677,52.554206],[13.374478,52.556143],[13.374034,52.556597],[13.373854,52.556778],[13.37365,52.556967],[13.37329,52.557237],[13.372859,52.55756],[13.372777,52.557617],[13.371616,52.558473],[13.369775,52.559857],[13.368146,52.561072]]}},{"type":"Feature","properties":{"k":"track","lvl":"tunnel","lines":"U2","c":"#DA421E","svc":"","bau":0,"name":""},"geometry":{"type":"LineString","coordinates":[[13.413299,52.558579],[13.414061,52.557473]]}},{"type":"Feature","properties":{"k":"track","lvl":"tunnel","lines":"U2","c":"#DA421E","svc":"","bau":0,"name":""},"geometry":{"type":"LineString","coordinates":[[13.413287,52.559816],[13.413171,52.561154],[13.412962,52.56265],[13.41272,52.564308],[13.412579,52.565273]]}},{"type":"Feature","properties":{"k":"track","lvl":"tunnel","lines":"U2","c":"#DA421E","svc":"","bau":0,"name":""},"geometry":{"type":"LineString","coordinates":[[13.414111,52.557486],[13.413685,52.55812],[13.413549,52.558369],[13.413462,52.558574]]}},{"type":"Feature","properties":{"k":"track","lvl":"tunnel","lines":"U2","c":"#DA421E","svc":"","bau":0,"name":""},"geometry":{"type":"LineString","coordinates":[[13.41314,52.559815],[13.413148,52.559359],[13.413168,52.559034],[13.413299,52.558579]]}},{"type":"Feature","properties":{"k":"track","lvl":"tunnel","lines":"U6","c":"#8C6DAB","svc":"","bau":0,"name":"U6"},"geometry":{"type":"LineString","coordinates":[[13.385569,52.464866],[13.385598,52.464543],[13.385591,52.464151],[13.385554,52.463726],[13.385367,52.462878],[13.385062,52.46164],[13.384936,52.461177],[13.384794,52.460812],[13.384712,52.460583]]}},{"type":"Feature","properties":{"k":"track","lvl":"tunnel","lines":"U6","c":"#8C6DAB","svc":"","bau":0,"name":"U6"},"geometry":{"type":"LineString","coordinates":[[13.384853,52.46057],[13.385115,52.461637],[13.385421,52.462873],[13.385616,52.463728],[13.385623,52.46379],[13.385649,52.464044]]}},{"type":"Feature","properties":{"k":"track","lvl":"tunnel","lines":"U6","c":"#8C6DAB","svc":"","bau":0,"name":"U6"},"geometry":{"type":"LineString","coordinates":[[13.384712,52.460583],[13.384481,52.459678],[13.384449,52.459533]]}},{"type":"Feature","properties":{"k":"track","lvl":"tunnel","lines":"U6","c":"#8C6DAB","svc":"","bau":0,"name":"U6"},"geometry":{"type":"LineString","coordinates":[[13.384594,52.459521],[13.384698,52.459955],[13.384853,52.46057]]}},{"type":"Feature","properties":{"k":"platform","name":"Kaiserin-Augusta-Straße"},"geometry":{"type":"Polygon","coordinates":[[[13.384571,52.459523],[13.384521,52.459528],[13.384471,52.459532],[13.384696,52.460433],[13.384733,52.460581],[13.384766,52.460578],[13.384794,52.460575],[13.384833,52.460572],[13.384796,52.460424],[13.384571,52.459523]]]}},{"type":"Feature","properties":{"k":"track","lvl":"tunnel","lines":"U6","c":"#8C6DAB","svc":"","bau":0,"name":"U6"},"geometry":{"type":"LineString","coordinates":[[13.386383,52.443035],[13.386197,52.443886],[13.386048,52.444654],[13.38594,52.445209],[13.385902,52.445415],[13.385881,52.445551]]}},{"type":"Feature","properties":{"k":"track","lvl":"tunnel","lines":"U6","c":"#8C6DAB","svc":"","bau":0,"name":"U6"},"geometry":{"type":"LineString","coordinates":[[13.385466,52.447253],[13.385495,52.446921],[13.385614,52.446264],[13.385705,52.445776],[13.385773,52.445535]]}},{"type":"Feature","properties":{"k":"track","lvl":"tunnel","lines":"U6","c":"#8C6DAB","svc":"","bau":0,"name":"U6"},"geometry":{"type":"LineString","coordinates":[[13.385881,52.445551],[13.385849,52.445785],[13.385757,52.446277],[13.385632,52.44693],[13.385568,52.447263]]}},{"type":"Feature","properties":{"k":"platform","name":"Westphalweg"},"geometry":{"type":"Polygon","coordinates":[[[13.385516,52.446922],[13.385549,52.446924],[13.385578,52.446926],[13.385611,52.446929],[13.385676,52.446576],[13.385727,52.44632],[13.385827,52.445784],[13.3858,52.445782],[13.385752,52.445779],[13.385728,52.445777],[13.385516,52.446922]]]}},{"type":"Feature","properties":{"k":"track","lvl":"tunnel","lines":"U6","c":"#8C6DAB","svc":"","bau":0,"name":"U6"},"geometry":{"type":"LineString","coordinates":[[13.385773,52.445535],[13.385877,52.445206],[13.385989,52.444656],[13.386141,52.443882],[13.386275,52.443232],[13.38634,52.44298],[13.38659,52.442246],[13.386814,52.441615],[13.386917,52.44131],[13.387033,52.440998],[13.387166,52.440611],[13.387206,52.440452]]}},{"type":"Feature","properties":{"k":"track","lvl":"tunnel","lines":"U2","c":"#DA421E","svc":"","bau":0,"name":""},"geometry":{"type":"LineString","coordinates":[[13.253414,52.51605],[13.253564,52.516031],[13.25371,52.516017],[13.253913,52.516005],[13.254087,52.516001],[13.254234,52.516004],[13.25438,52.516012],[13.254525,52.516024],[13.255737,52.516169],[13.255999,52.5162],[13.256348,52.516235],[13.256554,52.516249],[13.256908,52.516267],[13.25732,52.516279]]}},{"type":"Feature","properties":{"k":"track","lvl":"tunnel","lines":"U2","c":"#DA421E","svc":"","bau":0,"name":""},"geometry":{"type":"LineString","coordinates":[[13.320453,52.512641],[13.320337,52.512644],[13.320222,52.512639],[13.320138,52.512632],[13.319302,52.512524],[13.31826,52.512401],[13.317852,52.512359],[13.317443,52.512324],[13.317061,52.512301],[13.313358,52.512059],[13.312283,52.511993],[13.312179,52.511988],[13.311783,52.511995],[13.311522,52.512],[13.31109,52.511987],[13.310661,52.511957],[13.309538,52.511883],[13.308357,52.511808],[13.30817,52.511798],[13.308113,52.511796],[13.307616,52.511761],[13.307209,52.511724],[13.305909,52.51157]]}},{"type":"Feature","properties":{"k":"platform","name":"Deutsche Oper"},"geometry":{"type":"Polygon","coordinates":[[[13.311294,52.511979],[13.311299,52.51195],[13.311303,52.511922],[13.309754,52.511825],[13.309749,52.511855],[13.309744,52.511887],[13.311095,52.511973],[13.311294,52.511979]]]}},{"type":"Feature","properties":{"k":"platform","name":"Bayerischer Platz"},"geometry":{"type":"Polygon","coordinates":[[[13.340753,52.488654],[13.34148,52.488725],[13.3423,52.488805],[13.342309,52.488764],[13.342321,52.488715],[13.34078,52.488559],[13.340767,52.488607],[13.340753,52.488654]]]}},{"type":"Feature","properties":{"k":"platform","name":"Rathaus Schöneberg"},"geometry":{"type":"Polygon","coordinates":[[[13.341831,52.483544],[13.341785,52.483537],[13.342044,52.482808],[13.342149,52.482546],[13.342236,52.482557],[13.342155,52.482823],[13.341896,52.483552],[13.341831,52.483544]]]}},{"type":"Feature","properties":{"k":"platform","name":"Bayerischer Platz"},"geometry":{"type":"Polygon","coordinates":[[[13.340393,52.489631],[13.340451,52.48962],[13.340426,52.489542],[13.340414,52.489487],[13.340405,52.489433],[13.34032,52.488729],[13.340253,52.488732],[13.340183,52.488736],[13.340285,52.489488],[13.340298,52.489548],[13.340331,52.489642],[13.340393,52.489631]]]}},{"type":"Feature","properties":{"k":"platform","name":"Viktoria-Luise-Platz"},"geometry":{"type":"Polygon","coordinates":[[[13.343988,52.496463],[13.34401,52.496437],[13.344029,52.496413],[13.343641,52.496281],[13.342748,52.495982],[13.342716,52.495969],[13.342689,52.495999],[13.342654,52.496038],[13.342794,52.496093],[13.343728,52.496385],[13.343988,52.496463]]]}},{"type":"Feature","properties":{"k":"track","lvl":"tunnel","lines":"U4","c":"#F0D722","svc":"","bau":0,"name":""},"geometry":{"type":"LineString","coordinates":[[13.356,52.500268],[13.355205,52.500011]]}},{"type":"Feature","properties":{"k":"track","lvl":"tunnel","lines":"U4","c":"#F0D722","svc":"","bau":0,"name":"U4"},"geometry":{"type":"LineString","coordinates":[[13.342176,52.482827],[13.341987,52.483363]]}},{"type":"Feature","properties":{"k":"track","lvl":"tunnel","lines":"U4","c":"#F0D722","svc":"","bau":0,"name":"U4"},"geometry":{"type":"LineString","coordinates":[[13.35314,52.499456],[13.352863,52.499322],[13.352445,52.499122],[13.352301,52.499064]]}},{"type":"Feature","properties":{"k":"track","lvl":"tunnel","lines":"U4","c":"#F0D722","svc":"","bau":0,"name":"U4"},"geometry":{"type":"LineString","coordinates":[[13.34341,52.479615],[13.343308,52.479797]]}},{"type":"Feature","properties":{"k":"track","lvl":"tunnel","lines":"U4","c":"#F0D722","svc":"","bau":0,"name":"U4"},"geometry":{"type":"LineString","coordinates":[[13.342023,52.482805],[13.342091,52.482635],[13.342128,52.482543],[13.342305,52.482149],[13.342811,52.480743],[13.342879,52.480569],[13.343161,52.479985]]}},{"type":"Feature","properties":{"k":"track","lvl":"tunnel","lines":"U4","c":"#F0D722","svc":"","bau":0,"name":"U4"},"geometry":{"type":"LineString","coordinates":[[13.341987,52.483363],[13.341907,52.483543],[13.341709,52.483983],[13.340385,52.487662],[13.340345,52.487787],[13.340316,52.487912],[13.340297,52.488037],[13.34029,52.488128],[13.340287,52.488237],[13.340291,52.488327],[13.340342,52.488728]]}},{"type":"Feature","properties":{"k":"track","lvl":"tunnel","lines":"U4","c":"#F0D722","svc":"","bau":0,"name":"U4"},"geometry":{"type":"LineString","coordinates":[[13.356314,52.500433],[13.355323,52.500093]]}},{"type":"Feature","properties":{"k":"track","lvl":"tunnel","lines":"U2","c":"#DA421E","svc":"","bau":0,"name":"U2"},"geometry":{"type":"LineString","coordinates":[[13.386135,52.511925],[13.385826,52.511902],[13.385547,52.511874],[13.385362,52.511852],[13.385154,52.511824],[13.384926,52.511792],[13.384513,52.511718],[13.384228,52.511662],[13.38367,52.511539]]}},{"type":"Feature","properties":{"k":"track","lvl":"tunnel","lines":"U2","c":"#DA421E","svc":"","bau":0,"name":""},"geometry":{"type":"LineString","coordinates":[[13.38871,52.512083],[13.388658,52.512078],[13.387955,52.512027],[13.386723,52.511951],[13.386135,52.511925]]}},{"type":"Feature","properties":{"k":"track","lvl":"tunnel","lines":"U2","c":"#DA421E","svc":"","bau":0,"name":""},"geometry":{"type":"LineString","coordinates":[[13.386732,52.511912],[13.387961,52.511996],[13.388661,52.512024],[13.388734,52.512024]]}},{"type":"Feature","properties":{"k":"track","lvl":"tunnel","lines":"U2","c":"#DA421E","svc":"","bau":0,"name":"U2"},"geometry":{"type":"LineString","coordinates":[[13.383705,52.51147],[13.384272,52.511576],[13.384555,52.511629],[13.384744,52.51166],[13.384956,52.511697],[13.385179,52.511728],[13.38553,52.511772],[13.385851,52.511813],[13.386283,52.511867],[13.386732,52.511912]]}},{"type":"Feature","properties":{"k":"platform","name":"Kochstraße/Checkpoint Charlie"},"geometry":{"type":"Polygon","coordinates":[[[13.390618,52.50638],[13.390757,52.505521],[13.390759,52.505509],[13.390732,52.505508],[13.390674,52.505504],[13.39063,52.505502],[13.390628,52.505514],[13.390489,52.506372],[13.390529,52.506375],[13.390559,52.506376],[13.390579,52.506377],[13.390618,52.50638]]]}},{"type":"Feature","properties":{"k":"track","lvl":"tunnel","lines":"U6","c":"#8C6DAB","svc":"","bau":0,"name":"U6"},"geometry":{"type":"LineString","coordinates":[[13.390226,52.508231],[13.39032,52.507623],[13.390391,52.507005],[13.390472,52.50637]]}},{"type":"Feature","properties":{"k":"track","lvl":"tunnel","lines":"U6","c":"#8C6DAB","svc":"","bau":0,"name":"U6"},"geometry":{"type":"LineString","coordinates":[[13.390775,52.50551],[13.390671,52.506167],[13.390638,52.50638]]}},{"type":"Feature","properties":{"k":"track","lvl":"tunnel","lines":"U6","c":"#8C6DAB","svc":"","bau":0,"name":"U6"},"geometry":{"type":"LineString","coordinates":[[13.390472,52.50637],[13.390575,52.505742],[13.390615,52.505501]]}},{"type":"Feature","properties":{"k":"track","lvl":"tunnel","lines":"U6","c":"#8C6DAB","svc":"","bau":0,"name":"U6"},"geometry":{"type":"LineString","coordinates":[[13.391128,52.503177],[13.390818,52.50499],[13.390775,52.50551]]}},{"type":"Feature","properties":{"k":"track","lvl":"tunnel","lines":"U2","c":"#DA421E","svc":"","bau":0,"name":""},"geometry":{"type":"LineString","coordinates":[[13.402925,52.511286],[13.404179,52.51125],[13.404547,52.511239],[13.40472,52.511233],[13.405204,52.511221]]}},{"type":"Feature","properties":{"k":"track","lvl":"tunnel","lines":"U2","c":"#DA421E","svc":"","bau":0,"name":""},"geometry":{"type":"LineString","coordinates":[[13.405255,52.511299],[13.404728,52.511314],[13.404554,52.511324],[13.403524,52.511353],[13.402932,52.51138]]}},{"type":"Feature","properties":{"k":"track","lvl":"tunnel","lines":"U2","c":"#DA421E","svc":"","bau":0,"name":""},"geometry":{"type":"LineString","coordinates":[[13.405204,52.511221],[13.405565,52.511216],[13.40586,52.511224],[13.406085,52.511242],[13.406427,52.511278],[13.406746,52.511336],[13.406957,52.511389],[13.407875,52.511681],[13.408092,52.511752],[13.40858,52.51189],[13.408915,52.511966]]}},{"type":"Feature","properties":{"k":"track","lvl":"tunnel","lines":"U2","c":"#DA421E","svc":"","bau":0,"name":""},"geometry":{"type":"LineString","coordinates":[[13.408859,52.512043],[13.408051,52.511815],[13.406901,52.511448],[13.406707,52.511399],[13.406407,52.511345],[13.406064,52.511313],[13.405849,52.511301],[13.405572,52.511296],[13.405255,52.511299]]}},{"type":"Feature","properties":{"k":"platform","name":"Augsburger Straße"},"geometry":{"type":"Polygon","coordinates":[[[13.336951,52.500846],[13.337127,52.500775],[13.337078,52.50073],[13.336958,52.500778],[13.336956,52.500776],[13.336946,52.500766],[13.336929,52.50075],[13.336872,52.500696],[13.336854,52.5007],[13.336628,52.500484],[13.336663,52.50047],[13.336469,52.500286],[13.336434,52.500299],[13.336116,52.499983],[13.33614,52.499973],[13.336008,52.499848],[13.335966,52.499846],[13.335923,52.499845],[13.33598,52.499902],[13.336891,52.500788],[13.336951,52.500846]]]}},{"type":"Feature","properties":{"k":"platform","name":"Augsburger Straße"},"geometry":{"type":"Polygon","coordinates":[[[13.33668,52.500956],[13.33686,52.500884],[13.336797,52.500826],[13.335853,52.49995],[13.335842,52.499939],[13.335801,52.499955],[13.335812,52.499966],[13.33583,52.499982],[13.335693,52.500037],[13.335704,52.500047],[13.335755,52.500093],[13.33589,52.50004],[13.33625,52.500374],[13.336214,52.500388],[13.336412,52.500572],[13.336448,52.500557],[13.336683,52.500775],[13.336664,52.500782],[13.336719,52.500833],[13.336736,52.50085],[13.336747,52.500859],[13.336748,52.500861],[13.336629,52.500909],[13.33668,52.500956]]]}},{"type":"Feature","properties":{"k":"track","lvl":"tunnel","lines":"U3","c":"#16683D","svc":"","bau":0,"name":"U3"},"geometry":{"type":"LineString","coordinates":[[13.336932,52.500853],[13.337089,52.501]]}},{"type":"Feature","properties":{"k":"track","lvl":"tunnel","lines":"U3","c":"#16683D","svc":"","bau":0,"name":"U3"},"geometry":{"type":"LineString","coordinates":[[13.336878,52.500878],[13.33607,52.500125],[13.335816,52.499888],[13.334571,52.498733]]}},{"type":"Feature","properties":{"k":"track","lvl":"tunnel","lines":"U3","c":"#16683D","svc":"","bau":0,"name":"U3"},"geometry":{"type":"LineString","coordinates":[[13.335904,52.499853],[13.336639,52.500568],[13.336932,52.500853]]}},{"type":"Feature","properties":{"k":"track","lvl":"tunnel","lines":"U4","c":"#F0D722","svc":"","bau":0,"name":"U4"},"geometry":{"type":"LineString","coordinates":[[13.34262,52.495916],[13.34276,52.49597],[13.343652,52.496269],[13.34404,52.496402],[13.344365,52.496515]]}},{"type":"Feature","properties":{"k":"track","lvl":"tunnel","lines":"U6","c":"#8C6DAB","svc":"","bau":0,"name":"U6"},"geometry":{"type":"LineString","coordinates":[[13.385775,52.466525],[13.385798,52.468611]]}},{"type":"Feature","properties":{"k":"track","lvl":"tunnel","lines":"U6","c":"#8C6DAB","svc":"","bau":0,"name":"U6"},"geometry":{"type":"LineString","coordinates":[[13.385649,52.464044],[13.385695,52.464864]]}},{"type":"Feature","properties":{"k":"track","lvl":"tunnel","lines":"U6","c":"#8C6DAB","svc":"","bau":0,"name":"U6"},"geometry":{"type":"LineString","coordinates":[[13.38563,52.466525],[13.385601,52.465853],[13.385566,52.465281],[13.385561,52.465073],[13.385569,52.464866]]}},{"type":"Feature","properties":{"k":"track","lvl":"tunnel","lines":"U6","c":"#8C6DAB","svc":"","bau":0,"name":"U6"},"geometry":{"type":"LineString","coordinates":[[13.385638,52.468599],[13.38563,52.466525]]}},{"type":"Feature","properties":{"k":"track","lvl":"tunnel","lines":"U1 U3","c":"#7DAD4C","svc":"","bau":0,"name":"U1"},"geometry":{"type":"LineString","coordinates":[[13.358793,52.500876],[13.360689,52.500279]]}},{"type":"Feature","properties":{"k":"track","lvl":"tunnel","lines":"U1 U3","c":"#7DAD4C","svc":"","bau":0,"name":"U1"},"geometry":{"type":"LineString","coordinates":[[13.36256,52.499852],[13.362212,52.499948],[13.360976,52.500304],[13.360756,52.500367]]}},{"type":"Feature","properties":{"k":"track","lvl":"tunnel","lines":"U1 U3","c":"#7DAD4C","svc":"","bau":0,"name":"U1"},"geometry":{"type":"LineString","coordinates":[[13.363589,52.499671],[13.363499,52.499664],[13.363409,52.499663],[13.363348,52.499665],[13.363288,52.49967],[13.363202,52.499682],[13.363114,52.499699],[13.36256,52.499852]]}},{"type":"Feature","properties":{"k":"track","lvl":"tunnel","lines":"U1 U3","c":"#7DAD4C","svc":"","bau":0,"name":"U1"},"geometry":{"type":"LineString","coordinates":[[13.362468,52.499764],[13.362604,52.499733],[13.363111,52.499637],[13.363224,52.499621],[13.363337,52.499609],[13.363453,52.499603],[13.36357,52.499601],[13.363687,52.499604],[13.363802,52.499613],[13.363886,52.499623],[13.364,52.499641]]}},{"type":"Feature","properties":{"k":"platform","name":"Kurfürstenstraße"},"geometry":{"type":"Polygon","coordinates":[[[13.360746,52.500355],[13.362202,52.499936],[13.362195,52.499925],[13.36218,52.499905],[13.362165,52.499884],[13.362158,52.499873],[13.360699,52.500291],[13.360708,52.500303],[13.360715,52.500312],[13.360721,52.50032],[13.360746,52.500355]]]}},{"type":"Feature","properties":{"k":"platform","name":"Schwartzkopffstraße"},"geometry":{"type":"Polygon","coordinates":[[[13.376367,52.535899],[13.376389,52.535909],[13.376416,52.535921],[13.376581,52.535789],[13.377419,52.535118],[13.377394,52.535107],[13.37737,52.535096],[13.376531,52.535767],[13.376367,52.535899]]]}},{"type":"Feature","properties":{"k":"track","lvl":"tunnel","lines":"U6","c":"#8C6DAB","svc":"","bau":0,"name":"U6"},"geometry":{"type":"LineString","coordinates":[[13.381663,52.531751],[13.381015,52.532269],[13.38036,52.532796],[13.379716,52.53331],[13.377586,52.535016]]}},{"type":"Feature","properties":{"k":"track","lvl":"tunnel","lines":"U6","c":"#8C6DAB","svc":"","bau":0,"name":"U6"},"geometry":{"type":"LineString","coordinates":[[13.377467,52.534975],[13.377998,52.534637],[13.378416,52.534289],[13.379299,52.533595],[13.379651,52.533277],[13.379884,52.533071],[13.380277,52.532755],[13.380453,52.532607],[13.380925,52.532237],[13.38138,52.531861],[13.381554,52.531698]]}},{"type":"Feature","properties":{"k":"track","lvl":"tunnel","lines":"U2","c":"#DA421E","svc":"","bau":0,"name":"U2"},"geometry":{"type":"LineString","coordinates":[[13.412187,52.538096],[13.412274,52.536789],[13.412321,52.536265],[13.412354,52.535882],[13.412401,52.535496],[13.412494,52.534918],[13.412613,52.534338],[13.412711,52.533897],[13.412769,52.533593],[13.412783,52.533423],[13.412756,52.533209]]}},{"type":"Feature","properties":{"k":"track","lvl":"tunnel","lines":"U2","c":"#DA421E","svc":"","bau":0,"name":"U2"},"geometry":{"type":"LineString","coordinates":[[13.412627,52.531744],[13.412754,52.53229],[13.412839,52.532562],[13.412888,52.532828],[13.412924,52.533029],[13.412922,52.533205]]}},{"type":"Feature","properties":{"k":"track","lvl":"tunnel","lines":"U2","c":"#DA421E","svc":"","bau":0,"name":"U2"},"geometry":{"type":"LineString","coordinates":[[13.412756,52.533209],[13.412726,52.533026],[13.412641,52.532629],[13.412558,52.532284],[13.412505,52.532049],[13.412431,52.531772]]}},{"type":"Feature","properties":{"k":"platform","name":"Senefelderplatz"},"geometry":{"type":"Polygon","coordinates":[[[13.412768,52.532961],[13.412803,52.532958],[13.412835,52.532955],[13.412597,52.531834],[13.412563,52.531836],[13.412529,52.531839],[13.412768,52.532961]]]}},{"type":"Feature","properties":{"k":"track","lvl":"tunnel","lines":"U2","c":"#DA421E","svc":"","bau":0,"name":"U2"},"geometry":{"type":"LineString","coordinates":[[13.412922,52.533205],[13.412906,52.53346],[13.412878,52.533591],[13.412815,52.53391],[13.412731,52.534351],[13.412505,52.535511],[13.412409,52.536265],[13.412362,52.536791],[13.412246,52.538096]]}},{"type":"Feature","properties":{"k":"track","lvl":"tunnel","lines":"U7","c":"#528DBA","svc":"","bau":0,"name":"U7"},"geometry":{"type":"LineString","coordinates":[[13.309568,52.494134],[13.30927,52.494446],[13.309107,52.494639],[13.308977,52.494821],[13.308841,52.495026],[13.30875,52.49517],[13.308625,52.495373],[13.308543,52.495527],[13.308426,52.495787],[13.308319,52.496066],[13.308245,52.496297],[13.308185,52.496509],[13.308139,52.496706],[13.308039,52.497206],[13.307995,52.497401],[13.30793,52.497632],[13.307482,52.498987]]}},{"type":"Feature","properties":{"k":"track","lvl":"tunnel","lines":"U7","c":"#528DBA","svc":"","bau":0,"name":"U7"},"geometry":{"type":"LineString","coordinates":[[13.309812,52.493669],[13.309589,52.493868],[13.309406,52.494051],[13.309286,52.494185],[13.309154,52.494334],[13.309015,52.494505],[13.308896,52.494666],[13.308773,52.49485],[13.308685,52.494992],[13.308624,52.495099],[13.308509,52.495321]]}},{"type":"Feature","properties":{"k":"platform","name":"Konstanzer Straße"},"geometry":{"type":"Polygon","coordinates":[[[13.308706,52.494997],[13.308731,52.495002],[13.308821,52.495021],[13.308956,52.494816],[13.309088,52.494633],[13.309251,52.494439],[13.309429,52.494254],[13.309549,52.494127],[13.309591,52.494086],[13.309551,52.49407],[13.309525,52.494059],[13.309498,52.494049],[13.309454,52.494032],[13.309305,52.494191],[13.309173,52.49434],[13.309035,52.494511],[13.308917,52.494671],[13.308794,52.494854],[13.308706,52.494997]]]}},{"type":"Feature","properties":{"k":"track","lvl":"tunnel","lines":"U7","c":"#528DBA","svc":"","bau":0,"name":"U7"},"geometry":{"type":"LineString","coordinates":[[13.382263,52.498621],[13.380803,52.498653],[13.380537,52.498645],[13.380333,52.498629],[13.380073,52.498604],[13.379878,52.498579],[13.379656,52.498541],[13.379431,52.498501],[13.379211,52.498453],[13.378997,52.4984],[13.378762,52.49833],[13.378531,52.498249],[13.378336,52.49817],[13.378127,52.498072],[13.377854,52.497943],[13.377611,52.497799],[13.377425,52.497686],[13.377195,52.497528],[13.377019,52.497383],[13.376836,52.497213],[13.376644,52.496982],[13.376514,52.496758],[13.376337,52.496278],[13.376086,52.495324],[13.375983,52.495095],[13.375871,52.494895],[13.375708,52.494678],[13.375515,52.494492],[13.375174,52.494235],[13.374823,52.494003],[13.374439,52.493779],[13.374079,52.493593],[13.373779,52.493449],[13.373474,52.493324],[13.372892,52.493141],[13.372534,52.493056],[13.372247,52.493007],[13.371907,52.492965],[13.371692,52.492949],[13.371589,52.492944],[13.371304,52.492937],[13.371031,52.49293],[13.370076,52.492898],[13.369885,52.49289],[13.36971,52.492877],[13.369563,52.49286],[13.369419,52.492839],[13.369277,52.492813],[13.369108,52.492776],[13.368917,52.492724],[13.368694,52.492643],[13.36852,52.492573],[13.3684,52.49252],[13.368239,52.492441],[13.36815,52.492393],[13.368045,52.49233],[13.367923,52.492251],[13.367746,52.492131],[13.367571,52.492008],[13.367436,52.491912],[13.36709,52.491644],[13.366977,52.491562],[13.366858,52.491482],[13.366714,52.491393],[13.366521,52.491284],[13.36634,52.491192],[13.366175,52.491117],[13.366006,52.491046],[13.365734,52.490952],[13.365552,52.490894],[13.365312,52.490826],[13.365123,52.49078],[13.364844,52.490724],[13.364674,52.490697],[13.364475,52.490668],[13.364014,52.490606],[13.363725,52.490572],[13.361527,52.490318],[13.361382,52.490305],[13.361207,52.490292],[13.361005,52.490282],[13.360795,52.490281],[13.360587,52.49028],[13.359875,52.490322],[13.35977,52.490329],[13.35941,52.490364],[13.359258,52.490374],[13.359082,52.490383],[13.358875,52.490389],[13.358667,52.49039],[13.358432,52.490386],[13.358226,52.490376],[13.358049,52.490364],[13.357814,52.490342],[13.352382,52.48979],[13.352178,52.489763],[13.351922,52.489721],[13.351753,52.489689],[13.351496,52.48965],[13.351137,52.489604],[13.350858,52.489576],[13.349542,52.489438],[13.349019,52.489399],[13.348528,52.489367],[13.348235,52.489341],[13.343527,52.488873],[13.342978,52.488804],[13.342324,52.488702],[13.34201,52.48867],[13.340732,52.488541],[13.340331,52.488501],[13.33953,52.488436],[13.338679,52.488381],[13.338359,52.488354],[13.337142,52.488233],[13.336793,52.488201],[13.336326,52.488154],[13.336124,52.488129],[13.335693,52.488065],[13.332773,52.487563],[13.332463,52.487503]]}},{"type":"Feature","properties":{"k":"platform","name":"Karl-Marx-Straße"},"geometry":{"type":"Polygon","coordinates":[[[13.43943,52.475994],[13.439188,52.476517],[13.439057,52.476778],[13.438888,52.47703],[13.438926,52.477039],[13.438965,52.477047],[13.439134,52.476793],[13.439266,52.476532],[13.439509,52.476009],[13.439469,52.476002],[13.43943,52.475994]]]}},{"type":"Feature","properties":{"k":"track","lvl":"tunnel","lines":"U7","c":"#528DBA","svc":"","bau":0,"name":"U7"},"geometry":{"type":"LineString","coordinates":[[13.441629,52.469727],[13.441147,52.472583],[13.441074,52.472834],[13.44095,52.473116],[13.440351,52.474176],[13.440097,52.474616],[13.439922,52.474966],[13.439682,52.47547]]}},{"type":"Feature","properties":{"k":"track","lvl":"tunnel","lines":"U7","c":"#528DBA","svc":"","bau":0,"name":"U7"},"geometry":{"type":"LineString","coordinates":[[13.438719,52.477342],[13.438553,52.477614],[13.437832,52.478595],[13.437214,52.479434],[13.437096,52.479563],[13.436936,52.479712],[13.436794,52.479828],[13.436524,52.48002],[13.435487,52.480727],[13.434838,52.481164]]}},{"type":"Feature","properties":{"k":"track","lvl":"tunnel","lines":"U7","c":"#528DBA","svc":"","bau":0,"name":"U7"},"geometry":{"type":"LineString","coordinates":[[13.439736,52.475481],[13.439624,52.475739],[13.43953,52.476012],[13.439287,52.476536],[13.439216,52.476676],[13.439154,52.476798],[13.438985,52.477052],[13.438778,52.477356]]}},{"type":"Feature","properties":{"k":"track","lvl":"tunnel","lines":"U7","c":"#528DBA","svc":"","bau":0,"name":"U7"},"geometry":{"type":"LineString","coordinates":[[13.307482,52.498987],[13.307434,52.499167],[13.307411,52.499327],[13.307403,52.499501],[13.307405,52.500005],[13.307405,52.50012],[13.307399,52.500242],[13.307396,52.500361],[13.307401,52.500477],[13.307412,52.500592],[13.307429,52.500718]]}},{"type":"Feature","properties":{"k":"track","lvl":"tunnel","lines":"U7","c":"#528DBA","svc":"","bau":0,"name":"U7"},"geometry":{"type":"LineString","coordinates":[[13.30741,52.498975],[13.307236,52.499502],[13.307179,52.499803],[13.307176,52.499961],[13.307172,52.500184],[13.307197,52.500341],[13.307228,52.500479],[13.307288,52.500682],[13.307369,52.500912],[13.307577,52.501471]]}},{"type":"Feature","properties":{"k":"platform","name":"Adenauerplatz"},"geometry":{"type":"Polygon","coordinates":[[[13.307379,52.500477],[13.307374,52.500361],[13.307377,52.500242],[13.30738,52.500181],[13.307383,52.50012],[13.307382,52.499803],[13.307381,52.499501],[13.307258,52.499503],[13.307201,52.499804],[13.307198,52.499961],[13.307194,52.500184],[13.307195,52.50019],[13.307219,52.50034],[13.30725,52.500477],[13.307379,52.500477]]]}},{"type":"Feature","properties":{"k":"track","lvl":"tunnel","lines":"U7","c":"#528DBA","svc":"","bau":0,"name":"U7"},"geometry":{"type":"LineString","coordinates":[[13.308509,52.495321],[13.308425,52.495507],[13.308366,52.495646],[13.308254,52.495943],[13.308187,52.496155],[13.308138,52.496331],[13.308093,52.496527],[13.307947,52.497295],[13.30792,52.497403],[13.307861,52.497616],[13.30741,52.498975]]}},{"type":"Feature","properties":{"k":"platform","name":"Alt-Mariendorf"},"geometry":{"type":"Polygon","coordinates":[[[13.387346,52.440035],[13.387467,52.440051],[13.38754,52.439845],[13.38759,52.439647],[13.387664,52.439202],[13.387569,52.439191],[13.387443,52.439658],[13.387346,52.440035]]]}},{"type":"Feature","properties":{"k":"track","lvl":"tunnel","lines":"U6","c":"#8C6DAB","svc":"","bau":0,"name":"U6"},"geometry":{"type":"LineString","coordinates":[[13.358544,52.546759],[13.356034,52.54818],[13.355093,52.548713],[13.354236,52.549195]]}},{"type":"Feature","properties":{"k":"track","lvl":"tunnel","lines":"U6","c":"#8C6DAB","svc":"","bau":0,"name":"U6"},"geometry":{"type":"LineString","coordinates":[[13.359731,52.54609],[13.359168,52.546407]]}},{"type":"Feature","properties":{"k":"track","lvl":"tunnel","lines":"U9","c":"#F3791D","svc":"","bau":0,"name":"U9"},"geometry":{"type":"LineString","coordinates":[[13.359915,52.54681],[13.361315,52.547719],[13.36222,52.548283],[13.36372,52.549222],[13.364504,52.549765],[13.365536,52.550422],[13.366008,52.550711],[13.366406,52.550935],[13.366791,52.551138]]}},{"type":"Feature","properties":{"k":"track","lvl":"tunnel","lines":"U9","c":"#F3791D","svc":"","bau":0,"name":"U9"},"geometry":{"type":"LineString","coordinates":[[13.358606,52.545955],[13.358859,52.546113],[13.359224,52.546348],[13.359915,52.54681]]}},{"type":"Feature","properties":{"k":"track","lvl":"tunnel","lines":"U9","c":"#F3791D","svc":"","bau":0,"name":"U9"},"geometry":{"type":"LineString","coordinates":[[13.351219,52.542674],[13.352365,52.543094],[13.35375,52.543612],[13.355001,52.544121],[13.35612,52.544629],[13.357145,52.545135],[13.357613,52.545385],[13.358606,52.545955]]}},{"type":"Feature","properties":{"k":"track","lvl":"tunnel","lines":"U9","c":"#F3791D","svc":"","bau":0,"name":"U9"},"geometry":{"type":"LineString","coordinates":[[13.366688,52.551207],[13.364451,52.549802],[13.363545,52.549273],[13.362089,52.548357],[13.360799,52.547559],[13.360462,52.547347],[13.359726,52.546895],[13.359212,52.546566],[13.359033,52.54645],[13.35875,52.546267],[13.35862,52.546175],[13.35845,52.546043]]}},{"type":"Feature","properties":{"k":"platform","name":"Nauener Platz"},"geometry":{"type":"Polygon","coordinates":[[[13.36671,52.551195],[13.367093,52.551453],[13.367187,52.551516],[13.367542,52.551729],[13.367854,52.551912],[13.367941,52.551862],[13.367624,52.551666],[13.367294,52.551456],[13.367206,52.551401],[13.366771,52.551152],[13.36671,52.551195]]]}},{"type":"Feature","properties":{"k":"track","lvl":"tunnel","lines":"U9","c":"#F3791D","svc":"","bau":0,"name":"U9"},"geometry":{"type":"LineString","coordinates":[[13.366791,52.551138],[13.367227,52.551389],[13.367962,52.55185]]}},{"type":"Feature","properties":{"k":"track","lvl":"tunnel","lines":"U9","c":"#F3791D","svc":"","bau":0,"name":"U9"},"geometry":{"type":"LineString","coordinates":[[13.375823,52.5604],[13.375552,52.560181],[13.375324,52.559974],[13.375107,52.55972],[13.37386,52.558049],[13.373617,52.557749]]}},{"type":"Feature","properties":{"k":"track","lvl":"tunnel","lines":"U2","c":"#DA421E","svc":"","bau":0,"name":""},"geometry":{"type":"LineString","coordinates":[[13.284636,52.510205],[13.284156,52.510178],[13.283709,52.510142],[13.282303,52.510047],[13.281739,52.51002]]}},{"type":"Feature","properties":{"k":"track","lvl":"tunnel","lines":"U2","c":"#DA421E","svc":"","bau":0,"name":""},"geometry":{"type":"LineString","coordinates":[[13.281747,52.509979],[13.283596,52.51009],[13.284599,52.510146]]}},{"type":"Feature","properties":{"k":"platform","name":"Möckernbrücke"},"geometry":{"type":"Polygon","coordinates":[[[13.382263,52.498725],[13.382261,52.498635],[13.382584,52.498648],[13.382809,52.498652],[13.383008,52.498657],[13.383445,52.498659],[13.3838,52.498656],[13.383805,52.49873],[13.383603,52.498742],[13.383407,52.498751],[13.383137,52.498758],[13.382806,52.498754],[13.382517,52.498742],[13.382263,52.498725]]]}},{"type":"Feature","properties":{"k":"track","lvl":"tunnel","lines":"U7","c":"#528DBA","svc":"","bau":0,"name":"U7"},"geometry":{"type":"LineString","coordinates":[[13.38917,52.496874],[13.389084,52.496969],[13.388993,52.497061],[13.388892,52.497152],[13.388787,52.497239],[13.388677,52.497324],[13.388558,52.497405],[13.388435,52.497483],[13.388285,52.497569],[13.388125,52.497652],[13.387986,52.497718],[13.38784,52.49778],[13.387691,52.497839],[13.387502,52.497904],[13.387315,52.497962],[13.387101,52.498022],[13.385204,52.49847],[13.38478,52.498549],[13.38452,52.498586],[13.384288,52.498612],[13.384112,52.498627],[13.383799,52.498642]]}},{"type":"Feature","properties":{"k":"track","lvl":"tunnel","lines":"U8","c":"#224F86","svc":"","bau":0,"name":"U8"},"geometry":{"type":"LineString","coordinates":[[13.380435,52.552573],[13.380703,52.552479],[13.381798,52.552055],[13.38207,52.551949]]}},{"type":"Feature","properties":{"k":"track","lvl":"tunnel","lines":"U7","c":"#528DBA","svc":"","bau":0,"name":"U7"},"geometry":{"type":"LineString","coordinates":[[13.383409,52.498764],[13.383138,52.498771],[13.382806,52.498767],[13.382727,52.498764],[13.382515,52.498755],[13.38226,52.498739]]}},{"type":"Feature","properties":{"k":"track","lvl":"tunnel","lines":"U7","c":"#528DBA","svc":"","bau":0,"name":"U7"},"geometry":{"type":"LineString","coordinates":[[13.383799,52.498642],[13.383446,52.498646],[13.383131,52.498644],[13.383008,52.498643],[13.382585,52.498634],[13.382263,52.498621]]}},{"type":"Feature","properties":{"k":"track","lvl":"ground","lines":"U5","c":"#7E5330","svc":"","bau":0,"name":""},"geometry":{"type":"LineString","coordinates":[[13.558955,52.503889],[13.559238,52.504058],[13.55951,52.50423]]}},{"type":"Feature","properties":{"k":"track","lvl":"ground","lines":"U5","c":"#7E5330","svc":"","bau":0,"name":""},"geometry":{"type":"LineString","coordinates":[[13.559375,52.504294],[13.559098,52.504105],[13.558839,52.503937]]}},{"type":"Feature","properties":{"k":"track","lvl":"tunnel","lines":"U2","c":"#DA421E","svc":"","bau":0,"name":""},"geometry":{"type":"LineString","coordinates":[[13.321406,52.512264],[13.32174,52.512025],[13.322598,52.51138],[13.322776,52.511246]]}},{"type":"Feature","properties":{"k":"track","lvl":"tunnel","lines":"U2","c":"#DA421E","svc":"","bau":0,"name":""},"geometry":{"type":"LineString","coordinates":[[13.321044,52.512468],[13.321115,52.512435],[13.321227,52.512376],[13.321312,52.512325],[13.321406,52.512264]]}},{"type":"Feature","properties":{"k":"track","lvl":"tunnel","lines":"U2","c":"#DA421E","svc":"","bau":0,"name":""},"geometry":{"type":"LineString","coordinates":[[13.32283,52.51127],[13.321962,52.511929],[13.321799,52.512053],[13.321452,52.512293]]}},{"type":"Feature","properties":{"k":"track","lvl":"tunnel","lines":"U2","c":"#DA421E","svc":"","bau":0,"name":""},"geometry":{"type":"LineString","coordinates":[[13.321452,52.512293],[13.32121,52.512438],[13.321122,52.512481],[13.321001,52.512531],[13.320899,52.512565],[13.320791,52.512593],[13.32068,52.512616],[13.320567,52.512631],[13.320453,52.512641]]}},{"type":"Feature","properties":{"k":"track","lvl":"bridge","lines":"U2","c":"#DA421E","svc":"","bau":0,"name":""},"geometry":{"type":"LineString","coordinates":[[13.364439,52.49737],[13.362997,52.497641],[13.362575,52.49772],[13.362506,52.497733],[13.362333,52.497766]]}},{"type":"Feature","properties":{"k":"track","lvl":"bridge","lines":"U2","c":"#DA421E","svc":"","bau":0,"name":""},"geometry":{"type":"LineString","coordinates":[[13.362055,52.497792],[13.362497,52.497706],[13.363173,52.497579],[13.364426,52.497342]]}},{"type":"Feature","properties":{"k":"track","lvl":"bridge","lines":"U2","c":"#DA421E","svc":"","bau":0,"name":""},"geometry":{"type":"LineString","coordinates":[[13.352528,52.499795],[13.354578,52.499363],[13.361719,52.497857],[13.362055,52.497792]]}},{"type":"Feature","properties":{"k":"track","lvl":"bridge","lines":"U2","c":"#DA421E","svc":"","bau":0,"name":""},"geometry":{"type":"LineString","coordinates":[[13.362333,52.497766],[13.361716,52.497886],[13.354403,52.499423],[13.352543,52.499822]]}},{"type":"Feature","properties":{"k":"platform","name":"Bülowstraße"},"geometry":{"type":"Polygon","coordinates":[[[13.362526,52.497648],[13.362535,52.497666],[13.362544,52.497682],[13.363654,52.497473],[13.364222,52.497367],[13.364213,52.497349],[13.364205,52.497332],[13.362526,52.497648]]]}},{"type":"Feature","properties":{"k":"platform","name":"Bülowstraße"},"geometry":{"type":"Polygon","coordinates":[[[13.362569,52.497733],[13.362579,52.497753],[13.362587,52.497769],[13.364269,52.497458],[13.364259,52.497438],[13.364251,52.497421],[13.363679,52.497527],[13.362569,52.497733]]]}},{"type":"Feature","properties":{"k":"track","lvl":"tunnel","lines":"U7","c":"#528DBA","svc":"","bau":0,"name":"U7"},"geometry":{"type":"LineString","coordinates":[[13.307577,52.501471],[13.307711,52.501916],[13.307763,52.502166],[13.307794,52.502435],[13.3078,52.502615],[13.307797,52.502741],[13.307778,52.502921],[13.307747,52.503084],[13.307709,52.503208],[13.307161,52.504937],[13.307098,52.505146],[13.306928,52.505608],[13.30668,52.506302],[13.306604,52.506531],[13.306508,52.506825],[13.306416,52.507118],[13.306391,52.507225],[13.306242,52.507855],[13.305561,52.510077],[13.305472,52.510351]]}},{"type":"Feature","properties":{"k":"track","lvl":"tunnel","lines":"U2","c":"#DA421E","svc":"","bau":0,"name":""},"geometry":{"type":"LineString","coordinates":[[13.304421,52.51143],[13.305758,52.511514],[13.305922,52.511525]]}},{"type":"Feature","properties":{"k":"track","lvl":"tunnel","lines":"U2","c":"#DA421E","svc":"","bau":0,"name":""},"geometry":{"type":"LineString","coordinates":[[13.305909,52.51157],[13.304644,52.511479],[13.304416,52.511467]]}},{"type":"Feature","properties":{"k":"track","lvl":"tunnel","lines":"U2","c":"#DA421E","svc":"","bau":0,"name":""},"geometry":{"type":"LineString","coordinates":[[13.305922,52.511525],[13.307333,52.511558],[13.307759,52.511592],[13.30789,52.511581],[13.308389,52.511607],[13.309557,52.511687],[13.31113,52.511792],[13.311544,52.51182],[13.311712,52.511836],[13.311912,52.511862],[13.3122,52.511902],[13.312319,52.511914],[13.313694,52.512012],[13.313923,52.512041],[13.314184,52.512069],[13.314449,52.512089],[13.314713,52.512104],[13.316077,52.512197],[13.317233,52.512269],[13.317554,52.512292],[13.317932,52.512324],[13.318107,52.512341],[13.318455,52.512379],[13.32013,52.512588],[13.320218,52.512597],[13.320307,52.512601],[13.320396,52.512602],[13.320489,52.512597],[13.320605,52.512585],[13.320722,52.512565],[13.320832,52.512539],[13.320942,52.512506],[13.321044,52.512468]]}},{"type":"Feature","properties":{"k":"track","lvl":"tunnel","lines":"U2","c":"#DA421E","svc":"","bau":0,"name":""},"geometry":{"type":"LineString","coordinates":[[13.304416,52.511467],[13.301631,52.511281],[13.296888,52.510956],[13.295815,52.510892],[13.294979,52.510841],[13.286383,52.510307],[13.285806,52.510271]]}},{"type":"Feature","properties":{"k":"track","lvl":"tunnel","lines":"U7","c":"#528DBA","svc":"","bau":0,"name":"U7"},"geometry":{"type":"LineString","coordinates":[[13.305472,52.510351],[13.305408,52.510527],[13.305228,52.510981],[13.305152,52.51121],[13.305088,52.511407],[13.30505,52.511564],[13.305024,52.511703],[13.304996,52.511901],[13.304977,52.512212],[13.304977,52.512344],[13.304994,52.512733]]}},{"type":"Feature","properties":{"k":"track","lvl":"tunnel","lines":"U2","c":"#DA421E","svc":"","bau":0,"name":""},"geometry":{"type":"LineString","coordinates":[[13.393963,52.513297],[13.393803,52.513245],[13.3937,52.513202],[13.393603,52.513155],[13.39351,52.513101],[13.393428,52.513029],[13.393385,52.512981],[13.393064,52.512643],[13.393003,52.512581],[13.392946,52.512534],[13.392859,52.512476],[13.39278,52.512437],[13.392706,52.512406],[13.392636,52.512381],[13.392565,52.512361],[13.392479,52.51234],[13.392357,52.512316]]}},{"type":"Feature","properties":{"k":"track","lvl":"tunnel","lines":"U2","c":"#DA421E","svc":"","bau":0,"name":""},"geometry":{"type":"LineString","coordinates":[[13.393986,52.513249],[13.394113,52.513275],[13.394224,52.513289],[13.394375,52.513302],[13.39468,52.513313],[13.395119,52.513329],[13.395291,52.513328],[13.395557,52.513307],[13.39577,52.513275],[13.396238,52.513183],[13.396408,52.513156],[13.396569,52.513145],[13.396709,52.513149],[13.396912,52.51315],[13.397132,52.51314]]}},{"type":"Feature","properties":{"k":"platform","name":"Hausvogteiplatz"},"geometry":{"type":"Polygon","coordinates":[[[13.39468,52.513331],[13.394677,52.513345],[13.394676,52.513359],[13.394674,52.513369],[13.395113,52.513394],[13.395306,52.513394],[13.395582,52.513377],[13.395823,52.513338],[13.39627,52.513247],[13.396263,52.513234],[13.396255,52.513216],[13.396245,52.513196],[13.395776,52.513288],[13.395562,52.51332],[13.395294,52.513342],[13.395118,52.513343],[13.39468,52.513327],[13.39468,52.513331]]]}},{"type":"Feature","properties":{"k":"track","lvl":"tunnel","lines":"U2","c":"#DA421E","svc":"","bau":0,"name":""},"geometry":{"type":"LineString","coordinates":[[13.402932,52.51138],[13.402548,52.511394],[13.402281,52.511407],[13.402094,52.511423],[13.401949,52.511439],[13.401727,52.511473],[13.401556,52.511504],[13.401384,52.511551],[13.401188,52.511622],[13.397997,52.512918],[13.397664,52.513061],[13.397489,52.513135],[13.397328,52.513174],[13.397183,52.513194]]}},{"type":"Feature","properties":{"k":"track","lvl":"tunnel","lines":"U2","c":"#DA421E","svc":"","bau":0,"name":""},"geometry":{"type":"LineString","coordinates":[[13.397132,52.51314],[13.39731,52.513123],[13.397467,52.513094],[13.397636,52.51304],[13.397971,52.512891],[13.401163,52.511592],[13.401364,52.511516],[13.401481,52.511478],[13.401668,52.511425],[13.401899,52.511372],[13.402057,52.511343],[13.402271,52.511315],[13.402551,52.511297],[13.402925,52.511286]]}},{"type":"Feature","properties":{"k":"track","lvl":"tunnel","lines":"U7","c":"#528DBA","svc":"","bau":0,"name":"U7"},"geometry":{"type":"LineString","coordinates":[[13.315425,52.489479],[13.315109,52.489717],[13.314773,52.489967],[13.314398,52.490237],[13.313723,52.490725]]}},{"type":"Feature","properties":{"k":"track","lvl":"tunnel","lines":"U7","c":"#528DBA","svc":"","bau":0,"name":"U7"},"geometry":{"type":"LineString","coordinates":[[13.313723,52.490725],[13.313232,52.491091],[13.310282,52.493284],[13.310021,52.493496],[13.309812,52.493669]]}},{"type":"Feature","properties":{"k":"track","lvl":"tunnel","lines":"U3","c":"#16683D","svc":"","bau":0,"name":"U3"},"geometry":{"type":"LineString","coordinates":[[13.314192,52.489309],[13.314262,52.489484],[13.314311,52.489589],[13.31438,52.489709],[13.314459,52.489825],[13.314538,52.489924],[13.314795,52.490187],[13.315105,52.490412],[13.315304,52.490544],[13.315458,52.490635],[13.315597,52.490708],[13.315714,52.490767],[13.315858,52.490834]]}},{"type":"Feature","properties":{"k":"track","lvl":"tunnel","lines":"U3","c":"#16683D","svc":"","bau":0,"name":"U3"},"geometry":{"type":"LineString","coordinates":[[13.313677,52.483816],[13.313793,52.485625],[13.313821,52.486054],[13.313826,52.486141],[13.313884,52.487034],[13.313911,52.48743],[13.313965,52.488112],[13.313999,52.488309],[13.314036,52.488505],[13.314069,52.488792],[13.314081,52.488882],[13.314098,52.488972],[13.314131,52.489115],[13.314163,52.489221],[13.314192,52.489309]]}},{"type":"Feature","properties":{"k":"platform","name":"Pankstraße"},"geometry":{"type":"Polygon","coordinates":[[[13.380669,52.552536],[13.380717,52.552582],[13.382216,52.552009],[13.382168,52.551963],[13.380669,52.552536]]]}},{"type":"Feature","properties":{"k":"track","lvl":"tunnel","lines":"U8","c":"#224F86","svc":"","bau":0,"name":"U8"},"geometry":{"type":"LineString","coordinates":[[13.382168,52.552044],[13.381293,52.552397],[13.380802,52.552565],[13.380507,52.552653]]}},{"type":"Feature","properties":{"k":"track","lvl":"tunnel","lines":"U8","c":"#224F86","svc":"","bau":0,"name":"U8"},"geometry":{"type":"LineString","coordinates":[[13.38207,52.551949],[13.382578,52.551739],[13.383014,52.551529],[13.383428,52.551294],[13.384382,52.550724],[13.385743,52.549911],[13.385976,52.549791],[13.386158,52.549712],[13.387142,52.549366]]}},{"type":"Feature","properties":{"k":"track","lvl":"tunnel","lines":"U5","c":"#7E5330","svc":"","bau":0,"name":""},"geometry":{"type":"LineString","coordinates":[[13.525615,52.495075],[13.525339,52.495165],[13.52504,52.495291],[13.524794,52.495424],[13.524685,52.495494],[13.524548,52.495593],[13.524458,52.495668],[13.524355,52.495765],[13.524289,52.495835],[13.524251,52.495879],[13.524141,52.496069],[13.523508,52.497067],[13.522854,52.498109],[13.522677,52.498391],[13.522625,52.498461],[13.522235,52.498957],[13.521797,52.499645]]}},{"type":"Feature","properties":{"k":"track","lvl":"tunnel","lines":"U9","c":"#F3791D","svc":"","bau":0,"name":"Linie G"},"geometry":{"type":"LineString","coordinates":[[13.34216,52.517008],[13.342206,52.516733],[13.342222,52.516475],[13.342213,52.516212],[13.342151,52.515841],[13.342058,52.515495],[13.341857,52.515008],[13.341657,52.514622],[13.341511,52.514388],[13.341347,52.514155],[13.340995,52.513716],[13.340677,52.513378],[13.340379,52.513101],[13.339986,52.512779],[13.339613,52.512512],[13.338912,52.512086],[13.338137,52.511667],[13.337197,52.511165],[13.33683,52.510965],[13.336253,52.510652],[13.335596,52.510262],[13.335244,52.509985],[13.334926,52.509693],[13.334831,52.509591],[13.334532,52.509267],[13.334159,52.508797]]}},{"type":"Feature","properties":{"k":"track","lvl":"tunnel","lines":"U9","c":"#F3791D","svc":"","bau":0,"name":"Linie G"},"geometry":{"type":"LineString","coordinates":[[13.342316,52.517014],[13.342261,52.517373],[13.342123,52.518085],[13.342062,52.518377],[13.342009,52.51861]]}},{"type":"Feature","properties":{"k":"track","lvl":"tunnel","lines":"U9","c":"#F3791D","svc":"","bau":0,"name":"U9"},"geometry":{"type":"LineString","coordinates":[[13.341303,52.531404],[13.341321,52.528741],[13.341321,52.527395],[13.341307,52.527194],[13.341286,52.526891],[13.341282,52.526594],[13.341262,52.526425],[13.341185,52.525988],[13.341139,52.525776],[13.341102,52.525604],[13.340997,52.524893],[13.340938,52.524557],[13.340908,52.524179],[13.340922,52.523869],[13.340983,52.523456],[13.341098,52.522737],[13.34119,52.522111],[13.34145,52.5208],[13.341807,52.519026],[13.341849,52.518606]]}},{"type":"Feature","properties":{"k":"track","lvl":"tunnel","lines":"U7","c":"#528DBA","svc":"","bau":0,"name":"U7"},"geometry":{"type":"LineString","coordinates":[[13.304994,52.512733],[13.305037,52.512948],[13.305096,52.51318],[13.305188,52.513443],[13.3053,52.513683],[13.305453,52.513956],[13.305638,52.514238],[13.305836,52.514523],[13.306247,52.515097],[13.306335,52.51525],[13.306454,52.515511],[13.306524,52.515779],[13.306551,52.516158],[13.306525,52.516529],[13.306505,52.51669],[13.306409,52.517494],[13.306334,52.51811],[13.306296,52.518547],[13.306275,52.51879],[13.306273,52.519031],[13.306299,52.519258],[13.306346,52.519507],[13.30642,52.519825],[13.306449,52.519951],[13.306493,52.520183],[13.306522,52.520418],[13.30653,52.520616],[13.306529,52.520779],[13.306514,52.520933],[13.306479,52.521176],[13.30645,52.521318],[13.306406,52.52146],[13.306335,52.521672],[13.306055,52.522407],[13.306013,52.522547],[13.305978,52.522707],[13.305959,52.522868],[13.305947,52.523011],[13.305939,52.523191],[13.305941,52.523317],[13.306001,52.524016],[13.306009,52.524251],[13.305999,52.524394],[13.305987,52.524502],[13.305965,52.524628],[13.305943,52.524718],[13.305907,52.524824],[13.305859,52.524946],[13.305815,52.525051],[13.305773,52.525137],[13.305716,52.525241],[13.305664,52.525325],[13.305593,52.525425],[13.305471,52.52558],[13.305338,52.525733],[13.305194,52.525878],[13.305036,52.526024],[13.304835,52.526193],[13.30467,52.526326],[13.304468,52.526474],[13.304292,52.526601],[13.304011,52.526787],[13.303268,52.527264],[13.303031,52.527412],[13.30278,52.527583],[13.302577,52.527736],[13.3024,52.527881],[13.302217,52.528041],[13.30206,52.528194],[13.3019,52.528363],[13.301775,52.528509],[13.301629,52.528701],[13.301513,52.52887],[13.301421,52.529022],[13.301068,52.529627],[13.300942,52.529888]]}},{"type":"Feature","properties":{"k":"track","lvl":"tunnel","lines":"U7","c":"#528DBA","svc":"","bau":0,"name":"U7"},"geometry":{"type":"LineString","coordinates":[[13.297467,52.535726],[13.297281,52.535777],[13.297059,52.535829],[13.296896,52.535865],[13.29656,52.535927],[13.296413,52.535953],[13.29622,52.535983],[13.295849,52.536038],[13.295111,52.536136],[13.294752,52.536178],[13.29446,52.536219],[13.29318,52.536343],[13.29286,52.536374],[13.292571,52.536404],[13.291524,52.536512],[13.290681,52.536597],[13.290183,52.536636],[13.289834,52.536659],[13.289481,52.536678],[13.289188,52.536689],[13.288747,52.536696],[13.28851,52.536696],[13.287035,52.536689],[13.285911,52.536682],[13.285655,52.536679],[13.285421,52.536668],[13.285061,52.536654],[13.284794,52.536649],[13.284616,52.53665],[13.284381,52.536654],[13.283762,52.536674],[13.282879,52.536711]]}},{"type":"Feature","properties":{"k":"track","lvl":"tunnel","lines":"U7","c":"#528DBA","svc":"","bau":0,"name":"U7"},"geometry":{"type":"LineString","coordinates":[[13.297515,52.535682],[13.297383,52.535721],[13.297193,52.535772],[13.297026,52.535814],[13.296887,52.535845],[13.296719,52.535879],[13.296442,52.535925],[13.295996,52.535984],[13.295545,52.536036],[13.295194,52.536068],[13.294828,52.536095],[13.294436,52.536109],[13.293736,52.536178],[13.292839,52.53627],[13.292547,52.536305]]}},{"type":"Feature","properties":{"k":"platform","name":"Jakob-Kaiser-Platz"},"geometry":{"type":"Polygon","coordinates":[[[13.292843,52.536282],[13.292863,52.536361],[13.293144,52.536333],[13.293561,52.536293],[13.293891,52.53626],[13.294249,52.536225],[13.294458,52.536205],[13.294438,52.536126],[13.294228,52.536146],[13.293867,52.536182],[13.29354,52.536214],[13.293123,52.536254],[13.292843,52.536282]]]}},{"type":"Feature","properties":{"k":"track","lvl":"tunnel","lines":"U7","c":"#528DBA","svc":"","bau":0,"name":"U7"},"geometry":{"type":"LineString","coordinates":[[13.452986,52.429835],[13.452157,52.430428],[13.451706,52.430891],[13.451427,52.431179],[13.451148,52.431509],[13.450824,52.431884],[13.450548,52.432262],[13.450272,52.432671],[13.450031,52.433112],[13.449651,52.433932],[13.449398,52.434533],[13.449026,52.435533],[13.448821,52.436225],[13.448657,52.43674],[13.448498,52.437303],[13.448096,52.438233],[13.448057,52.438325],[13.447809,52.43891]]}},{"type":"Feature","properties":{"k":"track","lvl":"tunnel","lines":"U7","c":"#528DBA","svc":"","bau":0,"name":"U7"},"geometry":{"type":"LineString","coordinates":[[13.455488,52.42776],[13.455058,52.428058],[13.454132,52.428794],[13.453264,52.429577],[13.452986,52.429835]]}},{"type":"Feature","properties":{"k":"track","lvl":"tunnel","lines":"U7","c":"#528DBA","svc":"","bau":0,"name":"U7"},"geometry":{"type":"LineString","coordinates":[[13.455232,52.427637],[13.454814,52.427931],[13.453881,52.42869],[13.453533,52.429004],[13.452714,52.429743]]}},{"type":"Feature","properties":{"k":"track","lvl":"tunnel","lines":"U7","c":"#528DBA","svc":"","bau":0,"name":"U7"},"geometry":{"type":"LineString","coordinates":[[13.461259,52.425085],[13.459167,52.42583],[13.456975,52.426923],[13.455232,52.427637]]}},{"type":"Feature","properties":{"k":"track","lvl":"tunnel","lines":"U7","c":"#528DBA","svc":"","bau":0,"name":"U7"},"geometry":{"type":"LineString","coordinates":[[13.463245,52.424404],[13.462723,52.424583]]}},{"type":"Feature","properties":{"k":"track","lvl":"tunnel","lines":"U7","c":"#528DBA","svc":"","bau":0,"name":"U7"},"geometry":{"type":"LineString","coordinates":[[13.463201,52.424521],[13.461909,52.424964],[13.461352,52.425157]]}},{"type":"Feature","properties":{"k":"track","lvl":"tunnel","lines":"U7","c":"#528DBA","svc":"","bau":0,"name":"U7"},"geometry":{"type":"LineString","coordinates":[[13.461352,52.425157],[13.459373,52.425933],[13.45725,52.427062],[13.455488,52.42776]]}},{"type":"Feature","properties":{"k":"track","lvl":"tunnel","lines":"U7","c":"#528DBA","svc":"","bau":0,"name":"U7"},"geometry":{"type":"LineString","coordinates":[[13.462723,52.424583],[13.461259,52.425085]]}},{"type":"Feature","properties":{"k":"platform","name":"Birkenstraße"},"geometry":{"type":"Polygon","coordinates":[[[13.341268,52.53265],[13.341304,52.532649],[13.341354,52.532649],[13.341381,52.532452],[13.341379,52.532253],[13.341375,52.532063],[13.341382,52.531793],[13.341364,52.531663],[13.341293,52.531663],[13.341268,52.53206],[13.341265,52.532099],[13.341266,52.532253],[13.341268,52.53265]]]}},{"type":"Feature","properties":{"k":"track","lvl":"tunnel","lines":"U9","c":"#F3791D","svc":"","bau":0,"name":"U9"},"geometry":{"type":"LineString","coordinates":[[13.341362,52.532826],[13.341312,52.533246],[13.341306,52.533667],[13.341345,52.534038],[13.34141,52.534315],[13.341573,52.534719],[13.341594,52.534763]]}},{"type":"Feature","properties":{"k":"track","lvl":"tunnel","lines":"U9","c":"#F3791D","svc":"","bau":0,"name":"U9"},"geometry":{"type":"LineString","coordinates":[[13.341368,52.531416],[13.341393,52.531661],[13.341411,52.531792],[13.34141,52.532453],[13.341362,52.532826]]}},{"type":"Feature","properties":{"k":"track","lvl":"tunnel","lines":"U9","c":"#F3791D","svc":"","bau":0,"name":"U9"},"geometry":{"type":"LineString","coordinates":[[13.341239,52.532817],[13.341239,52.532794],[13.341238,52.532667],[13.341235,52.532099],[13.341263,52.531662],[13.341303,52.531404]]}},{"type":"Feature","properties":{"k":"platform","name":"Blaschkoallee"},"geometry":{"type":"Polygon","coordinates":[[[13.449012,52.452663],[13.449036,52.452665],[13.449065,52.452668],[13.449087,52.45267],[13.449207,52.4522],[13.449355,52.451598],[13.449332,52.451596],[13.449303,52.451593],[13.44928,52.451591],[13.449131,52.452193],[13.449012,52.452663]]]}},{"type":"Feature","properties":{"k":"track","lvl":"tunnel","lines":"U7","c":"#528DBA","svc":"","bau":0,"name":"U7"},"geometry":{"type":"LineString","coordinates":[[13.448841,52.453052],[13.448542,52.454054],[13.448346,52.454776],[13.448286,52.45503],[13.448246,52.455348],[13.448267,52.455717],[13.448321,52.455982],[13.448425,52.456306],[13.448502,52.456572],[13.448551,52.456837],[13.448569,52.457148],[13.448533,52.457433]]}},{"type":"Feature","properties":{"k":"track","lvl":"tunnel","lines":"U7","c":"#528DBA","svc":"","bau":0,"name":"U7"},"geometry":{"type":"LineString","coordinates":[[13.449794,52.450154],[13.44938,52.4516],[13.44926,52.452087],[13.449107,52.452687],[13.448927,52.453069]]}},{"type":"Feature","properties":{"k":"track","lvl":"tunnel","lines":"U7","c":"#528DBA","svc":"","bau":0,"name":"U7"},"geometry":{"type":"LineString","coordinates":[[13.449353,52.451237],[13.449258,52.451588],[13.44914,52.452074],[13.448987,52.452669],[13.448841,52.453052]]}},{"type":"Feature","properties":{"k":"platform","name":"Blissestraße"},"geometry":{"type":"Polygon","coordinates":[[[13.321122,52.486411],[13.321129,52.486432],[13.321135,52.48645],[13.321138,52.486457],[13.32114,52.486464],[13.321142,52.486472],[13.321147,52.486492],[13.321329,52.486473],[13.321612,52.486453],[13.321978,52.48644],[13.322356,52.486435],[13.322672,52.486441],[13.322673,52.48641],[13.322673,52.486385],[13.322674,52.486351],[13.322548,52.486345],[13.322263,52.486338],[13.32196,52.486339],[13.321748,52.486346],[13.321594,52.486357],[13.321376,52.486379],[13.321174,52.486404],[13.321122,52.486411]]]}},{"type":"Feature","properties":{"k":"track","lvl":"tunnel","lines":"U7","c":"#528DBA","svc":"","bau":0,"name":"U7"},"geometry":{"type":"LineString","coordinates":[[13.321591,52.486344],[13.321372,52.486365],[13.321169,52.48639],[13.320986,52.486416],[13.320781,52.486453],[13.320686,52.48648],[13.32047,52.486538],[13.320239,52.486615],[13.320042,52.486693],[13.319856,52.486778],[13.3197,52.48686],[13.319513,52.486973]]}},{"type":"Feature","properties":{"k":"track","lvl":"tunnel","lines":"U7","c":"#528DBA","svc":"","bau":0,"name":"U7"},"geometry":{"type":"LineString","coordinates":[[13.321331,52.486486],[13.321031,52.486519],[13.320772,52.486554],[13.320602,52.486595],[13.320511,52.48662],[13.320362,52.486663],[13.320154,52.486734],[13.319932,52.486827],[13.319771,52.486907],[13.319602,52.487007],[13.319171,52.487277],[13.318118,52.487879],[13.31658,52.488771],[13.316369,52.488897],[13.316126,52.489054],[13.315934,52.489192],[13.315732,52.489348],[13.315372,52.489653],[13.315186,52.489816],[13.314934,52.490048],[13.314527,52.49038],[13.314109,52.490678],[13.313913,52.490819],[13.313419,52.491172],[13.312743,52.491661],[13.311267,52.492763],[13.310666,52.493198],[13.310337,52.493454],[13.310025,52.493715],[13.309773,52.493939],[13.309735,52.493974],[13.309568,52.494134]]}},{"type":"Feature","properties":{"k":"track","lvl":"tunnel","lines":"U7","c":"#528DBA","svc":"","bau":0,"name":"U7"},"geometry":{"type":"LineString","coordinates":[[13.319513,52.486973],[13.318084,52.487829],[13.316392,52.488804],[13.316127,52.488972],[13.315892,52.489132],[13.315721,52.489255],[13.315425,52.489479]]}},{"type":"Feature","properties":{"k":"platform","name":"Breitenbachplatz"},"geometry":{"type":"Polygon","coordinates":[[[13.308127,52.466662],[13.308689,52.466971],[13.308852,52.467062],[13.309441,52.467386],[13.309452,52.467378],[13.309479,52.46736],[13.309504,52.467343],[13.309514,52.467336],[13.308926,52.467013],[13.308761,52.466922],[13.3082,52.466613],[13.308189,52.46662],[13.308163,52.466637],[13.308135,52.466656],[13.308127,52.466662]]]}},{"type":"Feature","properties":{"k":"track","lvl":"tunnel","lines":"U3","c":"#16683D","svc":"","bau":0,"name":"U3"},"geometry":{"type":"LineString","coordinates":[[13.3102,52.467717],[13.310332,52.467813],[13.31069,52.468095],[13.310951,52.468316],[13.311174,52.468523],[13.3113,52.468645],[13.311409,52.468773],[13.311514,52.468884],[13.312338,52.469627],[13.312496,52.469778],[13.312556,52.46984],[13.313068,52.470386],[13.313223,52.470566],[13.314044,52.471696],[13.314137,52.471847],[13.314209,52.471989],[13.314277,52.472145],[13.314336,52.472284],[13.314378,52.472389],[13.314424,52.472512],[13.314443,52.472617],[13.314466,52.472807],[13.31453,52.473837],[13.314537,52.473945],[13.314517,52.474231],[13.314478,52.474408],[13.314462,52.47448],[13.314439,52.474567],[13.314414,52.474661],[13.314361,52.474879],[13.314286,52.475182],[13.314209,52.475435],[13.314139,52.475624],[13.314067,52.475804],[13.313957,52.476065],[13.313862,52.476271],[13.313779,52.476445],[13.313609,52.476788],[13.313493,52.477023],[13.313417,52.477159],[13.312611,52.478492],[13.312577,52.478561],[13.312547,52.478632],[13.312524,52.478704],[13.312511,52.478794],[13.312512,52.47891]]}},{"type":"Feature","properties":{"k":"track","lvl":"tunnel","lines":"U3","c":"#16683D","svc":"","bau":0,"name":"U3"},"geometry":{"type":"LineString","coordinates":[[13.31005,52.467784],[13.309953,52.467714],[13.30982,52.467634],[13.309531,52.467453],[13.308757,52.467028],[13.307973,52.466597],[13.307602,52.46637]]}},{"type":"Feature","properties":{"k":"track","lvl":"tunnel","lines":"U3","c":"#16683D","svc":"","bau":0,"name":"U3"},"geometry":{"type":"LineString","coordinates":[[13.307647,52.466345],[13.308044,52.466508],[13.308878,52.466966],[13.309643,52.46739],[13.309941,52.467548],[13.3102,52.467717]]}},{"type":"Feature","properties":{"k":"platform","name":"Berliner Straße"},"geometry":{"type":"Polygon","coordinates":[[[13.330946,52.486773],[13.330941,52.487289],[13.330941,52.487322],[13.330933,52.487858],[13.330982,52.487858],[13.330982,52.487824],[13.330982,52.487811],[13.330982,52.487797],[13.330989,52.487322],[13.33099,52.487289],[13.330994,52.486773],[13.330946,52.486773]]]}},{"type":"Feature","properties":{"k":"platform","name":"Berliner Straße"},"geometry":{"type":"Polygon","coordinates":[[[13.331993,52.487413],[13.331204,52.487286],[13.330901,52.487237],[13.330605,52.487187],[13.330192,52.48714],[13.330165,52.487202],[13.330563,52.487278],[13.330863,52.487327],[13.331167,52.487369],[13.331955,52.487503],[13.331993,52.487413]]]}},{"type":"Feature","properties":{"k":"track","lvl":"tunnel","lines":"U9","c":"#F3791D","svc":"","bau":0,"name":""},"geometry":{"type":"LineString","coordinates":[[13.328766,52.479967],[13.328789,52.480332],[13.328855,52.480602],[13.328961,52.480834],[13.32916,52.481142],[13.329327,52.481371],[13.330627,52.483159],[13.330764,52.483372],[13.330991,52.483842],[13.331067,52.484067],[13.331141,52.484303],[13.331193,52.484533],[13.331236,52.484989],[13.331208,52.486732],[13.33118,52.487471],[13.331159,52.487996],[13.331146,52.488374]]}},{"type":"Feature","properties":{"k":"track","lvl":"tunnel","lines":"U7","c":"#528DBA","svc":"","bau":0,"name":"U7"},"geometry":{"type":"LineString","coordinates":[[13.332463,52.487503],[13.331998,52.4874],[13.331606,52.487337],[13.330061,52.487087],[13.328727,52.486871]]}},{"type":"Feature","properties":{"k":"track","lvl":"tunnel","lines":"U7","c":"#528DBA","svc":"","bau":0,"name":"U7"},"geometry":{"type":"LineString","coordinates":[[13.38226,52.498739],[13.380794,52.498682],[13.380531,52.498671],[13.380327,52.498656],[13.380065,52.49863],[13.379865,52.498604],[13.379638,52.498569],[13.379414,52.498526],[13.379192,52.498478],[13.378975,52.498424],[13.378737,52.498355],[13.378505,52.498273],[13.378311,52.498193],[13.378101,52.498095],[13.377824,52.497967],[13.377577,52.497821],[13.377392,52.497706],[13.377153,52.497549],[13.37698,52.4974],[13.376804,52.497228],[13.376605,52.496997],[13.376467,52.49677],[13.376279,52.496286],[13.376031,52.49533],[13.37593,52.495104],[13.375818,52.494907],[13.375658,52.494695],[13.375471,52.494513],[13.375136,52.494258],[13.374774,52.494032],[13.374386,52.493821],[13.374017,52.493645],[13.373712,52.493517],[13.373402,52.493399],[13.372853,52.493233],[13.372493,52.493157],[13.37221,52.493111],[13.371869,52.493075],[13.371709,52.493066],[13.371586,52.493062],[13.371203,52.493055],[13.370791,52.493054],[13.370379,52.493045],[13.370059,52.493029],[13.369833,52.493013],[13.369634,52.492999],[13.369406,52.492968],[13.369151,52.492921],[13.368936,52.492877],[13.368756,52.492825],[13.368526,52.492747],[13.36833,52.492669],[13.368166,52.492595],[13.367965,52.492491],[13.367721,52.492337],[13.367548,52.492215],[13.367166,52.491918],[13.366954,52.491746],[13.366788,52.491619],[13.36659,52.491485],[13.366377,52.491359],[13.3662,52.491263],[13.365992,52.491163],[13.36578,52.491065],[13.365678,52.491026],[13.365473,52.490953],[13.365236,52.490881],[13.364962,52.490812],[13.36468,52.490755],[13.364425,52.490714],[13.364108,52.490668],[13.363762,52.490622],[13.363415,52.490583],[13.362113,52.490434],[13.361819,52.490409],[13.361524,52.490396],[13.361286,52.490393],[13.361019,52.490399],[13.360652,52.490411],[13.359844,52.490454],[13.359429,52.490468],[13.358973,52.490465],[13.358561,52.49045],[13.358211,52.490425],[13.358008,52.490407],[13.352113,52.489805],[13.351838,52.48978],[13.35111,52.489705],[13.349802,52.489571],[13.349512,52.489541],[13.349115,52.489501],[13.348538,52.489427],[13.347903,52.489351],[13.343482,52.48891],[13.342605,52.488846],[13.342297,52.488818],[13.340991,52.488691],[13.340698,52.488661],[13.340139,52.488609],[13.339646,52.488551],[13.339098,52.488479],[13.338584,52.488427],[13.337164,52.488288],[13.336563,52.488232],[13.336161,52.488185],[13.335846,52.488141],[13.332785,52.48762],[13.332413,52.487569]]}},{"type":"Feature","properties":{"k":"track","lvl":"tunnel","lines":"U7","c":"#528DBA","svc":"","bau":0,"name":"U7"},"geometry":{"type":"LineString","coordinates":[[13.328727,52.486871],[13.327252,52.48659],[13.327023,52.486547],[13.326827,52.486517],[13.326571,52.486486],[13.326367,52.486468],[13.326164,52.486457],[13.325957,52.48645],[13.325663,52.486447],[13.325311,52.486449],[13.324898,52.486454],[13.324544,52.486453],[13.324309,52.486445],[13.324043,52.486432],[13.32372,52.48642],[13.323545,52.486412],[13.323258,52.486385],[13.322797,52.486344],[13.32255,52.486331],[13.322264,52.486324],[13.32196,52.486326],[13.321747,52.486333],[13.321591,52.486344]]}},{"type":"Feature","properties":{"k":"track","lvl":"tunnel","lines":"U3","c":"#16683D","svc":"","bau":0,"name":"U3"},"geometry":{"type":"LineString","coordinates":[[13.289898,52.457693],[13.289791,52.457586],[13.28968,52.457461],[13.289517,52.45728],[13.289343,52.457091],[13.289234,52.45697],[13.289128,52.456843],[13.289032,52.456718],[13.288943,52.456593]]}},{"type":"Feature","properties":{"k":"track","lvl":"ground","lines":"","c":"#8a8a8a","svc":"","bau":1,"name":""},"geometry":{"type":"LineString","coordinates":[[13.29539,52.576363],[13.29561,52.57609],[13.295825,52.575865],[13.296043,52.575648],[13.296192,52.575513],[13.296298,52.575416],[13.296492,52.575241],[13.296867,52.57495],[13.297251,52.574677],[13.297858,52.574281],[13.298445,52.573887]]}},{"type":"Feature","properties":{"k":"track","lvl":"tunnel","lines":"","c":"#8a8a8a","svc":"","bau":1,"name":""},"geometry":{"type":"LineString","coordinates":[[13.282937,52.590222],[13.282689,52.590622],[13.282403,52.591039]]}},{"type":"Feature","properties":{"k":"track","lvl":"tunnel","lines":"","c":"#8a8a8a","svc":"","bau":1,"name":""},"geometry":{"type":"LineString","coordinates":[[13.282331,52.590936],[13.282689,52.590622],[13.283011,52.590348]]}},{"type":"Feature","properties":{"k":"track","lvl":"ground","lines":"U5","c":"#7E5330","svc":"","bau":0,"name":""},"geometry":{"type":"LineString","coordinates":[[13.573957,52.512614],[13.575165,52.512596]]}},{"type":"Feature","properties":{"k":"track","lvl":"ground","lines":"U5","c":"#7E5330","svc":"","bau":0,"name":""},"geometry":{"type":"LineString","coordinates":[[13.575165,52.512596],[13.576085,52.51258],[13.57636,52.512576]]}},{"type":"Feature","properties":{"k":"track","lvl":"ground","lines":"U5","c":"#7E5330","svc":"","bau":0,"name":""},"geometry":{"type":"LineString","coordinates":[[13.576595,52.512614],[13.57636,52.512617]]}},{"type":"Feature","properties":{"k":"track","lvl":"ground","lines":"U5","c":"#7E5330","svc":"","bau":0,"name":""},"geometry":{"type":"LineString","coordinates":[[13.574073,52.512649],[13.573934,52.51265],[13.573572,52.512651]]}},{"type":"Feature","properties":{"k":"track","lvl":"tunnel","lines":"U5","c":"#7E5330","svc":"","bau":0,"name":""},"geometry":{"type":"LineString","coordinates":[[13.500042,52.510802],[13.499695,52.510912],[13.499482,52.510972],[13.499339,52.511009],[13.498957,52.511102],[13.498659,52.511162],[13.497903,52.5113],[13.497522,52.51137],[13.497394,52.511392],[13.496897,52.511474]]}},{"type":"Feature","properties":{"k":"track","lvl":"tunnel","lines":"U5","c":"#7E5330","svc":"","bau":0,"name":""},"geometry":{"type":"LineString","coordinates":[[13.49686,52.511403],[13.497364,52.51129],[13.497475,52.511268],[13.498895,52.511003],[13.499303,52.510929],[13.499605,52.510869],[13.499717,52.510844],[13.499828,52.510815],[13.500011,52.51076]]}},{"type":"Feature","properties":{"k":"track","lvl":"tunnel","lines":"U9","c":"#F3791D","svc":"","bau":0,"name":""},"geometry":{"type":"LineString","coordinates":[[13.331146,52.488374],[13.331126,52.489243],[13.331145,52.490097],[13.331129,52.490921],[13.331122,52.491211],[13.331102,52.492093],[13.33109,52.492908],[13.33108,52.493412],[13.331032,52.494924],[13.331029,52.494998],[13.331011,52.495466],[13.33096,52.495907],[13.330901,52.496386],[13.330835,52.498396],[13.330828,52.498599],[13.330862,52.499477],[13.330895,52.500015],[13.331072,52.501242],[13.33126,52.50218],[13.331501,52.503802]]}},{"type":"Feature","properties":{"k":"track","lvl":"ground","lines":"","c":"#8a8a8a","svc":"yard","bau":0,"name":""},"geometry":{"type":"LineString","coordinates":[[13.516196,52.503019],[13.515525,52.503521]]}},{"type":"Feature","properties":{"k":"track","lvl":"ground","lines":"","c":"#8a8a8a","svc":"yard","bau":0,"name":""},"geometry":{"type":"LineString","coordinates":[[13.515861,52.503542],[13.515571,52.503733]]}},{"type":"Feature","properties":{"k":"track","lvl":"ground","lines":"","c":"#8a8a8a","svc":"yard","bau":0,"name":""},"geometry":{"type":"LineString","coordinates":[[13.515795,52.50353],[13.516004,52.503262]]}},{"type":"Feature","properties":{"k":"track","lvl":"tunnel","lines":"","c":"#8a8a8a","svc":"yard","bau":0,"name":""},"geometry":{"type":"LineString","coordinates":[[13.51376,52.505186],[13.514097,52.504993],[13.514229,52.504835]]}},{"type":"Feature","properties":{"k":"track","lvl":"ground","lines":"","c":"#8a8a8a","svc":"yard","bau":0,"name":""},"geometry":{"type":"LineString","coordinates":[[13.516218,52.503059],[13.516373,52.502824]]}},{"type":"Feature","properties":{"k":"track","lvl":"ground","lines":"","c":"#8a8a8a","svc":"yard","bau":0,"name":""},"geometry":{"type":"LineString","coordinates":[[13.516196,52.503019],[13.515746,52.503442],[13.51556,52.503614],[13.515264,52.50389]]}},{"type":"Feature","properties":{"k":"track","lvl":"ground","lines":"","c":"#8a8a8a","svc":"yard","bau":0,"name":""},"geometry":{"type":"LineString","coordinates":[[13.517431,52.501176],[13.517806,52.500956],[13.518005,52.500845]]}},{"type":"Feature","properties":{"k":"track","lvl":"ground","lines":"","c":"#8a8a8a","svc":"yard","bau":0,"name":""},"geometry":{"type":"LineString","coordinates":[[13.515564,52.503669],[13.515264,52.50389],[13.514229,52.504835]]}},{"type":"Feature","properties":{"k":"track","lvl":"ground","lines":"","c":"#8a8a8a","svc":"crossover","bau":0,"name":""},"geometry":{"type":"LineString","coordinates":[[13.549001,52.500308],[13.5488,52.500257],[13.548606,52.500211],[13.54831,52.500148],[13.548112,52.500103],[13.547913,52.500054]]}},{"type":"Feature","properties":{"k":"track","lvl":"tunnel","lines":"U4","c":"#F0D722","svc":"","bau":0,"name":"U4"},"geometry":{"type":"LineString","coordinates":[[13.341814,52.483391],[13.341957,52.482992],[13.342023,52.482805]]}},{"type":"Feature","properties":{"k":"track","lvl":"tunnel","lines":"U5","c":"#7E5330","svc":"","bau":0,"name":""},"geometry":{"type":"LineString","coordinates":[[13.372847,52.520637],[13.372666,52.520976],[13.372564,52.521139],[13.372451,52.521297],[13.372317,52.521471],[13.372213,52.521605],[13.372121,52.521743],[13.372038,52.521879],[13.371961,52.522019],[13.371819,52.522296],[13.371749,52.522447],[13.371696,52.522559],[13.371621,52.522711],[13.371551,52.522867],[13.371494,52.523021],[13.371442,52.523176],[13.371355,52.523436],[13.371256,52.523671],[13.370983,52.524229],[13.370817,52.524535],[13.370609,52.524799]]}},{"type":"Feature","properties":{"k":"track","lvl":"tunnel","lines":"U5","c":"#7E5330","svc":"","bau":0,"name":""},"geometry":{"type":"LineString","coordinates":[[13.382081,52.516726],[13.381988,52.51672],[13.381756,52.516704],[13.381675,52.516699],[13.381423,52.516681]]}},{"type":"Feature","properties":{"k":"track","lvl":"tunnel","lines":"U5","c":"#7E5330","svc":"","bau":0,"name":""},"geometry":{"type":"LineString","coordinates":[[13.370609,52.524799],[13.370602,52.524809],[13.370286,52.525259]]}},{"type":"Feature","properties":{"k":"track","lvl":"tunnel","lines":"U5","c":"#7E5330","svc":"","bau":0,"name":""},"geometry":{"type":"LineString","coordinates":[[13.37261,52.520591],[13.372827,52.52015],[13.37305,52.519694]]}},{"type":"Feature","properties":{"k":"track","lvl":"tunnel","lines":"U5","c":"#7E5330","svc":"","bau":0,"name":""},"geometry":{"type":"LineString","coordinates":[[13.3696,52.525834],[13.369975,52.525298],[13.370084,52.525142]]}},{"type":"Feature","properties":{"k":"track","lvl":"tunnel","lines":"U5","c":"#7E5330","svc":"","bau":0,"name":""},"geometry":{"type":"LineString","coordinates":[[13.381163,52.516664],[13.380774,52.516641],[13.380375,52.516632]]}},{"type":"Feature","properties":{"k":"track","lvl":"tunnel","lines":"U5","c":"#7E5330","svc":"","bau":0,"name":""},"geometry":{"type":"LineString","coordinates":[[13.373292,52.519734],[13.373069,52.52019],[13.372847,52.520637]]}},{"type":"Feature","properties":{"k":"track","lvl":"tunnel","lines":"U5","c":"#7E5330","svc":"","bau":0,"name":""},"geometry":{"type":"LineString","coordinates":[[13.380552,52.516512],[13.380866,52.516525],[13.381175,52.516543],[13.381694,52.516576],[13.382105,52.516603],[13.382125,52.516605],[13.382501,52.516631]]}},{"type":"Feature","properties":{"k":"track","lvl":"tunnel","lines":"U5","c":"#7E5330","svc":"","bau":0,"name":""},"geometry":{"type":"LineString","coordinates":[[13.37038,52.524739],[13.370468,52.524594],[13.37068,52.52427],[13.370882,52.523981],[13.371091,52.523646],[13.371217,52.523401],[13.371335,52.523161],[13.37141,52.52301],[13.371484,52.522859],[13.371636,52.522556],[13.372045,52.521729],[13.372184,52.52145],[13.372277,52.521263],[13.37261,52.520591]]}},{"type":"Feature","properties":{"k":"track","lvl":"tunnel","lines":"","c":"#8a8a8a","svc":"yard","bau":0,"name":""},"geometry":{"type":"LineString","coordinates":[[13.369308,52.526251],[13.3696,52.525834]]}},{"type":"Feature","properties":{"k":"track","lvl":"tunnel","lines":"","c":"#8a8a8a","svc":"yard","bau":0,"name":"U1"},"geometry":{"type":"LineString","coordinates":[[13.326227,52.502757],[13.325855,52.502671],[13.324967,52.502464],[13.323595,52.502234]]}},{"type":"Feature","properties":{"k":"track","lvl":"tunnel","lines":"","c":"#8a8a8a","svc":"yard","bau":0,"name":"U1"},"geometry":{"type":"LineString","coordinates":[[13.323632,52.502144],[13.325914,52.50258],[13.326295,52.50266]]}},{"type":"Feature","properties":{"k":"platform","name":"Uhlandstraße"},"geometry":{"type":"Polygon","coordinates":[[[13.326261,52.5027],[13.326269,52.502687],[13.327153,52.502882],[13.327619,52.502984],[13.327605,52.503008],[13.327583,52.503044],[13.326233,52.502747],[13.326261,52.5027]]]}},{"type":"Feature","properties":{"k":"platform","name":"Rathaus Spandau"},"geometry":{"type":"Polygon","coordinates":[[[13.200064,52.535707],[13.200078,52.535705],[13.20011,52.535701],[13.20014,52.535697],[13.200154,52.535696],[13.200169,52.535694],[13.200142,52.535617],[13.200131,52.535586],[13.200079,52.535442],[13.200063,52.535396],[13.199958,52.535116],[13.199942,52.53507],[13.199777,52.534637],[13.199749,52.534642],[13.199722,52.534647],[13.199706,52.534649],[13.199691,52.534652],[13.19981,52.534978],[13.199972,52.535423],[13.200048,52.535657],[13.200064,52.535707]]]}},{"type":"Feature","properties":{"k":"platform","name":"Rathaus Spandau"},"geometry":{"type":"Polygon","coordinates":[[[13.199765,52.535741],[13.19978,52.535739],[13.199794,52.535737],[13.199823,52.535734],[13.199852,52.535731],[13.199871,52.535729],[13.19985,52.535663],[13.199721,52.535274],[13.199618,52.535],[13.199601,52.534964],[13.199533,52.53482],[13.199454,52.534692],[13.199427,52.534696],[13.199399,52.534701],[13.199384,52.534704],[13.199368,52.534706],[13.199449,52.534839],[13.199513,52.534979],[13.199568,52.535122],[13.199586,52.535167],[13.199631,52.535283],[13.199772,52.535684],[13.19976,52.535724],[13.199765,52.535741]]]}},{"type":"Feature","properties":{"k":"track","lvl":"tunnel","lines":"U3","c":"#16683D","svc":"","bau":0,"name":"U3"},"geometry":{"type":"LineString","coordinates":[[13.307602,52.46637],[13.30724,52.466193],[13.306725,52.466],[13.30615,52.465848],[13.305732,52.465778],[13.305632,52.465772],[13.303153,52.465563],[13.302973,52.465547],[13.300201,52.465313],[13.299996,52.465295],[13.299409,52.465237],[13.298904,52.465159],[13.298335,52.465037],[13.29818,52.464996],[13.297456,52.464764],[13.296921,52.464566],[13.296458,52.464418]]}},{"type":"Feature","properties":{"k":"track","lvl":"tunnel","lines":"U8","c":"#224F86","svc":"","bau":0,"name":"U8"},"geometry":{"type":"LineString","coordinates":[[13.425048,52.481027],[13.425003,52.481182],[13.424898,52.481654],[13.42485,52.482226],[13.424822,52.482841],[13.424796,52.483396],[13.424753,52.483896],[13.424568,52.484492],[13.424386,52.485021],[13.424307,52.485402],[13.424303,52.485486],[13.424311,52.485562],[13.424318,52.485624],[13.424333,52.485708],[13.424364,52.485873],[13.424389,52.486035],[13.424406,52.486084],[13.424423,52.486131],[13.424451,52.486192],[13.424516,52.486322],[13.424695,52.486638],[13.425045,52.487207],[13.425142,52.487418],[13.425188,52.48751],[13.425198,52.487568],[13.425226,52.487654],[13.425237,52.48773],[13.425231,52.487801],[13.42523,52.487875],[13.425215,52.487978],[13.425202,52.488174],[13.425178,52.488263],[13.425144,52.488348],[13.425125,52.48838],[13.424861,52.488731],[13.424478,52.489248],[13.424433,52.489308],[13.424359,52.489412],[13.423719,52.490445],[13.423524,52.490746],[13.423389,52.490926],[13.423258,52.491107],[13.42252,52.492284],[13.422438,52.492457],[13.422302,52.492761],[13.422175,52.492982]]}},{"type":"Feature","properties":{"k":"platform","name":"Jungfernheide"},"geometry":{"type":"Polygon","coordinates":[[[13.300713,52.530594],[13.300689,52.530664],[13.300681,52.530687],[13.300646,52.530846],[13.300619,52.53099],[13.300617,52.531004],[13.300582,52.531286],[13.300575,52.53156],[13.300708,52.531564],[13.300714,52.531329],[13.300648,52.531327],[13.300658,52.531208],[13.300724,52.53121],[13.300751,52.530998],[13.30072,52.530996],[13.300685,52.530993],[13.300712,52.53085],[13.300779,52.530855],[13.3008,52.530763],[13.300818,52.530703],[13.300824,52.530683],[13.30085,52.530611],[13.300834,52.530609],[13.300805,52.530606],[13.300757,52.530599],[13.300713,52.530594]]]}},{"type":"Feature","properties":{"k":"platform","name":"Jungfernheide"},"geometry":{"type":"Polygon","coordinates":[[[13.300737,52.530526],[13.300733,52.530537],[13.300689,52.530664],[13.300681,52.530686],[13.30065,52.530828],[13.300646,52.530846],[13.300618,52.53099],[13.300582,52.531286],[13.300715,52.531292],[13.300751,52.530998],[13.300685,52.530993],[13.300712,52.53085],[13.300747,52.530853],[13.300778,52.530855],[13.3008,52.530763],[13.300734,52.530756],[13.300752,52.530696],[13.300817,52.530703],[13.300824,52.530683],[13.300875,52.530543],[13.300863,52.530541],[13.30084,52.530538],[13.300817,52.530535],[13.300802,52.530534],[13.300886,52.530294],[13.300821,52.530286],[13.300737,52.530526]]]}},{"type":"Feature","properties":{"k":"track","lvl":"tunnel","lines":"U9","c":"#F3791D","svc":"","bau":0,"name":""},"geometry":{"type":"LineString","coordinates":[[13.327672,52.46424],[13.327356,52.463892],[13.326676,52.463195],[13.325019,52.461427],[13.32368,52.460035],[13.321749,52.45808],[13.321264,52.457477],[13.32102,52.457127],[13.320805,52.456813]]}},{"type":"Feature","properties":{"k":"track","lvl":"tunnel","lines":"","c":"#8a8a8a","svc":"siding","bau":0,"name":""},"geometry":{"type":"LineString","coordinates":[[13.331008,52.491214],[13.33101,52.491115],[13.331011,52.491075],[13.331035,52.490089],[13.331072,52.489299],[13.330952,52.488951],[13.330818,52.488562],[13.330692,52.488341],[13.330555,52.488129],[13.330457,52.488003],[13.330348,52.487895],[13.330236,52.487786],[13.33012,52.487679],[13.329939,52.487536],[13.329755,52.487419],[13.329588,52.487324],[13.329434,52.487244],[13.329277,52.487183],[13.329108,52.487123],[13.328763,52.487009],[13.327395,52.486744],[13.326784,52.486646],[13.326317,52.486617],[13.3257,52.48661]]}},{"type":"Feature","properties":{"k":"track","lvl":"tunnel","lines":"","c":"#8a8a8a","svc":"","bau":0,"name":""},"geometry":{"type":"LineString","coordinates":[[13.371293,52.554371],[13.371362,52.554586]]}},{"type":"Feature","properties":{"k":"track","lvl":"tunnel","lines":"","c":"#8a8a8a","svc":"siding","bau":0,"name":""},"geometry":{"type":"LineString","coordinates":[[13.330077,52.487223],[13.329611,52.487074]]}},{"type":"Feature","properties":{"k":"track","lvl":"tunnel","lines":"U9","c":"#F3791D","svc":"","bau":0,"name":""},"geometry":{"type":"LineString","coordinates":[[13.330814,52.487991],[13.330813,52.487454],[13.33082,52.486754],[13.330917,52.484513],[13.330895,52.484242],[13.330858,52.483863],[13.330675,52.483383],[13.330544,52.483167],[13.329034,52.481174],[13.328772,52.480859],[13.328613,52.480676],[13.328376,52.480346],[13.328303,52.47997]]}},{"type":"Feature","properties":{"k":"track","lvl":"tunnel","lines":"U6","c":"#8C6DAB","svc":"","bau":0,"name":""},"geometry":{"type":"LineString","coordinates":[[13.353892,52.54935],[13.354731,52.548878]]}},{"type":"Feature","properties":{"k":"track","lvl":"tunnel","lines":"","c":"#8a8a8a","svc":"","bau":0,"name":""},"geometry":{"type":"LineString","coordinates":[[13.371362,52.554586],[13.371168,52.554398]]}},{"type":"Feature","properties":{"k":"track","lvl":"tunnel","lines":"","c":"#8a8a8a","svc":"yard","bau":0,"name":""},"geometry":{"type":"LineString","coordinates":[[13.356419,52.548003],[13.356034,52.54818]]}},{"type":"Feature","properties":{"k":"track","lvl":"tunnel","lines":"","c":"#8a8a8a","svc":"siding","bau":0,"name":""},"geometry":{"type":"LineString","coordinates":[[13.352336,52.550227],[13.351575,52.550661],[13.350544,52.551246]]}},{"type":"Feature","properties":{"k":"track","lvl":"tunnel","lines":"","c":"#8a8a8a","svc":"siding","bau":0,"name":""},"geometry":{"type":"LineString","coordinates":[[13.302819,52.511321],[13.301631,52.511281]]}},{"type":"Feature","properties":{"k":"track","lvl":"tunnel","lines":"U7","c":"#528DBA","svc":"","bau":0,"name":"U7"},"geometry":{"type":"LineString","coordinates":[[13.305165,52.512074],[13.305153,52.512218],[13.305148,52.512346],[13.305183,52.512683],[13.305204,52.512827],[13.305233,52.512971],[13.305273,52.513131],[13.305325,52.51329],[13.305351,52.513357],[13.305408,52.5135],[13.305502,52.513691],[13.30565,52.513926],[13.306054,52.514486],[13.306193,52.514665],[13.306318,52.514845],[13.306443,52.515067],[13.306526,52.515238],[13.306591,52.515394],[13.306646,52.515553],[13.306752,52.515924],[13.306754,52.516159],[13.306723,52.516535],[13.306645,52.517129],[13.306598,52.517477],[13.30647,52.518766],[13.306471,52.519023],[13.306486,52.519142],[13.306495,52.519221],[13.306622,52.519806],[13.306654,52.519933],[13.306692,52.520115],[13.306725,52.520364],[13.306734,52.520594],[13.306728,52.52081],[13.306704,52.520967],[13.30666,52.521147],[13.306543,52.52148],[13.306464,52.521671],[13.306363,52.521878],[13.306275,52.522068]]}},{"type":"Feature","properties":{"k":"track","lvl":"tunnel","lines":"U9","c":"#F3791D","svc":"","bau":0,"name":""},"geometry":{"type":"LineString","coordinates":[[13.332084,52.505956],[13.331934,52.505715],[13.331855,52.505572],[13.331783,52.505442],[13.331717,52.505276],[13.331654,52.505097],[13.331549,52.504676],[13.331348,52.503771],[13.331097,52.502221],[13.331092,52.502029],[13.330992,52.501249],[13.330823,52.500023],[13.330772,52.499471],[13.330716,52.498586],[13.33071,52.496569],[13.330748,52.496367],[13.330848,52.495903],[13.330909,52.495465],[13.330922,52.494987],[13.33096,52.493414],[13.330946,52.492914],[13.330905,52.49268],[13.330906,52.492082],[13.330919,52.491164],[13.330922,52.490925],[13.330963,52.490097],[13.331036,52.489233],[13.331003,52.488742],[13.330814,52.487991]]}},{"type":"Feature","properties":{"k":"track","lvl":"tunnel","lines":"","c":"#8a8a8a","svc":"crossover","bau":0,"name":""},"geometry":{"type":"LineString","coordinates":[[13.319944,52.454971],[13.319722,52.454721],[13.31945,52.454416]]}},{"type":"Feature","properties":{"k":"track","lvl":"tunnel","lines":"","c":"#8a8a8a","svc":"siding","bau":0,"name":""},"geometry":{"type":"LineString","coordinates":[[13.359915,52.54681],[13.360173,52.547047],[13.360366,52.547173],[13.36095,52.547545],[13.363612,52.549211]]}},{"type":"Feature","properties":{"k":"track","lvl":"tunnel","lines":"","c":"#8a8a8a","svc":"siding","bau":0,"name":""},"geometry":{"type":"LineString","coordinates":[[13.328763,52.487009],[13.328537,52.486931],[13.327713,52.486691]]}},{"type":"Feature","properties":{"k":"track","lvl":"tunnel","lines":"","c":"#8a8a8a","svc":"crossover","bau":0,"name":""},"geometry":{"type":"LineString","coordinates":[[13.319815,52.454988],[13.319722,52.454721],[13.319617,52.454419],[13.319244,52.453807]]}},{"type":"Feature","properties":{"k":"track","lvl":"tunnel","lines":"","c":"#8a8a8a","svc":"siding","bau":0,"name":""},"geometry":{"type":"LineString","coordinates":[[13.360404,52.54736],[13.360712,52.547554],[13.361946,52.548322]]}},{"type":"Feature","properties":{"k":"track","lvl":"tunnel","lines":"","c":"#8a8a8a","svc":"siding","bau":0,"name":""},"geometry":{"type":"LineString","coordinates":[[13.306409,52.517494],[13.30643,52.517669],[13.306458,52.517847],[13.306468,52.518064]]}},{"type":"Feature","properties":{"k":"track","lvl":"tunnel","lines":"","c":"#8a8a8a","svc":"siding","bau":0,"name":""},"geometry":{"type":"LineString","coordinates":[[13.30643,52.517669],[13.306401,52.518067],[13.30634,52.518782],[13.306341,52.519024],[13.306364,52.519246],[13.306488,52.519818]]}},{"type":"Feature","properties":{"k":"track","lvl":"tunnel","lines":"","c":"#8a8a8a","svc":"siding","bau":0,"name":""},"geometry":{"type":"LineString","coordinates":[[13.359726,52.546895],[13.359902,52.546976],[13.360141,52.547083],[13.360325,52.547198],[13.360518,52.547316],[13.363574,52.549241]]}},{"type":"Feature","properties":{"k":"track","lvl":"tunnel","lines":"","c":"#8a8a8a","svc":"siding","bau":0,"name":""},"geometry":{"type":"LineString","coordinates":[[13.306537,52.51766],[13.306468,52.518064],[13.306405,52.518774],[13.306406,52.519024],[13.30643,52.519233],[13.306555,52.519812]]}},{"type":"Feature","properties":{"k":"track","lvl":"tunnel","lines":"","c":"#8a8a8a","svc":"siding","bau":0,"name":""},"geometry":{"type":"LineString","coordinates":[[13.32014,52.455496],[13.319815,52.454988],[13.31945,52.454416],[13.318876,52.4537],[13.317305,52.452611]]}},{"type":"Feature","properties":{"k":"track","lvl":"tunnel","lines":"","c":"#8a8a8a","svc":"siding","bau":0,"name":""},"geometry":{"type":"LineString","coordinates":[[13.317417,52.452572],[13.318774,52.453494],[13.319188,52.453902],[13.319617,52.454419],[13.319944,52.454971],[13.320334,52.455467]]}},{"type":"Feature","properties":{"k":"track","lvl":"tunnel","lines":"","c":"#8a8a8a","svc":"siding","bau":0,"name":""},"geometry":{"type":"LineString","coordinates":[[13.360462,52.547347],[13.360586,52.54745],[13.360712,52.547554]]}},{"type":"Feature","properties":{"k":"track","lvl":"tunnel","lines":"","c":"#8a8a8a","svc":"siding","bau":0,"name":""},"geometry":{"type":"LineString","coordinates":[[13.330061,52.487087],[13.329611,52.487074],[13.327713,52.486691],[13.327245,52.486603],[13.327016,52.486559],[13.326818,52.48653],[13.326559,52.4865],[13.326159,52.486471],[13.325952,52.486467],[13.325665,52.486464]]}},{"type":"Feature","properties":{"k":"track","lvl":"tunnel","lines":"","c":"#8a8a8a","svc":"","bau":0,"name":""},"geometry":{"type":"LineString","coordinates":[[13.372628,52.556364],[13.372861,52.556558]]}},{"type":"Feature","properties":{"k":"track","lvl":"tunnel","lines":"","c":"#8a8a8a","svc":"crossover","bau":0,"name":"Linie G"},"geometry":{"type":"LineString","coordinates":[[13.373617,52.557749],[13.373779,52.557891],[13.373909,52.558023]]}},{"type":"Feature","properties":{"k":"track","lvl":"tunnel","lines":"","c":"#8a8a8a","svc":"crossover","bau":0,"name":"Linie G"},"geometry":{"type":"LineString","coordinates":[[13.373723,52.557722],[13.373779,52.557891],[13.37386,52.558049]]}},{"type":"Feature","properties":{"k":"track","lvl":"tunnel","lines":"","c":"#8a8a8a","svc":"","bau":0,"name":""},"geometry":{"type":"LineString","coordinates":[[13.372006,52.555464],[13.372628,52.556364],[13.372729,52.556661]]}},{"type":"Feature","properties":{"k":"track","lvl":"tunnel","lines":"","c":"#8a8a8a","svc":"siding","bau":0,"name":"Verbindung U2-U7 (Service)"},"geometry":{"type":"LineString","coordinates":[[13.312292,52.511974],[13.308985,52.511763],[13.308843,52.511759],[13.308669,52.511767],[13.308514,52.511783],[13.308357,52.511808],[13.308258,52.511831],[13.308173,52.511859],[13.308076,52.511892],[13.307967,52.511937],[13.307863,52.511987],[13.307773,52.51204],[13.307695,52.512093],[13.307611,52.512164],[13.307527,52.512243],[13.307461,52.512334],[13.307406,52.512431],[13.30737,52.512528],[13.307275,52.513112],[13.30723,52.513404],[13.307163,52.513696],[13.307053,52.514123],[13.306994,52.514318],[13.306965,52.514591],[13.306934,52.514858],[13.306836,52.515608]]}},{"type":"Feature","properties":{"k":"track","lvl":"tunnel","lines":"","c":"#8a8a8a","svc":"siding","bau":0,"name":"Verbindung U2-U7 (Service)"},"geometry":{"type":"LineString","coordinates":[[13.306849,52.514853],[13.306926,52.514586],[13.306994,52.514318]]}},{"type":"Feature","properties":{"k":"track","lvl":"tunnel","lines":"","c":"#8a8a8a","svc":"siding","bau":0,"name":"Verbindung U2-U7 (Service)"},"geometry":{"type":"LineString","coordinates":[[13.307163,52.513696],[13.307046,52.514327],[13.306943,52.515136],[13.306879,52.515609],[13.306817,52.516164],[13.306769,52.51654],[13.306688,52.517172],[13.306633,52.517621]]}},{"type":"Feature","properties":{"k":"track","lvl":"tunnel","lines":"","c":"#8a8a8a","svc":"siding","bau":0,"name":"Verbindung U2-U7 (Service)"},"geometry":{"type":"LineString","coordinates":[[13.306296,52.518547],[13.306401,52.518067],[13.306458,52.517847],[13.306537,52.51766],[13.306598,52.517477],[13.306688,52.517172]]}},{"type":"Feature","properties":{"k":"track","lvl":"tunnel","lines":"","c":"#8a8a8a","svc":"siding","bau":0,"name":"Abstellanlage der U8"},"geometry":{"type":"LineString","coordinates":[[13.336707,52.59572],[13.337117,52.595759],[13.337479,52.595809],[13.338195,52.595892]]}},{"type":"Feature","properties":{"k":"track","lvl":"tunnel","lines":"","c":"#8a8a8a","svc":"siding","bau":0,"name":"Abstellanlage der U8"},"geometry":{"type":"LineString","coordinates":[[13.341594,52.595962],[13.340365,52.59591],[13.337479,52.595809],[13.336709,52.595772],[13.336133,52.595728]]}},{"type":"Feature","properties":{"k":"track","lvl":"tunnel","lines":"","c":"#8a8a8a","svc":"siding","bau":0,"name":"Abstellanlage der U8"},"geometry":{"type":"LineString","coordinates":[[13.338238,52.595711],[13.337501,52.595746],[13.337117,52.595759],[13.336709,52.595772],[13.336111,52.595786]]}},{"type":"Feature","properties":{"k":"track","lvl":"tunnel","lines":"","c":"#8a8a8a","svc":"siding","bau":0,"name":"Abstellanlage der U8"},"geometry":{"type":"LineString","coordinates":[[13.336088,52.59566],[13.336707,52.59572],[13.337501,52.595746],[13.340387,52.595842],[13.341636,52.595897]]}},{"type":"Feature","properties":{"k":"track","lvl":"tunnel","lines":"","c":"#8a8a8a","svc":"siding","bau":0,"name":"Abstellanlage der U8"},"geometry":{"type":"LineString","coordinates":[[13.336088,52.59566],[13.336711,52.595655],[13.338238,52.595711],[13.340351,52.595789],[13.341661,52.595844]]}},{"type":"Feature","properties":{"k":"track","lvl":"tunnel","lines":"","c":"#8a8a8a","svc":"siding","bau":0,"name":"Verbindungsgleis U8 zur U7"},"geometry":{"type":"LineString","coordinates":[[13.422864,52.486821],[13.423072,52.486791],[13.423222,52.486785],[13.423368,52.486789],[13.423534,52.486803],[13.423676,52.48683],[13.42379,52.486862],[13.423911,52.486913],[13.424019,52.486974],[13.42414,52.487072],[13.424914,52.488008],[13.42495,52.488087],[13.424964,52.488167],[13.42495,52.488331],[13.424861,52.488731]]}},{"type":"Feature","properties":{"k":"track","lvl":"tunnel","lines":"U7","c":"#528DBA","svc":"","bau":0,"name":"U7"},"geometry":{"type":"LineString","coordinates":[[13.389162,52.496967],[13.389055,52.497073],[13.388958,52.497163],[13.388854,52.49725],[13.388744,52.497334],[13.38863,52.497415],[13.38851,52.497493],[13.388343,52.497592],[13.388186,52.497675],[13.388048,52.497741],[13.387882,52.497816],[13.387704,52.497886],[13.387445,52.49797],[13.387286,52.498016],[13.387123,52.498058],[13.385064,52.498545],[13.384787,52.498605],[13.384535,52.498651],[13.384306,52.498686],[13.384135,52.498709],[13.383807,52.498743],[13.383604,52.498756],[13.383409,52.498764]]}},{"type":"Feature","properties":{"k":"track","lvl":"tunnel","lines":"U8","c":"#224F86","svc":"","bau":0,"name":"U8"},"geometry":{"type":"LineString","coordinates":[[13.334725,52.595581],[13.335815,52.595644]]}},{"type":"Feature","properties":{"k":"track","lvl":"tunnel","lines":"","c":"#8a8a8a","svc":"siding","bau":0,"name":""},"geometry":{"type":"LineString","coordinates":[[13.430836,52.468186],[13.430791,52.46841]]}},{"type":"Feature","properties":{"k":"track","lvl":"tunnel","lines":"U8","c":"#224F86","svc":"","bau":0,"name":"U8"},"geometry":{"type":"LineString","coordinates":[[13.414272,52.519779],[13.413871,52.520053],[13.413781,52.520136],[13.413707,52.520216],[13.413349,52.520581]]}},{"type":"Feature","properties":{"k":"track","lvl":"tunnel","lines":"","c":"#8a8a8a","svc":"siding","bau":0,"name":""},"geometry":{"type":"LineString","coordinates":[[13.430791,52.46841],[13.430654,52.468578]]}},{"type":"Feature","properties":{"k":"track","lvl":"tunnel","lines":"","c":"#8a8a8a","svc":"siding","bau":0,"name":""},"geometry":{"type":"LineString","coordinates":[[13.394206,52.540576],[13.394078,52.540765],[13.393901,52.541061]]}},{"type":"Feature","properties":{"k":"track","lvl":"tunnel","lines":"","c":"#8a8a8a","svc":"siding","bau":0,"name":""},"geometry":{"type":"LineString","coordinates":[[13.42423,52.485588],[13.424364,52.485873]]}},{"type":"Feature","properties":{"k":"track","lvl":"tunnel","lines":"","c":"#8a8a8a","svc":"siding","bau":0,"name":""},"geometry":{"type":"LineString","coordinates":[[13.423073,52.486733],[13.423483,52.486663]]}},{"type":"Feature","properties":{"k":"track","lvl":"tunnel","lines":"","c":"#8a8a8a","svc":"siding","bau":0,"name":""},"geometry":{"type":"LineString","coordinates":[[13.418826,52.498117],[13.418617,52.498279]]}},{"type":"Feature","properties":{"k":"track","lvl":"tunnel","lines":"U8","c":"#224F86","svc":"","bau":0,"name":"U8"},"geometry":{"type":"LineString","coordinates":[[13.335812,52.59577],[13.334715,52.595711]]}},{"type":"Feature","properties":{"k":"track","lvl":"tunnel","lines":"","c":"#8a8a8a","svc":"siding","bau":0,"name":""},"geometry":{"type":"LineString","coordinates":[[13.425537,52.47931],[13.425614,52.479157],[13.425689,52.478999]]}},{"type":"Feature","properties":{"k":"track","lvl":"tunnel","lines":"","c":"#8a8a8a","svc":"siding","bau":0,"name":""},"geometry":{"type":"LineString","coordinates":[[13.387118,52.549405],[13.386957,52.549494],[13.386765,52.549578]]}},{"type":"Feature","properties":{"k":"track","lvl":"tunnel","lines":"","c":"#8a8a8a","svc":"siding","bau":0,"name":""},"geometry":{"type":"LineString","coordinates":[[13.425586,52.479314],[13.425614,52.479157],[13.425641,52.478997]]}},{"type":"Feature","properties":{"k":"track","lvl":"tunnel","lines":"","c":"#8a8a8a","svc":"siding","bau":0,"name":""},"geometry":{"type":"LineString","coordinates":[[13.347067,52.574488],[13.346684,52.574524],[13.34632,52.574558]]}},{"type":"Feature","properties":{"k":"track","lvl":"tunnel","lines":"","c":"#8a8a8a","svc":"siding","bau":0,"name":""},"geometry":{"type":"LineString","coordinates":[[13.423423,52.486589],[13.423073,52.486733],[13.421364,52.487222]]}},{"type":"Feature","properties":{"k":"track","lvl":"tunnel","lines":"","c":"#8a8a8a","svc":"siding","bau":0,"name":""},"geometry":{"type":"LineString","coordinates":[[13.431479,52.46708],[13.431531,52.46696],[13.432229,52.465741]]}},{"type":"Feature","properties":{"k":"track","lvl":"tunnel","lines":"","c":"#8a8a8a","svc":"siding","bau":0,"name":""},"geometry":{"type":"LineString","coordinates":[[13.387168,52.549443],[13.386957,52.549494],[13.386717,52.549554]]}},{"type":"Feature","properties":{"k":"track","lvl":"tunnel","lines":"","c":"#8a8a8a","svc":"siding","bau":0,"name":""},"geometry":{"type":"LineString","coordinates":[[13.419228,52.497241],[13.418826,52.498117],[13.418782,52.49837]]}},{"type":"Feature","properties":{"k":"track","lvl":"tunnel","lines":"","c":"#8a8a8a","svc":"siding","bau":0,"name":""},"geometry":{"type":"LineString","coordinates":[[13.425428,52.485849],[13.425573,52.485801],[13.425708,52.485756]]}},{"type":"Feature","properties":{"k":"track","lvl":"tunnel","lines":"","c":"#8a8a8a","svc":"siding","bau":0,"name":""},"geometry":{"type":"LineString","coordinates":[[13.372164,52.557887],[13.371984,52.557995],[13.371775,52.558128]]}},{"type":"Feature","properties":{"k":"track","lvl":"tunnel","lines":"U8","c":"#224F86","svc":"","bau":0,"name":"U8"},"geometry":{"type":"LineString","coordinates":[[13.430836,52.468186],[13.431075,52.467778],[13.431463,52.467106]]}},{"type":"Feature","properties":{"k":"track","lvl":"tunnel","lines":"","c":"#8a8a8a","svc":"siding","bau":0,"name":""},"geometry":{"type":"LineString","coordinates":[[13.431649,52.466874],[13.431733,52.466788],[13.431825,52.466693]]}},{"type":"Feature","properties":{"k":"track","lvl":"tunnel","lines":"","c":"#8a8a8a","svc":"siding","bau":0,"name":""},"geometry":{"type":"LineString","coordinates":[[13.425447,52.485875],[13.425573,52.485801],[13.425683,52.485733]]}},{"type":"Feature","properties":{"k":"track","lvl":"tunnel","lines":"","c":"#8a8a8a","svc":"siding","bau":0,"name":""},"geometry":{"type":"LineString","coordinates":[[13.371854,52.55818],[13.372068,52.55805],[13.372254,52.557941]]}},{"type":"Feature","properties":{"k":"track","lvl":"tunnel","lines":"U8","c":"#224F86","svc":"","bau":0,"name":"U8"},"geometry":{"type":"LineString","coordinates":[[13.333919,52.595673],[13.333588,52.595658],[13.332891,52.595568],[13.332292,52.595376],[13.331564,52.595055],[13.329632,52.594194],[13.328016,52.593373],[13.327199,52.592704],[13.326654,52.592161],[13.326522,52.591953],[13.325717,52.590796],[13.325554,52.590503],[13.325447,52.590202],[13.325379,52.589804],[13.325408,52.589331],[13.325425,52.588916],[13.325702,52.588175],[13.325823,52.587923],[13.326268,52.587303],[13.32666,52.586982],[13.326897,52.58689],[13.327866,52.586526],[13.328318,52.586307],[13.328803,52.586058],[13.329498,52.58561],[13.330156,52.585111],[13.330719,52.584573],[13.331117,52.583886],[13.332069,52.581992],[13.332838,52.579897],[13.333255,52.578983],[13.333464,52.578407],[13.333689,52.577785],[13.334075,52.577017],[13.334378,52.57668],[13.334754,52.57637],[13.335296,52.576112],[13.33589,52.575888],[13.336538,52.575691],[13.33711,52.575527],[13.337194,52.575508],[13.337279,52.575496],[13.338424,52.575409],[13.33956,52.575317],[13.341946,52.575099],[13.344433,52.574761],[13.347048,52.574389],[13.347561,52.574317],[13.347889,52.574272]]}},{"type":"Feature","properties":{"k":"track","lvl":"tunnel","lines":"U8","c":"#224F86","svc":"","bau":0,"name":"U8"},"geometry":{"type":"LineString","coordinates":[[13.347937,52.574367],[13.347067,52.574553],[13.344508,52.574963],[13.341946,52.575281],[13.339485,52.575389],[13.338428,52.575434],[13.337274,52.575529],[13.337212,52.575539],[13.337154,52.575555],[13.336553,52.575724],[13.33592,52.575919],[13.335338,52.576138],[13.334798,52.576396],[13.334438,52.576726],[13.334156,52.577081],[13.333848,52.577774],[13.333437,52.579089],[13.333155,52.579741],[13.33299,52.580059],[13.332264,52.582035],[13.331261,52.583892],[13.330885,52.584577],[13.3303,52.585168],[13.329644,52.585648],[13.328959,52.586092],[13.327967,52.586589],[13.326884,52.587019],[13.326471,52.587332],[13.326147,52.587775],[13.325911,52.588276],[13.325732,52.588792],[13.325601,52.589184],[13.325481,52.589818],[13.325506,52.590197],[13.325611,52.590493],[13.325773,52.590783],[13.326575,52.591938],[13.32671,52.592153],[13.327249,52.592684],[13.32806,52.593348],[13.329668,52.594166],[13.330052,52.594337],[13.331599,52.595025],[13.33217,52.595231],[13.332663,52.595353],[13.333445,52.595495],[13.334725,52.595581]]}},{"type":"Feature","properties":{"k":"track","lvl":"tunnel","lines":"","c":"#8a8a8a","svc":"siding","bau":0,"name":""},"geometry":{"type":"LineString","coordinates":[[13.371616,52.558473],[13.371897,52.558208],[13.372068,52.55805],[13.372208,52.557913]]}},{"type":"Feature","properties":{"k":"track","lvl":"tunnel","lines":"","c":"#8a8a8a","svc":"siding","bau":0,"name":""},"geometry":{"type":"LineString","coordinates":[[13.425416,52.479565],[13.425537,52.47931],[13.425641,52.478997],[13.425801,52.47853]]}},{"type":"Feature","properties":{"k":"track","lvl":"tunnel","lines":"","c":"#8a8a8a","svc":"siding","bau":0,"name":""},"geometry":{"type":"LineString","coordinates":[[13.431479,52.46708],[13.431649,52.466874],[13.431759,52.466686],[13.432301,52.465762]]}},{"type":"Feature","properties":{"k":"track","lvl":"tunnel","lines":"","c":"#8a8a8a","svc":"siding","bau":0,"name":""},"geometry":{"type":"LineString","coordinates":[[13.372122,52.557862],[13.371984,52.557995],[13.371818,52.558156],[13.371523,52.558436]]}},{"type":"Feature","properties":{"k":"track","lvl":"tunnel","lines":"","c":"#8a8a8a","svc":"siding","bau":0,"name":""},"geometry":{"type":"LineString","coordinates":[[13.425848,52.478536],[13.425689,52.478999],[13.425586,52.479314],[13.425522,52.479577]]}},{"type":"Feature","properties":{"k":"track","lvl":"tunnel","lines":"","c":"#8a8a8a","svc":"siding","bau":0,"name":""},"geometry":{"type":"LineString","coordinates":[[13.431602,52.467105],[13.431638,52.467046],[13.432036,52.466449],[13.432414,52.46578]]}},{"type":"Feature","properties":{"k":"track","lvl":"tunnel","lines":"","c":"#8a8a8a","svc":"siding","bau":0,"name":""},"geometry":{"type":"LineString","coordinates":[[13.431759,52.466686],[13.431733,52.466788],[13.43171,52.466889],[13.431638,52.467046]]}},{"type":"Feature","properties":{"k":"track","lvl":"tunnel","lines":"","c":"#8a8a8a","svc":"siding","bau":0,"name":""},"geometry":{"type":"LineString","coordinates":[[13.432363,52.465772],[13.431825,52.466693],[13.43171,52.466889],[13.431587,52.467099]]}},{"type":"Feature","properties":{"k":"track","lvl":"tunnel","lines":"","c":"#8a8a8a","svc":"siding","bau":0,"name":""},"geometry":{"type":"LineString","coordinates":[[13.313679,52.490925],[13.313541,52.490969],[13.313422,52.491009],[13.313232,52.491091]]}},{"type":"Feature","properties":{"k":"track","lvl":"tunnel","lines":"","c":"#8a8a8a","svc":"siding","bau":0,"name":""},"geometry":{"type":"LineString","coordinates":[[13.347889,52.574272],[13.347044,52.574452],[13.346684,52.574524],[13.346334,52.5746]]}},{"type":"Feature","properties":{"k":"track","lvl":"tunnel","lines":"","c":"#8a8a8a","svc":"siding","bau":0,"name":""},"geometry":{"type":"LineString","coordinates":[[13.313913,52.490819],[13.313679,52.490925],[13.313495,52.491049],[13.312883,52.491497],[13.312173,52.492004]]}},{"type":"Feature","properties":{"k":"track","lvl":"tunnel","lines":"","c":"#8a8a8a","svc":"siding","bau":0,"name":""},"geometry":{"type":"LineString","coordinates":[[13.313723,52.490725],[13.313603,52.490867],[13.313541,52.490969],[13.313495,52.491049],[13.313419,52.491172]]}},{"type":"Feature","properties":{"k":"track","lvl":"tunnel","lines":"","c":"#8a8a8a","svc":"siding","bau":0,"name":""},"geometry":{"type":"LineString","coordinates":[[13.312125,52.491984],[13.312825,52.491472],[13.313422,52.491009],[13.313603,52.490867],[13.313761,52.490757]]}},{"type":"Feature","properties":{"k":"track","lvl":"tunnel","lines":"","c":"#8a8a8a","svc":"siding","bau":0,"name":""},"geometry":{"type":"LineString","coordinates":[[13.387479,52.549363],[13.387168,52.549443],[13.386765,52.549578],[13.38622,52.549777],[13.38605,52.549844],[13.385816,52.549961],[13.384463,52.550761]]}},{"type":"Feature","properties":{"k":"track","lvl":"tunnel","lines":"","c":"#8a8a8a","svc":"siding","bau":0,"name":""},"geometry":{"type":"LineString","coordinates":[[13.424182,52.485879],[13.42423,52.485588],[13.424249,52.485396],[13.42434,52.485021],[13.424528,52.484497]]}},{"type":"Feature","properties":{"k":"track","lvl":"tunnel","lines":"","c":"#8a8a8a","svc":"siding","bau":0,"name":""},"geometry":{"type":"LineString","coordinates":[[13.425026,52.486119],[13.425447,52.485875],[13.425708,52.485756],[13.426606,52.485346],[13.427134,52.485104]]}},{"type":"Feature","properties":{"k":"track","lvl":"tunnel","lines":"","c":"#8a8a8a","svc":"siding","bau":0,"name":""},"geometry":{"type":"LineString","coordinates":[[13.347937,52.574367],[13.347067,52.574488],[13.346334,52.5746],[13.344471,52.574884],[13.341987,52.57521]]}},{"type":"Feature","properties":{"k":"track","lvl":"tunnel","lines":"","c":"#8a8a8a","svc":"siding","bau":0,"name":""},"geometry":{"type":"LineString","coordinates":[[13.424941,52.486049],[13.425428,52.485849],[13.425683,52.485733],[13.426576,52.485325],[13.427112,52.485078]]}},{"type":"Feature","properties":{"k":"track","lvl":"tunnel","lines":"","c":"#8a8a8a","svc":"siding","bau":0,"name":""},"geometry":{"type":"LineString","coordinates":[[13.370432,52.559307],[13.371897,52.558208],[13.372254,52.557941],[13.372456,52.557799],[13.372777,52.557617]]}},{"type":"Feature","properties":{"k":"track","lvl":"tunnel","lines":"","c":"#8a8a8a","svc":"siding","bau":0,"name":""},"geometry":{"type":"LineString","coordinates":[[13.343232,52.574995],[13.344487,52.574829],[13.34632,52.574558],[13.347044,52.574452],[13.347867,52.57433]]}},{"type":"Feature","properties":{"k":"track","lvl":"tunnel","lines":"","c":"#8a8a8a","svc":"siding","bau":0,"name":""},"geometry":{"type":"LineString","coordinates":[[13.387367,52.549267],[13.387118,52.549405],[13.386717,52.549554],[13.386182,52.549742],[13.386003,52.549822],[13.385775,52.549938],[13.384429,52.550736]]}},{"type":"Feature","properties":{"k":"track","lvl":"tunnel","lines":"","c":"#8a8a8a","svc":"siding","bau":0,"name":""},"geometry":{"type":"LineString","coordinates":[[13.424941,52.48736],[13.425004,52.487491],[13.425043,52.487625],[13.425058,52.487761],[13.425049,52.487898],[13.425014,52.488032],[13.424964,52.488167]]}},{"type":"Feature","properties":{"k":"track","lvl":"tunnel","lines":"","c":"#8a8a8a","svc":"siding","bau":0,"name":""},"geometry":{"type":"LineString","coordinates":[[13.372622,52.557537],[13.372424,52.557738],[13.372208,52.557913],[13.371854,52.55818],[13.371523,52.558436],[13.370363,52.559327]]}},{"type":"Feature","properties":{"k":"track","lvl":"tunnel","lines":"U7","c":"#528DBA","svc":"","bau":0,"name":"U7"},"geometry":{"type":"LineString","coordinates":[[13.420692,52.487381],[13.420144,52.487453],[13.418475,52.487667],[13.416718,52.487906],[13.41023,52.488755],[13.409512,52.488849],[13.40931,52.48888],[13.409027,52.488934],[13.408752,52.489001],[13.408485,52.489078],[13.40822,52.489157],[13.407307,52.489423],[13.407047,52.489499],[13.406823,52.489554],[13.406657,52.489585],[13.406483,52.489602],[13.40634,52.489607],[13.40534,52.48958],[13.405082,52.489575],[13.40479,52.489579],[13.404542,52.489593],[13.404307,52.489616],[13.404079,52.489649],[13.403882,52.489681],[13.397448,52.490979],[13.396693,52.491164],[13.395257,52.491451],[13.395005,52.491501],[13.394271,52.491619],[13.391245,52.492224],[13.391048,52.492256],[13.390673,52.492304],[13.390385,52.492333],[13.390151,52.492352],[13.389947,52.492365],[13.389595,52.492392],[13.389275,52.492421],[13.389158,52.49244],[13.389018,52.492472],[13.38891,52.492504],[13.388807,52.492539],[13.388733,52.49257],[13.388638,52.492615]]}},{"type":"Feature","properties":{"k":"track","lvl":"ground","lines":"","c":"#8a8a8a","svc":"yard","bau":0,"name":""},"geometry":{"type":"LineString","coordinates":[[13.518405,52.500146],[13.518069,52.50053],[13.51772,52.500928],[13.51756,52.501053],[13.517431,52.501176],[13.517355,52.501237],[13.517255,52.501327],[13.517169,52.501425],[13.5171,52.50154],[13.516896,52.50203]]}},{"type":"Feature","properties":{"k":"track","lvl":"tunnel","lines":"U6","c":"#8C6DAB","svc":"","bau":0,"name":"U6"},"geometry":{"type":"LineString","coordinates":[[13.354731,52.548878],[13.355063,52.548692],[13.355996,52.548158],[13.357208,52.547461],[13.358507,52.546735]]}},{"type":"Feature","properties":{"k":"track","lvl":"tunnel","lines":"U6","c":"#8C6DAB","svc":"","bau":0,"name":"U6"},"geometry":{"type":"LineString","coordinates":[[13.375972,52.53623],[13.37631,52.535895],[13.377182,52.535195],[13.377467,52.534975]]}},{"type":"Feature","properties":{"k":"track","lvl":"tunnel","lines":"U8","c":"#224F86","svc":"","bau":0,"name":"U8"},"geometry":{"type":"LineString","coordinates":[[13.387195,52.549467],[13.386246,52.549807],[13.386093,52.549875],[13.385856,52.549987],[13.384503,52.550781],[13.383503,52.551377],[13.382967,52.551655],[13.382518,52.551877],[13.382168,52.552044]]}},{"type":"Feature","properties":{"k":"track","lvl":"tunnel","lines":"U5","c":"#7E5330","svc":"","bau":0,"name":""},"geometry":{"type":"LineString","coordinates":[[13.420045,52.521171],[13.417544,52.521926],[13.417358,52.521982],[13.417192,52.52203],[13.417084,52.522057],[13.41698,52.52208],[13.416458,52.522199],[13.416301,52.522232],[13.416168,52.522252],[13.41596,52.52227],[13.415799,52.522272],[13.415607,52.522262],[13.415464,52.522245],[13.415318,52.522218],[13.41515,52.522177],[13.414932,52.522099],[13.414728,52.521998]]}},{"type":"Feature","properties":{"k":"track","lvl":"tunnel","lines":"U8","c":"#224F86","svc":"","bau":0,"name":"U8"},"geometry":{"type":"LineString","coordinates":[[13.364776,52.563519],[13.368111,52.561036]]}},{"type":"Feature","properties":{"k":"track","lvl":"tunnel","lines":"U2","c":"#DA421E","svc":"","bau":0,"name":""},"geometry":{"type":"LineString","coordinates":[[13.349966,52.500368],[13.344465,52.501522]]}},{"type":"Feature","properties":{"k":"track","lvl":"ground","lines":"U2","c":"#DA421E","svc":"","bau":0,"name":""},"geometry":{"type":"LineString","coordinates":[[13.412171,52.538909],[13.412187,52.538096]]}},{"type":"Feature","properties":{"k":"track","lvl":"ground","lines":"U2","c":"#DA421E","svc":"","bau":0,"name":""},"geometry":{"type":"LineString","coordinates":[[13.412246,52.538096],[13.412223,52.538906]]}},{"type":"Feature","properties":{"k":"track","lvl":"tunnel","lines":"U7","c":"#528DBA","svc":"","bau":0,"name":"U7"},"geometry":{"type":"LineString","coordinates":[[13.292547,52.536305],[13.291492,52.536431],[13.29097,52.536488],[13.290649,52.53652],[13.290445,52.536538],[13.290256,52.536553],[13.289991,52.536572],[13.289696,52.53659],[13.289197,52.536611],[13.28893,52.536618],[13.288516,52.53662],[13.288191,52.536617],[13.287036,52.536578],[13.286441,52.536573],[13.285994,52.536567],[13.285695,52.536568],[13.285425,52.536571],[13.285219,52.536575],[13.284985,52.536582],[13.284426,52.536607],[13.282867,52.536664]]}},{"type":"Feature","properties":{"k":"track","lvl":"tunnel","lines":"U9","c":"#F3791D","svc":"","bau":0,"name":""},"geometry":{"type":"LineString","coordinates":[[13.331501,52.503802],[13.331628,52.504669],[13.33173,52.505086],[13.331805,52.505266],[13.331892,52.505434],[13.331963,52.505557],[13.332062,52.505693],[13.332225,52.50591]]}},{"type":"Feature","properties":{"k":"track","lvl":"tunnel","lines":"U9","c":"#F3791D","svc":"","bau":0,"name":""},"geometry":{"type":"LineString","coordinates":[[13.332225,52.50591],[13.332324,52.506025],[13.33266,52.506337],[13.332834,52.506565],[13.333247,52.507109],[13.33342,52.507341],[13.333855,52.507923],[13.334326,52.508767]]}},{"type":"Feature","properties":{"k":"track","lvl":"tunnel","lines":"U8","c":"#224F86","svc":"","bau":0,"name":"U8"},"geometry":{"type":"LineString","coordinates":[[13.413349,52.520581],[13.413179,52.520747],[13.412989,52.520915],[13.412675,52.521141],[13.412404,52.521328],[13.412239,52.521434],[13.411781,52.521714],[13.411593,52.521832],[13.41142,52.521957],[13.41127,52.522044],[13.411079,52.522125],[13.410927,52.522183]]}},{"type":"Feature","properties":{"k":"track","lvl":"tunnel","lines":"U5","c":"#7E5330","svc":"","bau":0,"name":""},"geometry":{"type":"LineString","coordinates":[[13.419969,52.521084],[13.420281,52.520977],[13.42057,52.520887],[13.421229,52.520694],[13.421567,52.520595],[13.421957,52.520479],[13.422135,52.520419],[13.426455,52.519114],[13.429047,52.518445],[13.429265,52.518394],[13.429516,52.518341],[13.429712,52.518305],[13.429967,52.518262],[13.43034,52.518207]]}},{"type":"Feature","properties":{"k":"track","lvl":"tunnel","lines":"U7","c":"#528DBA","svc":"","bau":0,"name":"U7"},"geometry":{"type":"LineString","coordinates":[[13.433698,52.482054],[13.433542,52.482132]]}},{"type":"Feature","properties":{"k":"track","lvl":"ground","lines":"U5","c":"#7E5330","svc":"","bau":0,"name":""},"geometry":{"type":"LineString","coordinates":[[13.543459,52.498897],[13.543845,52.498976],[13.544079,52.499019],[13.544282,52.499055],[13.545031,52.499181],[13.545199,52.499212],[13.545356,52.499242],[13.54553,52.499279],[13.545711,52.499321],[13.546481,52.49951],[13.547463,52.499748],[13.547627,52.49979],[13.547818,52.499842],[13.548016,52.499898],[13.54819,52.49995],[13.549357,52.500309]]}},{"type":"Feature","properties":{"k":"track","lvl":"ground","lines":"","c":"#8a8a8a","svc":"siding","bau":0,"name":""},"geometry":{"type":"LineString","coordinates":[[13.549001,52.500308],[13.549281,52.500383]]}},{"type":"Feature","properties":{"k":"track","lvl":"ground","lines":"U5","c":"#7E5330","svc":"","bau":0,"name":""},"geometry":{"type":"LineString","coordinates":[[13.547913,52.500054],[13.547676,52.499991],[13.547435,52.499929],[13.546398,52.499673],[13.545716,52.499507],[13.544366,52.499178],[13.543667,52.499003]]}},{"type":"Feature","properties":{"k":"track","lvl":"tunnel","lines":"U4","c":"#F0D722","svc":"","bau":0,"name":"U4"},"geometry":{"type":"LineString","coordinates":[[13.355205,52.500011],[13.354719,52.499851]]}},{"type":"Feature","properties":{"k":"track","lvl":"ground","lines":"U2","c":"#DA421E","svc":"","bau":0,"name":""},"geometry":{"type":"LineString","coordinates":[[13.414061,52.557473],[13.414098,52.557407],[13.414153,52.557302],[13.414199,52.557206],[13.414251,52.55708],[13.414281,52.556987],[13.414302,52.556885],[13.41445,52.555881]]}},{"type":"Feature","properties":{"k":"track","lvl":"ground","lines":"U5","c":"#7E5330","svc":"","bau":0,"name":""},"geometry":{"type":"LineString","coordinates":[[13.543667,52.499003],[13.542631,52.498746],[13.541935,52.498575],[13.541245,52.498396],[13.540167,52.498105],[13.539107,52.497828],[13.536473,52.497175],[13.52841,52.495178]]}},{"type":"Feature","properties":{"k":"track","lvl":"ground","lines":"U2","c":"#DA421E","svc":"","bau":0,"name":""},"geometry":{"type":"LineString","coordinates":[[13.414506,52.555884],[13.414351,52.5569],[13.414332,52.556989],[13.414307,52.557068],[13.414281,52.557138],[13.414248,52.557216],[13.414203,52.557312],[13.41415,52.557418],[13.414111,52.557486]]}},{"type":"Feature","properties":{"k":"track","lvl":"ground","lines":"U5","c":"#7E5330","svc":"","bau":0,"name":""},"geometry":{"type":"LineString","coordinates":[[13.528432,52.495144],[13.533263,52.496341],[13.539129,52.497796],[13.540193,52.498071],[13.541273,52.498363],[13.541962,52.498541],[13.542652,52.498713],[13.543114,52.498825],[13.5433,52.498866],[13.543459,52.498897]]}},{"type":"Feature","properties":{"k":"track","lvl":"tunnel","lines":"U7","c":"#528DBA","svc":"","bau":0,"name":"U7"},"geometry":{"type":"LineString","coordinates":[[13.300549,52.531575],[13.300531,52.531905],[13.300365,52.533321],[13.300285,52.533602],[13.300189,52.533814],[13.300035,52.534078],[13.299989,52.534145],[13.299927,52.534228],[13.299874,52.534293],[13.299818,52.534356],[13.299727,52.534452],[13.299614,52.534557],[13.299546,52.534616],[13.299422,52.534719],[13.299305,52.534808],[13.299138,52.534927],[13.298993,52.53502],[13.298853,52.535104],[13.298669,52.535206],[13.298447,52.535319],[13.298276,52.535398],[13.298155,52.535451],[13.298056,52.535492],[13.297906,52.53555],[13.297804,52.535588],[13.297648,52.53564],[13.297515,52.535682]]}},{"type":"Feature","properties":{"k":"track","lvl":"tunnel","lines":"","c":"#8a8a8a","svc":"","bau":0,"name":""},"geometry":{"type":"LineString","coordinates":[[13.198789,52.533539],[13.198788,52.533362]]}},{"type":"Feature","properties":{"k":"track","lvl":"tunnel","lines":"","c":"#8a8a8a","svc":"","bau":0,"name":""},"geometry":{"type":"LineString","coordinates":[[13.198881,52.533523],[13.198683,52.533392],[13.198497,52.533279]]}},{"type":"Feature","properties":{"k":"track","lvl":"tunnel","lines":"U7","c":"#528DBA","svc":"","bau":0,"name":"U7"},"geometry":{"type":"LineString","coordinates":[[13.306275,52.522068],[13.306171,52.522312],[13.306126,52.522436],[13.306096,52.522542],[13.306066,52.522667],[13.306043,52.522811],[13.306033,52.522883],[13.30602,52.523009],[13.306016,52.523171],[13.306019,52.523279],[13.306071,52.523944],[13.306083,52.524123],[13.306084,52.524303],[13.306077,52.524414],[13.306061,52.524539],[13.306047,52.524628],[13.30601,52.524788],[13.305974,52.524912],[13.305925,52.525051],[13.305884,52.525156],[13.305827,52.525276],[13.305749,52.525412],[13.305657,52.525561],[13.305566,52.525696],[13.305436,52.525848],[13.30528,52.526016],[13.305136,52.526156],[13.305005,52.526273],[13.304892,52.526364],[13.304769,52.526459],[13.304593,52.526582],[13.304447,52.526677],[13.304143,52.526854],[13.303785,52.527042],[13.303566,52.527163],[13.303395,52.527264],[13.303069,52.527472],[13.302879,52.52761],[13.302696,52.527751],[13.302535,52.52788],[13.302363,52.528027],[13.302248,52.528132],[13.302107,52.528269],[13.302003,52.528378],[13.301931,52.528458],[13.30181,52.528603],[13.301689,52.528766],[13.301622,52.528867],[13.301495,52.529069],[13.301077,52.529632],[13.300938,52.529892],[13.300791,52.530284],[13.300746,52.530417],[13.300704,52.530531],[13.30066,52.53066],[13.30063,52.530788],[13.300609,52.530877],[13.300589,52.530991],[13.300554,52.531283],[13.300586,52.531576],[13.3006,52.531827],[13.300404,52.533326],[13.300316,52.533647],[13.30024,52.533816],[13.300205,52.533884],[13.300127,52.534018],[13.300086,52.534088],[13.300038,52.534158],[13.299967,52.534255],[13.299928,52.534302],[13.299873,52.534365],[13.299785,52.534458],[13.299691,52.534547],[13.299592,52.534636],[13.299454,52.534751],[13.299349,52.534832],[13.299182,52.53495],[13.299035,52.535046],[13.298893,52.535131],[13.298707,52.535233],[13.298485,52.535347],[13.298302,52.53542],[13.298181,52.535473],[13.298081,52.535514],[13.297929,52.535573],[13.297826,52.535613],[13.297676,52.535663],[13.297467,52.535726]]}},{"type":"Feature","properties":{"k":"track","lvl":"tunnel","lines":"U7","c":"#528DBA","svc":"","bau":0,"name":"U7"},"geometry":{"type":"LineString","coordinates":[[13.282879,52.536711],[13.281505,52.536763],[13.27693,52.536943],[13.276802,52.536948],[13.276507,52.536958],[13.276097,52.536966],[13.275714,52.536965],[13.275532,52.536958],[13.275092,52.536936],[13.274798,52.53692],[13.274181,52.536891],[13.273476,52.536853],[13.272756,52.536816],[13.271866,52.536771],[13.271445,52.536759],[13.271033,52.536749],[13.27062,52.536747],[13.270236,52.536746],[13.265934,52.536844],[13.265199,52.536873],[13.264463,52.536908],[13.263658,52.536963],[13.26263,52.537034],[13.261157,52.537133],[13.255359,52.537535],[13.254949,52.537559],[13.254509,52.537577],[13.253361,52.537613],[13.252803,52.537637],[13.252653,52.537647],[13.249314,52.537906],[13.248366,52.538003],[13.247654,52.538063],[13.247312,52.538086],[13.24676,52.538114],[13.246187,52.538136],[13.24548,52.538174],[13.244748,52.538223],[13.244221,52.538262],[13.2439,52.538296],[13.240621,52.538714],[13.23963,52.538844],[13.239196,52.538893],[13.238759,52.538933],[13.238291,52.538971],[13.237854,52.539],[13.237472,52.539018],[13.237088,52.53903],[13.236735,52.539036],[13.236384,52.539036],[13.23603,52.539028],[13.235501,52.539007],[13.235119,52.538989],[13.234532,52.538953],[13.234346,52.538941],[13.234034,52.538916],[13.233712,52.53888],[13.233432,52.538847],[13.233191,52.538817],[13.23288,52.538766],[13.232297,52.53866],[13.23177,52.538559],[13.228995,52.538032],[13.22834,52.537919],[13.227942,52.537854],[13.227398,52.537771],[13.226165,52.537593],[13.224559,52.537359],[13.224308,52.537309],[13.223798,52.537218],[13.223455,52.537165],[13.223166,52.537125],[13.222905,52.537092],[13.222557,52.537053],[13.222149,52.537015],[13.221796,52.536989],[13.221588,52.536982],[13.221352,52.53698],[13.221175,52.536982],[13.220968,52.536988],[13.220762,52.536998],[13.220556,52.537011],[13.22038,52.537026],[13.220117,52.537055],[13.219859,52.537089],[13.2196,52.537128],[13.219372,52.537169],[13.219148,52.537215],[13.218969,52.537251],[13.218704,52.537316],[13.218337,52.53742],[13.217555,52.537675],[13.216771,52.537931],[13.216515,52.538015],[13.216255,52.5381],[13.215971,52.538184],[13.215756,52.538243],[13.215535,52.538292],[13.215312,52.538337],[13.21503,52.538386],[13.214829,52.538415],[13.21457,52.538445],[13.214367,52.538461],[13.214102,52.538477],[13.213868,52.538483],[13.213692,52.538484],[13.213516,52.538482],[13.213252,52.538473],[13.213019,52.538457],[13.21276,52.538434],[13.212507,52.538384],[13.212194,52.538329],[13.211909,52.538286],[13.211591,52.538245],[13.211358,52.538219],[13.210978,52.538186],[13.210682,52.538168],[13.210535,52.538161],[13.210299,52.538153],[13.210003,52.538147],[13.209699,52.538147],[13.209466,52.538157],[13.208999,52.538202],[13.208788,52.538228],[13.208561,52.538265],[13.208281,52.538318],[13.208063,52.53837],[13.207902,52.538413],[13.207688,52.538476],[13.207332,52.538595],[13.206427,52.538899],[13.205605,52.539107],[13.205256,52.539176],[13.204963,52.539223],[13.204821,52.539241],[13.204617,52.53926],[13.204414,52.539273],[13.204239,52.539279],[13.20398,52.539279],[13.203773,52.539271],[13.203601,52.53926],[13.203426,52.539244],[13.203255,52.539223],[13.203085,52.539198],[13.202887,52.539163],[13.202722,52.539127],[13.202534,52.53908],[13.20235,52.539027],[13.202221,52.538985],[13.202043,52.538923],[13.201894,52.538865],[13.201729,52.538793],[13.201568,52.538717],[13.201434,52.538646],[13.201284,52.538561],[13.201123,52.538459],[13.200969,52.53835],[13.20085,52.53825],[13.200721,52.53813],[13.200592,52.537992],[13.200488,52.537865],[13.200406,52.537749],[13.200315,52.537599],[13.200247,52.53745],[13.200208,52.537358],[13.200174,52.537254],[13.200142,52.537112],[13.200013,52.536127],[13.199838,52.535567],[13.199781,52.535383]]}},{"type":"Feature","properties":{"k":"track","lvl":"tunnel","lines":"U7","c":"#528DBA","svc":"","bau":0,"name":""},"geometry":{"type":"LineString","coordinates":[[13.300942,52.529888],[13.300792,52.530282],[13.300704,52.530534],[13.30066,52.53066],[13.30063,52.530788],[13.300617,52.530844],[13.300589,52.530988],[13.300553,52.531284],[13.300549,52.531575]]}},{"type":"Feature","properties":{"k":"track","lvl":"tunnel","lines":"U6","c":"#8C6DAB","svc":"","bau":0,"name":"U6"},"geometry":{"type":"LineString","coordinates":[[13.359168,52.546407],[13.358544,52.546759]]}},{"type":"Feature","properties":{"k":"track","lvl":"tunnel","lines":"U6","c":"#8C6DAB","svc":"","bau":0,"name":"U6"},"geometry":{"type":"LineString","coordinates":[[13.358507,52.546735],[13.359132,52.546382],[13.359693,52.546066]]}},{"type":"Feature","properties":{"k":"platform","name":"Halemweg"},"geometry":{"type":"Polygon","coordinates":[[[13.285425,52.536584],[13.285695,52.536582],[13.286079,52.536585],[13.286486,52.536587],[13.286673,52.536588],[13.287036,52.536591],[13.287035,52.536675],[13.286674,52.536671],[13.286483,52.536671],[13.286078,52.536668],[13.285655,52.536666],[13.285423,52.536655],[13.285425,52.536584]]]}},{"type":"Feature","properties":{"k":"track","lvl":"tunnel","lines":"","c":"#8a8a8a","svc":"crossover","bau":0,"name":""},"geometry":{"type":"LineString","coordinates":[[13.352301,52.499064],[13.351188,52.498798]]}},{"type":"Feature","properties":{"k":"track","lvl":"tunnel","lines":"U4","c":"#F0D722","svc":"","bau":0,"name":"U4"},"geometry":{"type":"LineString","coordinates":[[13.344365,52.496515],[13.348338,52.49782],[13.350457,52.498505],[13.350941,52.498638],[13.351211,52.498709],[13.352301,52.499064]]}},{"type":"Feature","properties":{"k":"track","lvl":"tunnel","lines":"U1 U3","c":"#7DAD4C","svc":"","bau":0,"name":"U1"},"geometry":{"type":"LineString","coordinates":[[13.344339,52.50161],[13.343877,52.501742]]}},{"type":"Feature","properties":{"k":"track","lvl":"tunnel","lines":"U4","c":"#F0D722","svc":"","bau":0,"name":"U4"},"geometry":{"type":"LineString","coordinates":[[13.354102,52.499745],[13.353813,52.499697],[13.353559,52.499643],[13.353297,52.499578],[13.353029,52.499484]]}},{"type":"Feature","properties":{"k":"track","lvl":"tunnel","lines":"U4","c":"#F0D722","svc":"","bau":0,"name":"U4"},"geometry":{"type":"LineString","coordinates":[[13.354197,52.499733],[13.353693,52.499626],[13.35353,52.49959],[13.353447,52.499568],[13.353367,52.499544],[13.353262,52.499507],[13.35314,52.499456]]}},{"type":"Feature","properties":{"k":"track","lvl":"tunnel","lines":"U4","c":"#F0D722","svc":"","bau":0,"name":"U4"},"geometry":{"type":"LineString","coordinates":[[13.351188,52.498798],[13.348305,52.49786],[13.344511,52.496629],[13.343978,52.496475],[13.343719,52.496397],[13.342784,52.496105],[13.342603,52.496035],[13.342524,52.496002],[13.34233,52.4959],[13.342202,52.495814],[13.342107,52.495735],[13.341994,52.495615],[13.341952,52.495564],[13.341907,52.495498],[13.341851,52.495396],[13.341847,52.495386],[13.341831,52.495346],[13.34181,52.495276],[13.341796,52.495205],[13.341764,52.494451],[13.341762,52.494236],[13.341845,52.492402],[13.341911,52.491418],[13.341912,52.491346],[13.341904,52.491256],[13.341886,52.491166],[13.34187,52.491112],[13.341851,52.491059],[13.34182,52.490989],[13.341783,52.49092],[13.341727,52.490835],[13.341663,52.490752],[13.341473,52.490568],[13.341362,52.490485],[13.340623,52.490019],[13.340555,52.489964],[13.34049,52.489903],[13.340435,52.489843],[13.340384,52.489777],[13.340343,52.489712],[13.340309,52.489644],[13.340276,52.48955],[13.340263,52.48949],[13.340193,52.488973],[13.340161,52.488737],[13.340147,52.488613],[13.340143,52.48847],[13.340158,52.488282],[13.340181,52.488121],[13.340211,52.487979],[13.340254,52.48782],[13.341665,52.483908],[13.341787,52.483514],[13.341814,52.483391]]}},{"type":"Feature","properties":{"k":"track","lvl":"tunnel","lines":"U4","c":"#F0D722","svc":"","bau":0,"name":"U4"},"geometry":{"type":"LineString","coordinates":[[13.354719,52.499851],[13.35464,52.499828],[13.354559,52.499809],[13.354197,52.499733]]}},{"type":"Feature","properties":{"k":"platform","name":"Turmstraße"},"geometry":{"type":"Polygon","coordinates":[[[13.341131,52.525603],[13.341212,52.525593],[13.341269,52.525585],[13.341333,52.525981],[13.341355,52.526053],[13.341393,52.526351],[13.341397,52.526404],[13.34139,52.526595],[13.341335,52.526594],[13.3413,52.526594],[13.341275,52.526365],[13.341217,52.525988],[13.341131,52.525603]]]}},{"type":"Feature","properties":{"k":"platform","name":"Wittenau"},"geometry":{"type":"Polygon","coordinates":[[[13.333875,52.595661],[13.334458,52.595692],[13.334789,52.595709],[13.335857,52.595766],[13.335874,52.595655],[13.334805,52.595591],[13.333892,52.595537],[13.333875,52.595661]]]}},{"type":"Feature","properties":{"k":"track","lvl":"tunnel","lines":"U4","c":"#F0D722","svc":"","bau":0,"name":""},"geometry":{"type":"LineString","coordinates":[[13.343161,52.479985],[13.343246,52.479873],[13.343308,52.479797]]}},{"type":"Feature","properties":{"k":"track","lvl":"tunnel","lines":"","c":"#8a8a8a","svc":"","bau":0,"name":""},"geometry":{"type":"LineString","coordinates":[[13.343253,52.479794],[13.343246,52.479873],[13.343214,52.479996]]}},{"type":"Feature","properties":{"k":"platform","name":"Parchimer Allee"},"geometry":{"type":"Polygon","coordinates":[[[13.449283,52.444276],[13.449416,52.444503],[13.449545,52.444778],[13.449632,52.445091],[13.449679,52.445263],[13.449715,52.44526],[13.449754,52.445258],[13.449777,52.445257],[13.449729,52.445081],[13.449643,52.444765],[13.449504,52.444488],[13.449374,52.444255],[13.449345,52.444262],[13.449309,52.44427],[13.449283,52.444276]]]}},{"type":"Feature","properties":{"k":"track","lvl":"tunnel","lines":"U7","c":"#528DBA","svc":"","bau":0,"name":"U7"},"geometry":{"type":"LineString","coordinates":[[13.447814,52.442631],[13.448054,52.442841],[13.448497,52.443225],[13.448911,52.443607],[13.449306,52.444129],[13.449514,52.444486],[13.44965,52.444764],[13.449761,52.445159],[13.449806,52.44536],[13.450066,52.447589],[13.450055,52.448754],[13.449794,52.450154]]}},{"type":"Feature","properties":{"k":"track","lvl":"tunnel","lines":"U9","c":"#F3791D","svc":"","bau":0,"name":"U9"},"geometry":{"type":"LineString","coordinates":[[13.373135,52.557218],[13.37293,52.556953],[13.372796,52.556758],[13.372729,52.556661],[13.371168,52.554398],[13.370796,52.553954],[13.370562,52.553718],[13.370347,52.55352],[13.369975,52.553239],[13.367833,52.551925],[13.367522,52.551742],[13.367182,52.551538],[13.367071,52.551465],[13.366688,52.551207]]}},{"type":"Feature","properties":{"k":"track","lvl":"tunnel","lines":"U9","c":"#F3791D","svc":"","bau":0,"name":"U9"},"geometry":{"type":"LineString","coordinates":[[13.367962,52.55185],[13.368768,52.552357],[13.370071,52.553177],[13.37047,52.553476],[13.370702,52.553682],[13.370921,52.5539],[13.371293,52.554371],[13.372055,52.555468],[13.372861,52.556558],[13.372978,52.556704],[13.373322,52.557134]]}},{"type":"Feature","properties":{"k":"track","lvl":"tunnel","lines":"U7","c":"#528DBA","svc":"","bau":0,"name":"U7"},"geometry":{"type":"LineString","coordinates":[[13.330077,52.487223],[13.328537,52.486931],[13.326887,52.486609],[13.326682,52.486582],[13.326564,52.486572],[13.326125,52.486551],[13.325627,52.486523],[13.325155,52.48651],[13.324742,52.486507],[13.32439,52.4865],[13.323244,52.486471],[13.322724,52.486455],[13.322356,52.486448],[13.321979,52.486453],[13.321614,52.486466],[13.321331,52.486486]]}},{"type":"Feature","properties":{"k":"track","lvl":"tunnel","lines":"U7","c":"#528DBA","svc":"","bau":0,"name":"U7"},"geometry":{"type":"LineString","coordinates":[[13.332413,52.487569],[13.331949,52.487516],[13.331779,52.487489],[13.330496,52.487292],[13.330077,52.487223]]}},{"type":"Feature","properties":{"k":"platform","name":"Berliner Straße"},"geometry":{"type":"Polygon","coordinates":[[[13.33104,52.486773],[13.331032,52.487306],[13.331032,52.487338],[13.331027,52.487798],[13.331027,52.487811],[13.331027,52.487824],[13.331027,52.487858],[13.331075,52.487858],[13.331081,52.487338],[13.331081,52.487307],[13.331089,52.486773],[13.33104,52.486773]]]}},{"type":"Feature","properties":{"k":"track","lvl":"tunnel","lines":"U9","c":"#F3791D","svc":"","bau":0,"name":"Linie G"},"geometry":{"type":"LineString","coordinates":[[13.341849,52.518606],[13.341886,52.518399],[13.342012,52.517746],[13.342086,52.517365],[13.342087,52.51736],[13.342106,52.517271],[13.342128,52.517167],[13.342132,52.517147],[13.342138,52.517118],[13.34216,52.517008]]}},{"type":"Feature","properties":{"k":"platform","name":"Wilmersdorfer Straße"},"geometry":{"type":"Polygon","coordinates":[[[13.306574,52.507151],[13.306439,52.507123],[13.306529,52.506827],[13.306625,52.506534],[13.306686,52.506352],[13.306848,52.50588],[13.30688,52.505884],[13.306901,52.505886],[13.306936,52.50589],[13.3068,52.506366],[13.306648,52.506895],[13.306574,52.507151]]]}},{"type":"Feature","properties":{"k":"track","lvl":"bridge","lines":"U1 U3","c":"#7DAD4C","svc":"","bau":0,"name":"U1"},"geometry":{"type":"LineString","coordinates":[[13.373186,52.499578],[13.370486,52.49963]]}},{"type":"Feature","properties":{"k":"track","lvl":"bridge","lines":"U1 U3","c":"#7DAD4C","svc":"","bau":0,"name":"U1"},"geometry":{"type":"LineString","coordinates":[[13.370411,52.499572],[13.372811,52.499527],[13.372935,52.499525],[13.37307,52.499518],[13.373285,52.499502]]}},{"type":"Feature","properties":{"k":"platform","name":"Paradestraße"},"geometry":{"type":"Polygon","coordinates":[[[13.386383,52.478769],[13.386363,52.478143],[13.386361,52.47811],[13.38633,52.477756],[13.386177,52.477756],[13.386178,52.478144],[13.386192,52.478685],[13.386219,52.478902],[13.386366,52.478902],[13.386383,52.478769]]]}},{"type":"Feature","properties":{"k":"platform","name":"Nollendorfplatz"},"geometry":{"type":"Polygon","coordinates":[[[13.353784,52.499454],[13.353866,52.499437],[13.353912,52.499427],[13.354106,52.499387],[13.354173,52.499373],[13.354188,52.499399],[13.354303,52.499375],[13.354413,52.499352],[13.354713,52.49929],[13.35471,52.499284],[13.354725,52.499281],[13.35474,52.499277],[13.354743,52.499282],[13.354956,52.499238],[13.355146,52.499198],[13.355326,52.499161],[13.355327,52.499164],[13.355333,52.499175],[13.35534,52.499187],[13.355345,52.499195],[13.353818,52.499514],[13.3538,52.499482],[13.353784,52.499454]]]}},{"type":"Feature","properties":{"k":"platform","name":"Nollendorfplatz"},"geometry":{"type":"Polygon","coordinates":[[[13.353834,52.499549],[13.355363,52.499228],[13.355374,52.499246],[13.35538,52.499257],[13.355386,52.499268],[13.355388,52.499271],[13.355205,52.49931],[13.355015,52.49935],[13.354806,52.499394],[13.354809,52.499399],[13.354795,52.499402],[13.354779,52.499405],[13.354777,52.499401],[13.354431,52.499474],[13.354323,52.499496],[13.354227,52.499517],[13.354241,52.499542],[13.354103,52.499571],[13.353943,52.499605],[13.353908,52.499612],[13.353875,52.499619],[13.353854,52.499584],[13.353834,52.499549]]]}},{"type":"Feature","properties":{"k":"platform","name":"Nollendorfplatz"},"geometry":{"type":"Polygon","coordinates":[[[13.353686,52.499639],[13.354551,52.499821],[13.354632,52.499841],[13.35471,52.499863],[13.354755,52.499878],[13.355195,52.500023],[13.355128,52.500098],[13.354695,52.499953],[13.354369,52.499854],[13.354213,52.499811],[13.353649,52.499706],[13.353686,52.499639]]]}},{"type":"Feature","properties":{"k":"platform","name":"Nollendorfplatz"},"geometry":{"type":"Polygon","coordinates":[[[13.356088,52.500448],[13.356146,52.500384],[13.355069,52.500016],[13.354671,52.49988],[13.354604,52.499951],[13.355006,52.500086],[13.356088,52.500448]]]}},{"type":"Feature","properties":{"k":"track","lvl":"tunnel","lines":"U5","c":"#7E5330","svc":"","bau":0,"name":""},"geometry":{"type":"LineString","coordinates":[[13.52176,52.499566],[13.522043,52.499093],[13.522405,52.49841],[13.523123,52.497267],[13.523197,52.49715],[13.523288,52.497019],[13.524004,52.496036],[13.524086,52.495939],[13.524174,52.495857],[13.524226,52.495814],[13.524305,52.495746],[13.52441,52.495647],[13.524502,52.495571],[13.524641,52.49547],[13.524753,52.495398]]}},{"type":"Feature","properties":{"k":"track","lvl":"tunnel","lines":"U5","c":"#7E5330","svc":"","bau":0,"name":""},"geometry":{"type":"LineString","coordinates":[[13.521797,52.499645],[13.521573,52.499976],[13.521451,52.50014],[13.521356,52.50025],[13.521223,52.500389],[13.521106,52.500492],[13.520965,52.500607],[13.520779,52.500744],[13.520541,52.500904],[13.520351,52.501016],[13.520199,52.5011],[13.520019,52.501191],[13.518119,52.502083],[13.517831,52.50223],[13.517595,52.502346],[13.517376,52.502466],[13.51697,52.502704],[13.516765,52.502833],[13.516586,52.502954],[13.515898,52.503467],[13.513927,52.505258],[13.513424,52.505715],[13.512404,52.50665],[13.512262,52.506781],[13.512184,52.506844],[13.512008,52.506975],[13.511928,52.507027],[13.511844,52.507076],[13.5118,52.5071],[13.511732,52.507135],[13.511591,52.507197],[13.511442,52.507254],[13.51119,52.507345],[13.511058,52.507384],[13.510896,52.507427],[13.510733,52.507466],[13.510595,52.507497],[13.510455,52.507529],[13.510348,52.507559],[13.500042,52.510802]]}},{"type":"Feature","properties":{"k":"track","lvl":"tunnel","lines":"U5","c":"#7E5330","svc":"","bau":0,"name":""},"geometry":{"type":"LineString","coordinates":[[13.524753,52.495398],[13.525004,52.495263],[13.525308,52.495134],[13.525593,52.495041],[13.525867,52.494974],[13.526089,52.494932],[13.526333,52.4949],[13.526509,52.494884],[13.526644,52.494877],[13.526844,52.494873],[13.527045,52.494877],[13.527234,52.494889],[13.527385,52.494903],[13.527651,52.494941],[13.527829,52.494976],[13.527983,52.495012],[13.528162,52.495061],[13.528432,52.495144]]}},{"type":"Feature","properties":{"k":"track","lvl":"tunnel","lines":"U5","c":"#7E5330","svc":"","bau":0,"name":""},"geometry":{"type":"LineString","coordinates":[[13.52841,52.495178],[13.528138,52.495094],[13.527961,52.495045],[13.527809,52.49501],[13.527635,52.494976],[13.527374,52.494939],[13.527226,52.494924],[13.527041,52.494913],[13.526844,52.494909],[13.526648,52.494913],[13.526516,52.49492],[13.526343,52.494935],[13.526104,52.494967],[13.525887,52.495008],[13.525615,52.495075]]}},{"type":"Feature","properties":{"k":"platform","name":"Deutsche Oper"},"geometry":{"type":"Polygon","coordinates":[[[13.311314,52.511858],[13.311318,52.511838],[13.311321,52.511816],[13.309774,52.511712],[13.309771,52.511733],[13.309767,52.511754],[13.311314,52.511858]]]}},{"type":"Feature","properties":{"k":"track","lvl":"tunnel","lines":"","c":"#8a8a8a","svc":"siding","bau":0,"name":""},"geometry":{"type":"LineString","coordinates":[[13.313358,52.512059],[13.312292,52.511974]]}},{"type":"Feature","properties":{"k":"track","lvl":"tunnel","lines":"U1","c":"#7DAD4C","svc":"","bau":0,"name":"U1"},"geometry":{"type":"LineString","coordinates":[[13.336868,52.504012],[13.339423,52.503017],[13.339721,52.502859],[13.340167,52.502644],[13.341531,52.502085]]}},{"type":"Feature","properties":{"k":"track","lvl":"tunnel","lines":"U6","c":"#8C6DAB","svc":"","bau":0,"name":"U6"},"geometry":{"type":"LineString","coordinates":[[13.389727,52.511783],[13.389613,52.512445]]}},{"type":"Feature","properties":{"k":"track","lvl":"tunnel","lines":"U6","c":"#8C6DAB","svc":"","bau":0,"name":"U6"},"geometry":{"type":"LineString","coordinates":[[13.389489,52.512496],[13.389585,52.511774]]}},{"type":"Feature","properties":{"k":"track","lvl":"tunnel","lines":"U7","c":"#528DBA","svc":"","bau":0,"name":"U7"},"geometry":{"type":"LineString","coordinates":[[13.433542,52.482132],[13.433441,52.482182],[13.433127,52.482318],[13.431421,52.483158],[13.428892,52.484293],[13.427692,52.484884],[13.427161,52.485143]]}},{"type":"Feature","properties":{"k":"track","lvl":"tunnel","lines":"U7","c":"#528DBA","svc":"","bau":0,"name":"U7"},"geometry":{"type":"LineString","coordinates":[[13.433477,52.482103],[13.433166,52.482264],[13.431396,52.483142],[13.42888,52.484275],[13.427075,52.485048]]}},{"type":"Feature","properties":{"k":"track","lvl":"tunnel","lines":"U7","c":"#528DBA","svc":"","bau":0,"name":"U7"},"geometry":{"type":"LineString","coordinates":[[13.427075,52.485048],[13.425535,52.485759],[13.424941,52.486049],[13.424755,52.486138],[13.424668,52.486178],[13.424587,52.486214],[13.424385,52.486293],[13.424269,52.486335],[13.423827,52.486472],[13.423423,52.486589],[13.423022,52.486693],[13.422326,52.486889],[13.421789,52.487038]]}},{"type":"Feature","properties":{"k":"track","lvl":"tunnel","lines":"U7","c":"#528DBA","svc":"","bau":0,"name":"U7"},"geometry":{"type":"LineString","coordinates":[[13.427161,52.485143],[13.425598,52.485847],[13.425026,52.486119],[13.424817,52.486213],[13.42472,52.486257],[13.424631,52.486296],[13.424475,52.486358],[13.424335,52.486412],[13.424245,52.486441],[13.423966,52.486524],[13.423483,52.486663],[13.422864,52.486821]]}},{"type":"Feature","properties":{"k":"track","lvl":"tunnel","lines":"U7","c":"#528DBA","svc":"","bau":0,"name":"U7"},"geometry":{"type":"LineString","coordinates":[[13.389502,52.495201],[13.389626,52.495374],[13.389722,52.495584],[13.389722,52.495756],[13.389708,52.4959],[13.389686,52.496024],[13.389648,52.496166],[13.389605,52.496287],[13.389535,52.496443],[13.38946,52.496577],[13.389361,52.496727],[13.389273,52.49684],[13.389162,52.496967]]}},{"type":"Feature","properties":{"k":"track","lvl":"tunnel","lines":"U7","c":"#528DBA","svc":"","bau":0,"name":"U7"},"geometry":{"type":"LineString","coordinates":[[13.389461,52.495213],[13.389486,52.49526],[13.389514,52.495321],[13.389536,52.495377],[13.389623,52.495617],[13.389627,52.495708],[13.389626,52.495798],[13.389619,52.495888],[13.389605,52.495998],[13.389578,52.496122],[13.389546,52.496228],[13.389499,52.496353],[13.389442,52.496474],[13.389385,52.496577],[13.38932,52.496677],[13.38925,52.496777],[13.38917,52.496874]]}},{"type":"Feature","properties":{"k":"track","lvl":"tunnel","lines":"U6","c":"#8C6DAB","svc":"","bau":0,"name":"U6"},"geometry":{"type":"LineString","coordinates":[[13.388179,52.493385],[13.388277,52.493547],[13.389022,52.494434],[13.389606,52.495174],[13.390094,52.495669]]}},{"type":"Feature","properties":{"k":"track","lvl":"tunnel","lines":"U6","c":"#8C6DAB","svc":"","bau":0,"name":"U6"},"geometry":{"type":"LineString","coordinates":[[13.389741,52.49575],[13.389449,52.495404],[13.389153,52.495008],[13.388632,52.494366],[13.3884,52.494093],[13.388194,52.49387],[13.388037,52.493702],[13.387927,52.493445]]}},{"type":"Feature","properties":{"k":"track","lvl":"tunnel","lines":"U6","c":"#8C6DAB","svc":"","bau":0,"name":"U6"},"geometry":{"type":"LineString","coordinates":[[13.3865,52.490423],[13.386663,52.490855],[13.386859,52.491299],[13.387123,52.491981],[13.387432,52.492453],[13.387688,52.492793]]}},{"type":"Feature","properties":{"k":"track","lvl":"tunnel","lines":"U6","c":"#8C6DAB","svc":"","bau":0,"name":"U6"},"geometry":{"type":"LineString","coordinates":[[13.387927,52.493445],[13.387754,52.493076],[13.387393,52.4926],[13.387045,52.492003],[13.386895,52.491642],[13.386755,52.491293],[13.38641,52.490437]]}},{"type":"Feature","properties":{"k":"track","lvl":"tunnel","lines":"U8","c":"#224F86","svc":"","bau":0,"name":""},"geometry":{"type":"LineString","coordinates":[[13.335815,52.595644],[13.336088,52.59566]]}},{"type":"Feature","properties":{"k":"track","lvl":"tunnel","lines":"U8","c":"#224F86","svc":"","bau":0,"name":""},"geometry":{"type":"LineString","coordinates":[[13.335812,52.59577],[13.336111,52.595786]]}},{"type":"Feature","properties":{"k":"platform","name":"Altstadt Spandau"},"geometry":{"type":"Polygon","coordinates":[[[13.205596,52.539092],[13.205571,52.539046],[13.205565,52.539035],[13.205559,52.539025],[13.205538,52.538988],[13.20634,52.53877],[13.207234,52.538522],[13.207306,52.538582],[13.206924,52.53871],[13.206418,52.538881],[13.205596,52.539092]]]}},{"type":"Feature","properties":{"k":"platform","name":"Kottbusser Tor"},"geometry":{"type":"Polygon","coordinates":[[[13.418631,52.498542],[13.418461,52.49848],[13.418171,52.498688],[13.418116,52.498727],[13.418005,52.498803],[13.417737,52.498979],[13.417682,52.499015],[13.417393,52.499195],[13.417196,52.499314],[13.417282,52.49938],[13.417309,52.499398],[13.417409,52.499348],[13.417588,52.499252],[13.417759,52.499156],[13.417905,52.499067],[13.418016,52.498996],[13.418227,52.498853],[13.418289,52.498811],[13.418521,52.498638],[13.418631,52.498542]]]}},{"type":"Feature","properties":{"k":"platform","name":"Karl-Bonhoeffer-Nervenklinik"},"geometry":{"type":"Polygon","coordinates":[[[13.333631,52.578423],[13.333484,52.578406],[13.333434,52.57854],[13.333369,52.578718],[13.333308,52.578885],[13.333285,52.578947],[13.33327,52.578987],[13.333205,52.579135],[13.332941,52.579733],[13.333115,52.579755],[13.333379,52.579163],[13.333413,52.579084],[13.333531,52.578741],[13.333588,52.578558],[13.333631,52.578423]]]}},{"type":"Feature","properties":{"k":"track","lvl":"tunnel","lines":"U8","c":"#224F86","svc":"","bau":0,"name":"U8"},"geometry":{"type":"LineString","coordinates":[[13.415644,52.510045],[13.415304,52.509605],[13.414166,52.508132],[13.411299,52.504474]]}},{"type":"Feature","properties":{"k":"track","lvl":"cut","lines":"U5","c":"#7E5330","svc":"","bau":0,"name":""},"geometry":{"type":"LineString","coordinates":[[13.62021,52.539277],[13.617984,52.538995],[13.616867,52.538853],[13.616213,52.53875],[13.615963,52.538704],[13.615704,52.538653],[13.613378,52.538162],[13.611958,52.537863],[13.61124,52.537718],[13.610531,52.537588],[13.608509,52.537212],[13.607923,52.537087],[13.60612,52.53662],[13.604396,52.536166],[13.60404,52.536066]]}},{"type":"Feature","properties":{"k":"platform","name":"Richard-Wagner-Platz"},"geometry":{"type":"Polygon","coordinates":[[[13.306599,52.517297],[13.306454,52.517292],[13.306474,52.517139],[13.306492,52.517003],[13.306553,52.516532],[13.306578,52.516168],[13.30663,52.516165],[13.306662,52.516164],[13.306687,52.516163],[13.306727,52.516161],[13.306698,52.516536],[13.306636,52.517008],[13.306619,52.517144],[13.306599,52.517297]]]}},{"type":"Feature","properties":{"k":"platform","name":"Siemensdamm"},"geometry":{"type":"Polygon","coordinates":[[[13.272934,52.536811],[13.273484,52.536836],[13.273496,52.536748],[13.272949,52.536722],[13.272604,52.536706],[13.271878,52.536673],[13.271867,52.536761],[13.272589,52.536795],[13.272934,52.536811]]]}},{"type":"Feature","properties":{"k":"track","lvl":"tunnel","lines":"U2","c":"#DA421E","svc":"","bau":0,"name":""},"geometry":{"type":"LineString","coordinates":[[13.257452,52.51636],[13.257158,52.516356],[13.256777,52.516341],[13.256484,52.516324],[13.256222,52.516305],[13.255874,52.51627],[13.255557,52.51623],[13.254846,52.516116],[13.254649,52.516079],[13.254531,52.516061],[13.254416,52.516049],[13.254297,52.516042],[13.254029,52.51604],[13.25391,52.516039],[13.253791,52.516043],[13.253676,52.516052],[13.253557,52.516063],[13.253429,52.516082]]}},{"type":"Feature","properties":{"k":"track","lvl":"tunnel","lines":"U2","c":"#DA421E","svc":"","bau":0,"name":""},"geometry":{"type":"LineString","coordinates":[[13.261491,52.515922],[13.261257,52.515997],[13.261017,52.516062],[13.260797,52.516113],[13.260601,52.516152],[13.260417,52.516175],[13.260245,52.516194],[13.260043,52.516214],[13.259899,52.516225],[13.258671,52.516313],[13.258341,52.516336],[13.257863,52.516355],[13.257452,52.51636]]}},{"type":"Feature","properties":{"k":"track","lvl":"tunnel","lines":"U2","c":"#DA421E","svc":"","bau":0,"name":""},"geometry":{"type":"LineString","coordinates":[[13.25732,52.516279],[13.257558,52.516284],[13.257764,52.516284],[13.257911,52.516281],[13.258118,52.516273],[13.258332,52.516261],[13.259904,52.516136],[13.260229,52.516111],[13.260396,52.51608],[13.260564,52.516066],[13.260734,52.516035],[13.260903,52.516],[13.261067,52.515961],[13.261258,52.515909]]}},{"type":"Feature","properties":{"k":"platform","name":"Sophie-Charlotte-Platz"},"geometry":{"type":"Polygon","coordinates":[[[13.294996,52.510781],[13.295056,52.510785],[13.296567,52.51088],[13.296605,52.510883],[13.296608,52.510865],[13.29661,52.510849],[13.295062,52.510751],[13.295002,52.510747],[13.294996,52.510781]]]}},{"type":"Feature","properties":{"k":"platform","name":"Sophie-Charlotte-Platz"},"geometry":{"type":"Polygon","coordinates":[[[13.294972,52.510908],[13.295008,52.51091],[13.296542,52.511007],[13.29658,52.511009],[13.296586,52.510975],[13.296548,52.510973],[13.295015,52.510877],[13.294977,52.510874],[13.294972,52.510908]]]}},{"type":"Feature","properties":{"k":"platform","name":"Mierendorffplatz"},"geometry":{"type":"Polygon","coordinates":[[[13.304874,52.526356],[13.304987,52.526265],[13.305117,52.526149],[13.305261,52.526009],[13.305417,52.525842],[13.305533,52.525706],[13.305471,52.525688],[13.305462,52.525685],[13.305454,52.525682],[13.305419,52.525671],[13.305357,52.52574],[13.305212,52.525886],[13.305054,52.526031],[13.304853,52.526202],[13.304687,52.526334],[13.304486,52.526483],[13.304309,52.526609],[13.304347,52.526627],[13.304352,52.52663],[13.304382,52.526644],[13.304431,52.526668],[13.304577,52.526573],[13.304752,52.52645],[13.304874,52.526356]]]}},{"type":"Feature","properties":{"k":"track","lvl":"cut","lines":"U5","c":"#7E5330","svc":"","bau":0,"name":""},"geometry":{"type":"LineString","coordinates":[[13.593085,52.53244],[13.593518,52.53272],[13.593766,52.532858],[13.594018,52.532984],[13.594306,52.533112],[13.594608,52.533228],[13.594933,52.533341],[13.59531,52.533455],[13.595688,52.533561],[13.597179,52.533978],[13.597467,52.534061],[13.598726,52.534456],[13.599397,52.534678],[13.600313,52.534931],[13.601895,52.535347],[13.604164,52.535943]]}},{"type":"Feature","properties":{"k":"track","lvl":"cut","lines":"U5","c":"#7E5330","svc":"","bau":0,"name":""},"geometry":{"type":"LineString","coordinates":[[13.60404,52.536066],[13.603701,52.535961],[13.603248,52.535819],[13.602677,52.535641],[13.601855,52.535384],[13.600288,52.534965],[13.599368,52.534725],[13.598665,52.534539],[13.597385,52.534185],[13.595855,52.533759],[13.595588,52.533684],[13.595225,52.533568],[13.594865,52.533433],[13.594517,52.533282],[13.594261,52.53316],[13.593969,52.53302],[13.593716,52.532886],[13.593472,52.532747],[13.593035,52.532461]]}},{"type":"Feature","properties":{"k":"track","lvl":"ground","lines":"","c":"#8a8a8a","svc":"siding","bau":0,"name":""},"geometry":{"type":"LineString","coordinates":[[13.547602,52.499931],[13.547975,52.500029],[13.548245,52.5001],[13.548613,52.5002],[13.549001,52.500308]]}},{"type":"Feature","properties":{"k":"track","lvl":"ground","lines":"U5","c":"#7E5330","svc":"","bau":0,"name":""},"geometry":{"type":"LineString","coordinates":[[13.568221,52.510624],[13.568413,52.510744],[13.568655,52.51089]]}},{"type":"Feature","properties":{"k":"platform","name":"Südstern"},"geometry":{"type":"Polygon","coordinates":[[[13.407038,52.489484],[13.407566,52.489331],[13.407871,52.489243],[13.408143,52.489164],[13.40821,52.489145],[13.408165,52.489086],[13.408099,52.489106],[13.407826,52.489185],[13.407521,52.489273],[13.406993,52.489426],[13.407038,52.489484]]]}},{"type":"Feature","properties":{"k":"track","lvl":"tunnel","lines":"U7","c":"#528DBA","svc":"","bau":0,"name":"U7"},"geometry":{"type":"LineString","coordinates":[[13.422864,52.486821],[13.421536,52.487205],[13.421318,52.487262],[13.421016,52.487327],[13.420692,52.487381]]}},{"type":"Feature","properties":{"k":"track","lvl":"tunnel","lines":"U7","c":"#528DBA","svc":"","bau":0,"name":"U7"},"geometry":{"type":"LineString","coordinates":[[13.421789,52.487038],[13.421224,52.487188],[13.421023,52.487236],[13.420745,52.487288],[13.420371,52.487348]]}},{"type":"Feature","properties":{"k":"track","lvl":"tunnel","lines":"U7","c":"#528DBA","svc":"","bau":0,"name":"U7"},"geometry":{"type":"LineString","coordinates":[[13.388633,52.492552],[13.388521,52.492609],[13.388438,52.49266],[13.388345,52.492727],[13.388263,52.492801],[13.388194,52.492877],[13.388125,52.492976],[13.388093,52.493043],[13.388066,52.493113]]}},{"type":"Feature","properties":{"k":"track","lvl":"tunnel","lines":"U7","c":"#528DBA","svc":"","bau":0,"name":"U7"},"geometry":{"type":"LineString","coordinates":[[13.388638,52.492615],[13.388529,52.492677],[13.388448,52.492733],[13.388343,52.492821],[13.388258,52.492915],[13.388189,52.493018],[13.388156,52.493087],[13.388137,52.493141],[13.388121,52.493212],[13.388111,52.493324],[13.388116,52.493381],[13.388128,52.493428],[13.388141,52.493463],[13.388172,52.493519],[13.388215,52.493582],[13.388374,52.493775],[13.388925,52.494464],[13.389502,52.495201]]}},{"type":"Feature","properties":{"k":"platform","name":"Gneisenaustraße"},"geometry":{"type":"Polygon","coordinates":[[[13.396651,52.491091],[13.396686,52.491151],[13.396579,52.491172],[13.394998,52.491488],[13.394982,52.491463],[13.394965,52.491431],[13.396551,52.491111],[13.396651,52.491091]]]}},{"type":"Feature","properties":{"k":"platform","name":"Yorckstraße"},"geometry":{"type":"Polygon","coordinates":[[[13.370066,52.492962],[13.370059,52.493014],[13.370215,52.493022],[13.370381,52.493032],[13.370791,52.49304],[13.371587,52.493045],[13.371588,52.492998],[13.371589,52.492958],[13.371304,52.492951],[13.37103,52.492944],[13.370228,52.492917],[13.370074,52.492912],[13.370066,52.492962]]]}},{"type":"Feature","properties":{"k":"platform","name":"Kleistpark"},"geometry":{"type":"Polygon","coordinates":[[[13.359428,52.490454],[13.359796,52.490442],[13.359843,52.490441],[13.360651,52.490398],[13.361018,52.490385],[13.361004,52.490296],[13.360589,52.490294],[13.359787,52.490341],[13.359772,52.490342],[13.359413,52.490377],[13.359428,52.490454]]]}},{"type":"Feature","properties":{"k":"platform","name":"Osloer Straße"},"geometry":{"type":"Polygon","coordinates":[[[13.372823,52.556751],[13.372951,52.556712],[13.373295,52.557142],[13.373469,52.55737],[13.373622,52.557605],[13.373549,52.557631],[13.373161,52.557209],[13.372957,52.556946],[13.372823,52.556751]]]}},{"type":"Feature","properties":{"k":"platform","name":"Osloer Straße"},"geometry":{"type":"Polygon","coordinates":[[[13.372716,52.557493],[13.372834,52.557549],[13.373829,52.556768],[13.373725,52.556717],[13.373207,52.557116],[13.372716,52.557493]]]}},{"type":"Feature","properties":{"k":"platform","name":"Eisenacher Straße"},"geometry":{"type":"Polygon","coordinates":[[[13.351114,52.489692],[13.351123,52.489658],[13.351129,52.489636],[13.351133,52.489618],[13.349538,52.489452],[13.349537,52.489471],[13.349531,52.489492],[13.349516,52.489528],[13.351114,52.489692]]]}},{"type":"Feature","properties":{"k":"track","lvl":"tunnel","lines":"","c":"#8a8a8a","svc":"siding","bau":0,"name":""},"geometry":{"type":"LineString","coordinates":[[13.360799,52.547559],[13.360586,52.54745],[13.360404,52.54736]]}},{"type":"Feature","properties":{"k":"track","lvl":"tunnel","lines":"","c":"#8a8a8a","svc":"","bau":0,"name":""},"geometry":{"type":"LineString","coordinates":[[13.341321,52.527395],[13.34138,52.527829]]}},{"type":"Feature","properties":{"k":"platform","name":"Stadtmitte"},"geometry":{"type":"Polygon","coordinates":[[[13.389778,52.51083],[13.389864,52.510835],[13.389867,52.510815],[13.389913,52.510509],[13.389954,52.510233],[13.390005,52.509898],[13.389947,52.509895],[13.389872,52.510221],[13.389829,52.510504],[13.389781,52.51081],[13.389778,52.51083]]]}},{"type":"Feature","properties":{"k":"platform","name":"Ullsteinstraße"},"geometry":{"type":"Polygon","coordinates":[[[13.384286,52.454382],[13.384346,52.454386],[13.384404,52.45439],[13.384588,52.453405],[13.384529,52.453401],[13.38447,52.453397],[13.384286,52.454382]]]}},{"type":"Feature","properties":{"k":"track","lvl":"tunnel","lines":"U6","c":"#8C6DAB","svc":"","bau":0,"name":""},"geometry":{"type":"LineString","coordinates":[[13.387206,52.440452],[13.387403,52.440287]]}},{"type":"Feature","properties":{"k":"track","lvl":"tunnel","lines":"","c":"#8a8a8a","svc":"yard","bau":0,"name":"4"},"geometry":{"type":"LineString","coordinates":[[13.351009,52.550886],[13.351365,52.55073]]}},{"type":"Feature","properties":{"k":"track","lvl":"tunnel","lines":"","c":"#8a8a8a","svc":"yard","bau":0,"name":"4"},"geometry":{"type":"LineString","coordinates":[[13.351162,52.550976],[13.351458,52.550763]]}},{"type":"Feature","properties":{"k":"track","lvl":"tunnel","lines":"","c":"#8a8a8a","svc":"","bau":0,"name":""},"geometry":{"type":"LineString","coordinates":[[13.388674,52.517661],[13.388725,52.51752],[13.388772,52.517395]]}},{"type":"Feature","properties":{"k":"track","lvl":"tunnel","lines":"","c":"#8a8a8a","svc":"","bau":0,"name":""},"geometry":{"type":"LineString","coordinates":[[13.388719,52.517394],[13.388725,52.51752],[13.388729,52.517667]]}},{"type":"Feature","properties":{"k":"track","lvl":"tunnel","lines":"","c":"#8a8a8a","svc":"","bau":0,"name":""},"geometry":{"type":"LineString","coordinates":[[13.386814,52.441615],[13.386891,52.441469],[13.386975,52.441317]]}},{"type":"Feature","properties":{"k":"track","lvl":"tunnel","lines":"","c":"#8a8a8a","svc":"","bau":0,"name":""},"geometry":{"type":"LineString","coordinates":[[13.386864,52.441628],[13.386891,52.441469],[13.386917,52.44131]]}},{"type":"Feature","properties":{"k":"platform","name":"Hönow"},"geometry":{"type":"Polygon","coordinates":[[[13.632229,52.53851],[13.633898,52.538144],[13.633881,52.538115],[13.63387,52.538096],[13.632201,52.538461],[13.632214,52.538484],[13.632229,52.53851]]]}},{"type":"Feature","properties":{"k":"platform","name":"Fehrbelliner Platz"},"geometry":{"type":"Polygon","coordinates":[[[13.31374,52.490734],[13.313897,52.49081],[13.314092,52.49067],[13.314509,52.490372],[13.314916,52.490039],[13.31479,52.489975],[13.31374,52.490734]]]}},{"type":"Feature","properties":{"k":"platform","name":"Fehrbelliner Platz"},"geometry":{"type":"Polygon","coordinates":[[[13.316175,52.491091],[13.316216,52.49105],[13.316253,52.491011],[13.316121,52.49096],[13.315976,52.490902],[13.315845,52.490845],[13.315701,52.490777],[13.315582,52.490718],[13.315443,52.490644],[13.315288,52.490553],[13.315089,52.490421],[13.314775,52.490194],[13.314518,52.489931],[13.314392,52.489972],[13.31451,52.490114],[13.314688,52.490287],[13.314789,52.490364],[13.31492,52.490458],[13.315,52.490513],[13.315101,52.49058],[13.315246,52.490672],[13.315404,52.490758],[13.315551,52.490831],[13.315766,52.49093],[13.315975,52.491016],[13.316175,52.491091]]]}},{"type":"Feature","properties":{"k":"track","lvl":"tunnel","lines":"U3","c":"#16683D","svc":"","bau":0,"name":"U3"},"geometry":{"type":"LineString","coordinates":[[13.334571,52.498733],[13.33443,52.498596],[13.334274,52.498444],[13.334122,52.498311],[13.333981,52.498194],[13.333889,52.498124],[13.333738,52.498012],[13.333522,52.497865],[13.333379,52.497773],[13.333125,52.497623],[13.332706,52.49737],[13.331608,52.496756],[13.331511,52.496702],[13.331322,52.496586],[13.331214,52.496486],[13.331132,52.496399],[13.331079,52.496338],[13.331024,52.496255],[13.330964,52.496155],[13.330846,52.495886],[13.330782,52.495785],[13.330712,52.495702],[13.330608,52.495613],[13.330504,52.495546],[13.330345,52.495467],[13.330215,52.495421],[13.330103,52.495393],[13.329928,52.495369],[13.32795,52.495172],[13.327692,52.495138],[13.327524,52.495108],[13.327357,52.495072],[13.327196,52.49503],[13.327038,52.494983],[13.326912,52.494939],[13.325729,52.494501],[13.325388,52.49438],[13.324334,52.493994],[13.324019,52.493878],[13.323711,52.493757],[13.323322,52.493596],[13.322111,52.493119],[13.321841,52.493007],[13.32154,52.492893],[13.321208,52.492777],[13.320564,52.492559],[13.318547,52.491886],[13.318287,52.491802],[13.317882,52.491691],[13.317702,52.491632],[13.316163,52.491103],[13.315963,52.491027],[13.315753,52.490941],[13.315537,52.490842],[13.31539,52.490768],[13.315232,52.490682],[13.315085,52.490589],[13.314984,52.490522],[13.314903,52.490467],[13.314772,52.490372],[13.314669,52.490294],[13.314581,52.490209],[13.31449,52.49012],[13.314408,52.490024],[13.314349,52.489946],[13.314215,52.489748],[13.314118,52.489578],[13.314047,52.489442],[13.313997,52.489339],[13.313955,52.489235],[13.313921,52.48913],[13.313904,52.489058],[13.31389,52.488987],[13.313875,52.488881],[13.31386,52.488575],[13.313857,52.48836],[13.31387,52.488091],[13.313866,52.48791],[13.313832,52.487426],[13.313806,52.487049],[13.313774,52.486275],[13.313609,52.483818]]}},{"type":"Feature","properties":{"k":"track","lvl":"tunnel","lines":"U3","c":"#16683D","svc":"","bau":0,"name":"U3"},"geometry":{"type":"LineString","coordinates":[[13.312433,52.478776],[13.312464,52.478671],[13.312497,52.478583],[13.312539,52.478499],[13.313362,52.477133],[13.313697,52.476509],[13.31381,52.476282],[13.313913,52.476059],[13.314022,52.475794],[13.314088,52.475619],[13.314157,52.475427],[13.314239,52.475175],[13.314317,52.474872],[13.314369,52.474659],[13.314385,52.474568],[13.314397,52.474479],[13.314401,52.474406],[13.3144,52.474227],[13.314391,52.473947],[13.314328,52.472951],[13.314319,52.472809],[13.314306,52.472602],[13.314288,52.472421],[13.314261,52.472277],[13.314223,52.472154],[13.314168,52.472014],[13.3141,52.471874],[13.314002,52.471705],[13.313344,52.470802],[13.313033,52.470413],[13.312461,52.469805],[13.312301,52.469653],[13.311043,52.468544],[13.310716,52.468288],[13.31048,52.468106],[13.310363,52.468022],[13.31005,52.467784]]}},{"type":"Feature","properties":{"k":"platform","name":"Rüdesheimer Platz"},"geometry":{"type":"Polygon","coordinates":[[[13.314411,52.473947],[13.314429,52.473947],[13.314433,52.474],[13.314462,52.474],[13.314493,52.473999],[13.31449,52.473945],[13.314513,52.473945],[13.314443,52.472807],[13.314423,52.472808],[13.314418,52.472734],[13.314387,52.472735],[13.314356,52.472736],[13.31436,52.472809],[13.31434,52.472809],[13.314411,52.473947]]]}},{"type":"Feature","properties":{"k":"platform","name":"Walther-Schreiber-Platz"},"geometry":{"type":"Polygon","coordinates":[[[13.3282,52.466679],[13.328259,52.466679],[13.328317,52.466679],[13.328325,52.465481],[13.328267,52.465481],[13.328208,52.465481],[13.3282,52.466679]]]}},{"type":"Feature","properties":{"k":"platform","name":"Hohenzollernplatz"},"geometry":{"type":"Polygon","coordinates":[[[13.32403,52.493867],[13.324037,52.49386],[13.324017,52.493853],[13.324035,52.493835],[13.324052,52.493818],[13.324072,52.493825],[13.324098,52.493799],[13.324169,52.49382],[13.324417,52.493911],[13.325808,52.494424],[13.325778,52.494453],[13.325741,52.49449],[13.325399,52.494368],[13.324345,52.493982],[13.32403,52.493867]]]}},{"type":"Feature","properties":{"k":"track","lvl":"tunnel","lines":"U7","c":"#528DBA","svc":"","bau":0,"name":"U7"},"geometry":{"type":"LineString","coordinates":[[13.449947,52.44897],[13.449715,52.450143],[13.449353,52.451237]]}},{"type":"Feature","properties":{"k":"track","lvl":"tunnel","lines":"U7","c":"#528DBA","svc":"","bau":0,"name":"U7"},"geometry":{"type":"LineString","coordinates":[[13.447704,52.442668],[13.447332,52.442262],[13.446991,52.441852],[13.446913,52.441579],[13.446907,52.441068],[13.446934,52.440715],[13.446993,52.440313],[13.44762,52.438885]]}},{"type":"Feature","properties":{"k":"platform","name":"Rohrdamm"},"geometry":{"type":"Polygon","coordinates":[[[13.26133,52.537108],[13.261326,52.537088],[13.261321,52.537061],[13.261316,52.537034],[13.261311,52.537003],[13.263437,52.536871],[13.263442,52.536893],[13.263447,52.536914],[13.263451,52.536933],[13.263456,52.536958],[13.26133,52.537108]]]}},{"type":"Feature","properties":{"k":"track","lvl":"ground","lines":"","c":"#8a8a8a","svc":"yard","bau":0,"name":""},"geometry":{"type":"LineString","coordinates":[[13.248181,52.520239],[13.248179,52.52027],[13.248173,52.520347],[13.24819,52.520461]]}},{"type":"Feature","properties":{"k":"track","lvl":"ground","lines":"","c":"#8a8a8a","svc":"yard","bau":0,"name":""},"geometry":{"type":"LineString","coordinates":[[13.248233,52.520283],[13.248227,52.520234],[13.248226,52.520155],[13.24823,52.520085]]}},{"type":"Feature","properties":{"k":"track","lvl":"ground","lines":"","c":"#8a8a8a","svc":"yard","bau":0,"name":""},"geometry":{"type":"LineString","coordinates":[[13.248233,52.520283],[13.248254,52.520394],[13.248299,52.520483]]}},{"type":"Feature","properties":{"k":"track","lvl":"ground","lines":"","c":"#8a8a8a","svc":"yard","bau":0,"name":""},"geometry":{"type":"LineString","coordinates":[[13.248299,52.520483],[13.248356,52.520556],[13.248437,52.520628]]}},{"type":"Feature","properties":{"k":"platform","name":"Paulsternstraße"},"geometry":{"type":"Polygon","coordinates":[[[13.246758,52.5381],[13.246741,52.538009],[13.247155,52.537976],[13.247805,52.537924],[13.24802,52.537907],[13.248225,52.537905],[13.248349,52.537903],[13.248363,52.53799],[13.248239,52.538],[13.247652,52.538049],[13.247309,52.538073],[13.24717,52.53808],[13.246758,52.5381]]]}},{"type":"Feature","properties":{"k":"platform","name":"Zitadelle"},"geometry":{"type":"Polygon","coordinates":[[[13.216806,52.537971],[13.217492,52.537748],[13.217748,52.537662],[13.217783,52.537704],[13.218015,52.537629],[13.217978,52.537586],[13.218369,52.537458],[13.218345,52.537431],[13.21777,52.537619],[13.216782,52.537943],[13.216806,52.537971]]]}},{"type":"Feature","properties":{"k":"platform","name":"Zitadelle"},"geometry":{"type":"Polygon","coordinates":[[[13.216721,52.53787],[13.21771,52.537549],[13.218283,52.537363],[13.218258,52.537335],[13.21787,52.537461],[13.217835,52.53742],[13.217605,52.537495],[13.217641,52.537536],[13.216696,52.537842],[13.216721,52.53787]]]}},{"type":"Feature","properties":{"k":"platform","name":"Haselhorst"},"geometry":{"type":"Polygon","coordinates":[[[13.232088,52.53849],[13.232058,52.538557],[13.23205,52.538574],[13.232038,52.538595],[13.232302,52.538646],[13.232885,52.53875],[13.233199,52.538802],[13.233435,52.538834],[13.233719,52.538866],[13.234042,52.538902],[13.234132,52.538909],[13.234343,52.538927],[13.234372,52.538843],[13.234167,52.538812],[13.232352,52.538531],[13.232088,52.53849]]]}},{"type":"Feature","properties":{"k":"track","lvl":"tunnel","lines":"U2","c":"#DA421E","svc":"","bau":0,"name":""},"geometry":{"type":"LineString","coordinates":[[13.410202,52.569587],[13.410519,52.568956],[13.410659,52.56869],[13.410926,52.568166],[13.411112,52.567803],[13.411276,52.567451],[13.411362,52.567257]]}},{"type":"Feature","properties":{"k":"track","lvl":"tunnel","lines":"U2","c":"#DA421E","svc":"","bau":0,"name":""},"geometry":{"type":"LineString","coordinates":[[13.412254,52.566126],[13.412155,52.566295],[13.41185,52.566801]]}},{"type":"Feature","properties":{"k":"track","lvl":"tunnel","lines":"","c":"#8a8a8a","svc":"","bau":1,"name":""},"geometry":{"type":"LineString","coordinates":[[13.284958,52.588298],[13.285311,52.588063]]}},{"type":"Feature","properties":{"k":"track","lvl":"tunnel","lines":"","c":"#8a8a8a","svc":"","bau":1,"name":""},"geometry":{"type":"LineString","coordinates":[[13.284541,52.588812],[13.284864,52.588379]]}},{"type":"Feature","properties":{"k":"track","lvl":"tunnel","lines":"","c":"#8a8a8a","svc":"","bau":1,"name":""},"geometry":{"type":"LineString","coordinates":[[13.28349,52.589622],[13.284107,52.589028],[13.28439,52.588755],[13.284864,52.588379],[13.284958,52.588298]]}},{"type":"Feature","properties":{"k":"platform","name":"Friedrich-Wilhelm-Platz"},"geometry":{"type":"Polygon","coordinates":[[[13.328613,52.472746],[13.328672,52.472749],[13.328699,52.472752],[13.328758,52.472755],[13.328806,52.472511],[13.328838,52.472247],[13.328833,52.47197],[13.328816,52.471838],[13.328745,52.471516],[13.328701,52.471517],[13.328679,52.471519],[13.328658,52.47152],[13.328615,52.471522],[13.328625,52.471709],[13.328654,52.4721],[13.328647,52.472493],[13.328613,52.472746]]]}},{"type":"Feature","properties":{"k":"track","lvl":"tunnel","lines":"","c":"#8a8a8a","svc":"siding","bau":0,"name":""},"geometry":{"type":"LineString","coordinates":[[13.397653,52.535832],[13.39762,52.535954],[13.3976,52.536176]]}},{"type":"Feature","properties":{"k":"platform","name":"Rosenthaler Platz"},"geometry":{"type":"Polygon","coordinates":[[[13.401109,52.529842],[13.401131,52.529849],[13.401178,52.529863],[13.401222,52.529877],[13.400332,52.530912],[13.400307,52.530904],[13.400277,52.530894],[13.400253,52.530886],[13.400228,52.530879],[13.401109,52.529842]]]}},{"type":"Feature","properties":{"k":"track","lvl":"tunnel","lines":"","c":"#8a8a8a","svc":"yard","bau":0,"name":""},"geometry":{"type":"LineString","coordinates":[[13.239124,52.441793],[13.239889,52.44238],[13.239992,52.442458],[13.240094,52.442537],[13.240193,52.442615],[13.24029,52.442694],[13.240387,52.442774],[13.240486,52.442853],[13.240588,52.442931],[13.240691,52.443008],[13.240879,52.443144]]}},{"type":"Feature","properties":{"k":"track","lvl":"ground","lines":"U5","c":"#7E5330","svc":"","bau":0,"name":""},"geometry":{"type":"LineString","coordinates":[[13.57636,52.512617],[13.574073,52.512649]]}},{"type":"Feature","properties":{"k":"track","lvl":"ground","lines":"U5","c":"#7E5330","svc":"","bau":0,"name":""},"geometry":{"type":"LineString","coordinates":[[13.57636,52.512576],[13.57659,52.512572]]}},{"type":"Feature","properties":{"k":"track","lvl":"ground","lines":"","c":"#8a8a8a","svc":"yard","bau":0,"name":""},"geometry":{"type":"LineString","coordinates":[[13.571326,52.511987],[13.57113,52.511938],[13.570855,52.511847],[13.5708,52.511823],[13.570396,52.511653]]}},{"type":"Feature","properties":{"k":"track","lvl":"tunnel","lines":"U4","c":"#F0D722","svc":"","bau":0,"name":"U4"},"geometry":{"type":"LineString","coordinates":[[13.343161,52.479985],[13.343253,52.479794],[13.343277,52.479741],[13.343299,52.479689],[13.343333,52.479599]]}},{"type":"Feature","properties":{"k":"track","lvl":"tunnel","lines":"U4","c":"#F0D722","svc":"","bau":0,"name":"U4"},"geometry":{"type":"LineString","coordinates":[[13.343308,52.479797],[13.343214,52.479996],[13.342929,52.48061],[13.342799,52.480905],[13.342373,52.482081],[13.342257,52.482562],[13.342176,52.482827]]}},{"type":"Feature","properties":{"k":"track","lvl":"tunnel","lines":"U3","c":"#16683D","svc":"","bau":0,"name":"U1"},"geometry":{"type":"LineString","coordinates":[[13.447817,52.503517],[13.447973,52.503714],[13.448014,52.503758],[13.448256,52.504075]]}},{"type":"Feature","properties":{"k":"track","lvl":"tunnel","lines":"U1 U3","c":"#7DAD4C","svc":"","bau":0,"name":"U1"},"geometry":{"type":"LineString","coordinates":[[13.448041,52.503877],[13.447917,52.503723],[13.44777,52.503529]]}},{"type":"Feature","properties":{"k":"platform","name":"Kurfürstendamm"},"geometry":{"type":"Polygon","coordinates":[[[13.331393,52.503932],[13.331509,52.503926],[13.331492,52.503803],[13.33134,52.50283],[13.33129,52.502833],[13.33121,52.502838],[13.33136,52.503771],[13.331393,52.503932]]]}},{"type":"Feature","properties":{"k":"platform","name":"Kurfürstendamm"},"geometry":{"type":"Polygon","coordinates":[[[13.332778,52.504152],[13.332803,52.504108],[13.33156,52.503882],[13.330985,52.503762],[13.33096,52.503807],[13.33153,52.503926],[13.332778,52.504152]]]}},{"type":"Feature","properties":{"k":"platform","name":"Kurfürstendamm"},"geometry":{"type":"Polygon","coordinates":[[[13.332845,52.504052],[13.332871,52.504008],[13.331873,52.503833],[13.331057,52.503651],[13.331031,52.503695],[13.331841,52.503876],[13.332845,52.504052]]]}},{"type":"Feature","properties":{"k":"track","lvl":"tunnel","lines":"U1 U3","c":"#7DAD4C","svc":"","bau":0,"name":"U1"},"geometry":{"type":"LineString","coordinates":[[13.406364,52.498407],[13.405092,52.4984],[13.404524,52.498397],[13.404435,52.498396]]}},{"type":"Feature","properties":{"k":"track","lvl":"tunnel","lines":"U3","c":"#16683D","svc":"","bau":0,"name":"U3"},"geometry":{"type":"LineString","coordinates":[[13.313257,52.480627],[13.313207,52.480496],[13.313163,52.480398],[13.313125,52.480327],[13.313056,52.480204],[13.312954,52.480045],[13.312663,52.479595]]}},{"type":"Feature","properties":{"k":"track","lvl":"tunnel","lines":"U3","c":"#16683D","svc":"","bau":0,"name":"U3"},"geometry":{"type":"LineString","coordinates":[[13.313609,52.483818],[13.313586,52.483483],[13.313513,52.482378],[13.313422,52.481399],[13.313413,52.481202],[13.31339,52.481063],[13.313325,52.480851],[13.313257,52.480627]]}},{"type":"Feature","properties":{"k":"platform","name":"Rathaus Reinickendorf"},"geometry":{"type":"Polygon","coordinates":[[[13.326067,52.587889],[13.326004,52.58788],[13.325967,52.587956],[13.325904,52.587948],[13.325938,52.587872],[13.325887,52.587865],[13.325729,52.588181],[13.325449,52.588926],[13.325446,52.588958],[13.325504,52.588963],[13.325553,52.588825],[13.325623,52.588834],[13.325573,52.588972],[13.325645,52.588979],[13.325874,52.588289],[13.326067,52.587889]]]}},{"type":"Feature","properties":{"k":"track","lvl":"bridge","lines":"U2","c":"#DA421E","svc":"","bau":0,"name":"U2"},"geometry":{"type":"LineString","coordinates":[[13.374792,52.50362],[13.374769,52.503548],[13.374703,52.503332],[13.37443,52.502439],[13.37426,52.501829],[13.374105,52.501197],[13.374041,52.50092],[13.374029,52.500772],[13.374031,52.500621],[13.374048,52.500445],[13.374083,52.500275],[13.374097,52.500207],[13.374114,52.500141],[13.374124,52.500081],[13.374124,52.500031],[13.374128,52.499983],[13.374127,52.499896],[13.374117,52.499797],[13.374089,52.4996],[13.374,52.499214],[13.373987,52.499154],[13.373966,52.499055],[13.373925,52.49885],[13.373877,52.498623],[13.373824,52.498374],[13.373792,52.498276],[13.37364,52.497955],[13.373558,52.497785],[13.373483,52.49764],[13.373381,52.497515],[13.373264,52.497416],[13.373148,52.497338],[13.373025,52.497266],[13.372824,52.497179],[13.372619,52.497112],[13.372405,52.49707],[13.372159,52.497039],[13.371908,52.497025],[13.368526,52.496976]]}},{"type":"Feature","properties":{"k":"track","lvl":"tunnel","lines":"","c":"#8a8a8a","svc":"yard","bau":0,"name":"Kehranlage Theodor-Heuss-Platz"},"geometry":{"type":"LineString","coordinates":[[13.271601,52.510137],[13.271419,52.510165],[13.271359,52.510181],[13.271166,52.510233],[13.271118,52.510253],[13.270846,52.510364],[13.270489,52.510562],[13.270265,52.510691],[13.269812,52.510949]]}},{"type":"Feature","properties":{"k":"track","lvl":"tunnel","lines":"","c":"#8a8a8a","svc":"yard","bau":0,"name":"Kehranlage Theodor-Heuss-Platz"},"geometry":{"type":"LineString","coordinates":[[13.269764,52.510927],[13.270645,52.510407],[13.2708,52.510321],[13.271092,52.510216],[13.271154,52.510193],[13.271325,52.510129],[13.271423,52.510092]]}},{"type":"Feature","properties":{"k":"track","lvl":"tunnel","lines":"","c":"#8a8a8a","svc":"yard","bau":0,"name":""},"geometry":{"type":"LineString","coordinates":[[13.271359,52.510181],[13.271092,52.510216]]}},{"type":"Feature","properties":{"k":"track","lvl":"tunnel","lines":"","c":"#8a8a8a","svc":"yard","bau":0,"name":""},"geometry":{"type":"LineString","coordinates":[[13.271118,52.510253],[13.271325,52.510129]]}},{"type":"Feature","properties":{"k":"track","lvl":"tunnel","lines":"","c":"#8a8a8a","svc":"","bau":1,"name":""},"geometry":{"type":"LineString","coordinates":[[13.291168,52.58123],[13.291099,52.581298],[13.291024,52.581378],[13.290843,52.581597],[13.2902,52.582376],[13.289953,52.582622],[13.286946,52.586272],[13.286039,52.587294],[13.285525,52.587849],[13.285311,52.588063]]}},{"type":"Feature","properties":{"k":"track","lvl":"tunnel","lines":"U7","c":"#528DBA","svc":"","bau":0,"name":"U7"},"geometry":{"type":"LineString","coordinates":[[13.447809,52.43891],[13.447117,52.440327],[13.447059,52.44072],[13.447033,52.441069],[13.447038,52.441572],[13.447111,52.441828],[13.447442,52.442226],[13.447814,52.442631]]}},{"type":"Feature","properties":{"k":"track","lvl":"tunnel","lines":"","c":"#8a8a8a","svc":"siding","bau":0,"name":""},"geometry":{"type":"LineString","coordinates":[[13.410848,52.520027],[13.410452,52.519881]]}},{"type":"Feature","properties":{"k":"track","lvl":"tunnel","lines":"","c":"#8a8a8a","svc":"siding","bau":0,"name":""},"geometry":{"type":"LineString","coordinates":[[13.41198,52.52076],[13.41176,52.520587]]}},{"type":"Feature","properties":{"k":"track","lvl":"tunnel","lines":"","c":"#8a8a8a","svc":"siding","bau":0,"name":""},"geometry":{"type":"LineString","coordinates":[[13.411162,52.520293],[13.410822,52.520179]]}},{"type":"Feature","properties":{"k":"track","lvl":"tunnel","lines":"","c":"#8a8a8a","svc":"siding","bau":0,"name":""},"geometry":{"type":"LineString","coordinates":[[13.411834,52.520558],[13.411512,52.52046]]}},{"type":"Feature","properties":{"k":"track","lvl":"tunnel","lines":"U9","c":"#F3791D","svc":"","bau":0,"name":"U9"},"geometry":{"type":"LineString","coordinates":[[13.341594,52.534763],[13.341878,52.535332],[13.342233,52.535957]]}},{"type":"Feature","properties":{"k":"track","lvl":"tunnel","lines":"U3","c":"#16683D","svc":"","bau":0,"name":"U3"},"geometry":{"type":"LineString","coordinates":[[13.241,52.443084],[13.241629,52.443542],[13.241975,52.443779],[13.242193,52.443924],[13.24294,52.444381],[13.243167,52.444516]]}},{"type":"Feature","properties":{"k":"track","lvl":"tunnel","lines":"U3","c":"#16683D","svc":"","bau":0,"name":"U3"},"geometry":{"type":"LineString","coordinates":[[13.243771,52.444927],[13.242504,52.444171],[13.242116,52.443981],[13.241861,52.443843],[13.241672,52.443722],[13.241506,52.4436],[13.240879,52.443144]]}},{"type":"Feature","properties":{"k":"track","lvl":"tunnel","lines":"U6","c":"#8C6DAB","svc":"","bau":0,"name":"U6"},"geometry":{"type":"LineString","coordinates":[[13.387414,52.439655],[13.387628,52.438861]]}},{"type":"Feature","properties":{"k":"track","lvl":"tunnel","lines":"U6","c":"#8C6DAB","svc":"","bau":0,"name":"U6"},"geometry":{"type":"LineString","coordinates":[[13.387685,52.438864],[13.387693,52.439204],[13.387619,52.43965]]}},{"type":"Feature","properties":{"k":"track","lvl":"tunnel","lines":"","c":"#8a8a8a","svc":"","bau":1,"name":""},"geometry":{"type":"LineString","coordinates":[[13.283644,52.589675],[13.283573,52.589743],[13.283011,52.590348],[13.282458,52.590968],[13.282403,52.591039],[13.282191,52.591319],[13.281747,52.592049]]}},{"type":"Feature","properties":{"k":"track","lvl":"tunnel","lines":"","c":"#8a8a8a","svc":"","bau":1,"name":""},"geometry":{"type":"LineString","coordinates":[[13.281552,52.592052],[13.281784,52.591653],[13.281964,52.591358],[13.282331,52.590936],[13.282937,52.590222],[13.283423,52.589686],[13.28349,52.589622]]}},{"type":"Feature","properties":{"k":"track","lvl":"tunnel","lines":"U5","c":"#7E5330","svc":"","bau":0,"name":""},"geometry":{"type":"LineString","coordinates":[[13.381423,52.516681],[13.381163,52.516664]]}},{"type":"Feature","properties":{"k":"track","lvl":"tunnel","lines":"U1","c":"#7DAD4C","svc":"","bau":0,"name":"U1"},"geometry":{"type":"LineString","coordinates":[[13.326295,52.50266],[13.326957,52.502808]]}},{"type":"Feature","properties":{"k":"track","lvl":"tunnel","lines":"U1","c":"#7DAD4C","svc":"","bau":0,"name":"U1"},"geometry":{"type":"LineString","coordinates":[[13.32645,52.502806],[13.326227,52.502757]]}},{"type":"Feature","properties":{"k":"track","lvl":"ground","lines":"U1","c":"#7DAD4C","svc":"","bau":0,"name":"U1"},"geometry":{"type":"LineString","coordinates":[[13.449038,52.505173],[13.448779,52.50483]]}},{"type":"Feature","properties":{"k":"track","lvl":"ground","lines":"U3","c":"#16683D","svc":"","bau":0,"name":"U1"},"geometry":{"type":"LineString","coordinates":[[13.44919,52.505128],[13.449232,52.505182]]}},{"type":"Feature","properties":{"k":"track","lvl":"tunnel","lines":"","c":"#8a8a8a","svc":"yard","bau":0,"name":""},"geometry":{"type":"LineString","coordinates":[[13.239181,52.441764],[13.239948,52.442352],[13.240053,52.442429],[13.240158,52.442504],[13.240266,52.442578],[13.240376,52.442651],[13.240486,52.442723],[13.240595,52.442797],[13.240703,52.442871],[13.240809,52.442946],[13.241,52.443084]]}},{"type":"Feature","properties":{"k":"track","lvl":"tunnel","lines":"U4","c":"#F0D722","svc":"","bau":0,"name":"U4"},"geometry":{"type":"LineString","coordinates":[[13.343824,52.478854],[13.343746,52.479016]]}},{"type":"Feature","properties":{"k":"track","lvl":"tunnel","lines":"U2","c":"#DA421E","svc":"","bau":0,"name":""},"geometry":{"type":"LineString","coordinates":[[13.41185,52.566801],[13.411549,52.5673]]}},{"type":"Feature","properties":{"k":"track","lvl":"ground","lines":"U2","c":"#DA421E","svc":"","bau":0,"name":""},"geometry":{"type":"LineString","coordinates":[[13.240117,52.525868],[13.240338,52.525813],[13.240777,52.525702],[13.241223,52.525587]]}},{"type":"Feature","properties":{"k":"track","lvl":"tunnel","lines":"U2","c":"#DA421E","svc":"","bau":0,"name":""},"geometry":{"type":"LineString","coordinates":[[13.411362,52.567257],[13.411449,52.567063],[13.411606,52.566756]]}},{"type":"Feature","properties":{"k":"track","lvl":"tunnel","lines":"U5","c":"#7E5330","svc":"","bau":0,"name":""},"geometry":{"type":"LineString","coordinates":[[13.413028,52.521208],[13.412826,52.521112]]}},{"type":"Feature","properties":{"k":"track","lvl":"ground","lines":"U5","c":"#7E5330","svc":"","bau":0,"name":""},"geometry":{"type":"LineString","coordinates":[[13.63281,52.538559],[13.632296,52.538671],[13.631981,52.538728]]}},{"type":"Feature","properties":{"k":"track","lvl":"ground","lines":"U5","c":"#7E5330","svc":"","bau":0,"name":""},"geometry":{"type":"LineString","coordinates":[[13.631893,52.538634],[13.633622,52.538258]]}},{"type":"Feature","properties":{"k":"track","lvl":"tunnel","lines":"U5","c":"#7E5330","svc":"","bau":0,"name":""},"geometry":{"type":"LineString","coordinates":[[13.412877,52.521072],[13.414089,52.521643]]}},{"type":"Feature","properties":{"k":"track","lvl":"tunnel","lines":"U7","c":"#528DBA","svc":"","bau":0,"name":"U7"},"geometry":{"type":"LineString","coordinates":[[13.199781,52.535383],[13.199742,52.535272],[13.199659,52.535041],[13.199621,52.534961],[13.199555,52.534817],[13.199475,52.534688],[13.198932,52.533957],[13.198878,52.533865],[13.198497,52.533279],[13.198173,52.532776],[13.197977,52.532552],[13.197787,52.53234],[13.196759,52.531111]]}},{"type":"Feature","properties":{"k":"track","lvl":"tunnel","lines":"U7","c":"#528DBA","svc":"","bau":0,"name":"U7"},"geometry":{"type":"LineString","coordinates":[[13.199951,52.535427],[13.199669,52.534655],[13.19954,52.534454],[13.199057,52.533882],[13.198881,52.533523],[13.198788,52.533362],[13.198367,52.532718],[13.197927,52.532286],[13.197644,52.532007],[13.197318,52.531625],[13.197133,52.531399],[13.196969,52.531205],[13.196852,52.531076]]}},{"type":"Feature","properties":{"k":"track","lvl":"tunnel","lines":"U7","c":"#528DBA","svc":"","bau":0,"name":"U7"},"geometry":{"type":"LineString","coordinates":[[13.496291,52.415783],[13.495838,52.415927],[13.495283,52.416185],[13.495064,52.416296],[13.494715,52.416486],[13.494561,52.416572]]}},{"type":"Feature","properties":{"k":"track","lvl":"tunnel","lines":"U7","c":"#528DBA","svc":"","bau":0,"name":"U7"},"geometry":{"type":"LineString","coordinates":[[13.496291,52.415783],[13.495872,52.41598],[13.495646,52.416086],[13.495299,52.416259],[13.49508,52.416371],[13.494917,52.416465],[13.494611,52.416635]]}},{"type":"Feature","properties":{"k":"track","lvl":"tunnel","lines":"U8","c":"#224F86","svc":"","bau":0,"name":"U8"},"geometry":{"type":"LineString","coordinates":[[13.334715,52.595711],[13.333919,52.595673]]}},{"type":"Feature","properties":{"k":"track","lvl":"tunnel","lines":"U8","c":"#224F86","svc":"","bau":0,"name":""},"geometry":{"type":"LineString","coordinates":[[13.431463,52.467106],[13.431479,52.46708]]}},{"type":"Feature","properties":{"k":"track","lvl":"tunnel","lines":"U8","c":"#224F86","svc":"","bau":0,"name":"U8"},"geometry":{"type":"LineString","coordinates":[[13.431602,52.467105],[13.431214,52.467777]]}},{"type":"Feature","properties":{"k":"track","lvl":"tunnel","lines":"U9","c":"#F3791D","svc":"","bau":0,"name":""},"geometry":{"type":"LineString","coordinates":[[13.320805,52.456813],[13.32014,52.455496]]}},{"type":"Feature","properties":{"k":"track","lvl":"tunnel","lines":"U9","c":"#F3791D","svc":"","bau":0,"name":"U9"},"geometry":{"type":"LineString","coordinates":[[13.320334,52.455467],[13.320757,52.456263],[13.321022,52.456776]]}},{"type":"Feature","properties":{"k":"track","lvl":"tunnel","lines":"U9","c":"#F3791D","svc":"","bau":0,"name":"U9"},"geometry":{"type":"LineString","coordinates":[[13.373322,52.557134],[13.373426,52.55727],[13.373496,52.557362],[13.37365,52.557598],[13.373723,52.557722]]}},{"type":"Feature","properties":{"k":"track","lvl":"tunnel","lines":"U9","c":"#F3791D","svc":"","bau":0,"name":"U9"},"geometry":{"type":"LineString","coordinates":[[13.373617,52.557749],[13.373523,52.55764],[13.373406,52.557513],[13.373135,52.557218]]}},{"type":"Feature","properties":{"k":"track","lvl":"ground","lines":"","c":"#8a8a8a","svc":"crossover","bau":0,"name":""},"geometry":{"type":"LineString","coordinates":[[13.543667,52.499003],[13.543864,52.499048],[13.54405,52.499085],[13.544354,52.499138],[13.544484,52.499164],[13.544589,52.499188],[13.544733,52.499223]]}},{"type":"Feature","properties":{"k":"track","lvl":"ground","lines":"","c":"#8a8a8a","svc":"crossover","bau":0,"name":""},"geometry":{"type":"LineString","coordinates":[[13.549281,52.500383],[13.54947,52.500439],[13.549658,52.500499],[13.549895,52.500577],[13.550077,52.500635],[13.550271,52.500691]]}},{"type":"Feature","properties":{"k":"track","lvl":"tunnel","lines":"U5","c":"#7E5330","svc":"","bau":0,"name":""},"geometry":{"type":"LineString","coordinates":[[13.370084,52.525142],[13.370369,52.524755],[13.37038,52.524739]]}},{"type":"Feature","properties":{"k":"platform","name":"Unter den Linden"},"geometry":{"type":"Polygon","coordinates":[[[13.389114,52.516061],[13.389069,52.516058],[13.389028,52.516056],[13.388836,52.517213],[13.388921,52.517218],[13.388971,52.516919],[13.389114,52.516061]]]}},{"type":"Feature","properties":{"k":"platform","name":"Unter den Linden"},"geometry":{"type":"Polygon","coordinates":[[[13.388638,52.517191],[13.388717,52.517196],[13.388919,52.516054],[13.388882,52.516051],[13.388842,52.516048],[13.38869,52.516902],[13.388638,52.517191]]]}},{"type":"Feature","properties":{"k":"platform","name":"Rotes Rathaus"},"geometry":{"type":"Polygon","coordinates":[[[13.407372,52.518601],[13.407297,52.518661],[13.408061,52.519007],[13.40804,52.519093],[13.408191,52.519162],[13.408345,52.519034],[13.407372,52.518601]]]}},{"type":"Feature","properties":{"k":"platform","name":"Rotes Rathaus"},"geometry":{"type":"Polygon","coordinates":[[[13.407588,52.518438],[13.407462,52.518531],[13.407738,52.51865],[13.408421,52.518952],[13.408541,52.518855],[13.408391,52.518779],[13.408282,52.518825],[13.407671,52.51854],[13.407684,52.51849],[13.407588,52.518438]]]}},{"type":"Feature","properties":{"k":"track","lvl":"tunnel","lines":"U5","c":"#7E5330","svc":"","bau":0,"name":""},"geometry":{"type":"LineString","coordinates":[[13.397916,52.517299],[13.399069,52.517175],[13.399394,52.517141],[13.39979,52.517104],[13.400256,52.517071],[13.400735,52.517058],[13.401169,52.517065],[13.401642,52.517091],[13.40213,52.51714]]}},{"type":"Feature","properties":{"k":"track","lvl":"tunnel","lines":"U5","c":"#7E5330","svc":"","bau":0,"name":""},"geometry":{"type":"LineString","coordinates":[[13.385069,52.516746],[13.385476,52.516752],[13.38585,52.516752],[13.386636,52.516754],[13.387021,52.516762],[13.387477,52.516779],[13.388339,52.516833],[13.389829,52.516931],[13.389972,52.516941],[13.391064,52.517011],[13.391856,52.517074],[13.392731,52.517159],[13.393253,52.517217],[13.393765,52.517281],[13.394515,52.517372],[13.394783,52.517399],[13.395193,52.517435],[13.395704,52.517453],[13.396199,52.517442],[13.396536,52.517421],[13.39687,52.51739],[13.397916,52.517299]]}},{"type":"Feature","properties":{"k":"track","lvl":"tunnel","lines":"U5","c":"#7E5330","svc":"","bau":0,"name":""},"geometry":{"type":"LineString","coordinates":[[13.39977,52.517239],[13.398124,52.517415],[13.397956,52.517432],[13.396888,52.517526],[13.396534,52.517555],[13.39619,52.517576],[13.395706,52.517587]]}},{"type":"Feature","properties":{"k":"track","lvl":"tunnel","lines":"U5","c":"#7E5330","svc":"","bau":0,"name":""},"geometry":{"type":"LineString","coordinates":[[13.408723,52.519163],[13.408352,52.519],[13.407527,52.518649],[13.407365,52.518577],[13.406911,52.518433],[13.406597,52.518343],[13.406426,52.518294],[13.405725,52.518113],[13.404784,52.517861],[13.403928,52.517635],[13.403409,52.517497],[13.402894,52.517378],[13.402492,52.517309],[13.402076,52.517251],[13.401593,52.517203],[13.401153,52.517183],[13.400718,52.517182],[13.400229,52.517202],[13.39977,52.517239]]}},{"type":"Feature","properties":{"k":"track","lvl":"tunnel","lines":"","c":"#8a8a8a","svc":"crossover","bau":0,"name":"GN-Tunnel"},"geometry":{"type":"LineString","coordinates":[[13.412201,52.519439],[13.41211,52.519506],[13.412005,52.519607],[13.411931,52.519683],[13.411793,52.519787],[13.411683,52.519846],[13.41156,52.519895],[13.411441,52.519929],[13.41132,52.519953],[13.411209,52.519968],[13.411126,52.519975],[13.410984,52.519977],[13.410853,52.519971],[13.410719,52.519949],[13.410621,52.519928]]}},{"type":"Feature","properties":{"k":"track","lvl":"ground","lines":"","c":"#8a8a8a","svc":"yard","bau":0,"name":""},"geometry":{"type":"LineString","coordinates":[[13.249021,52.520553],[13.248959,52.520523],[13.248772,52.520441],[13.248633,52.520358],[13.248533,52.520262],[13.248461,52.520154],[13.248436,52.520043],[13.248437,52.519962],[13.248459,52.519827]]}},{"type":"Feature","properties":{"k":"platform","name":"Ernst-Reuter-Platz"},"geometry":{"type":"Polygon","coordinates":[[[13.321897,52.511835],[13.321683,52.511996],[13.321723,52.512016],[13.322011,52.511799],[13.322759,52.511238],[13.322719,52.511218],[13.322521,52.511342],[13.322042,52.511726],[13.321897,52.511835]]]}},{"type":"Feature","properties":{"k":"platform","name":"Ernst-Reuter-Platz"},"geometry":{"type":"Polygon","coordinates":[[[13.322236,52.511793],[13.322887,52.511298],[13.322847,52.511278],[13.3221,52.511846],[13.321816,52.512062],[13.321857,52.512082],[13.322069,52.51192],[13.322236,52.511793]]]}},{"type":"Feature","properties":{"k":"track","lvl":"tunnel","lines":"","c":"#8a8a8a","svc":"crossover","bau":0,"name":""},"geometry":{"type":"LineString","coordinates":[[13.370983,52.524229],[13.371128,52.523717],[13.371217,52.523401]]}},{"type":"Feature","properties":{"k":"track","lvl":"tunnel","lines":"","c":"#8a8a8a","svc":"crossover","bau":0,"name":""},"geometry":{"type":"LineString","coordinates":[[13.37068,52.52427],[13.371128,52.523717],[13.371355,52.523436]]}},{"type":"Feature","properties":{"k":"track","lvl":"ground","lines":"","c":"#8a8a8a","svc":"yard","bau":0,"name":""},"geometry":{"type":"LineString","coordinates":[[13.51527,52.503821],[13.515324,52.503784],[13.515413,52.503723],[13.51556,52.503614]]}},{"type":"Feature","properties":{"k":"track","lvl":"ground","lines":"","c":"#8a8a8a","svc":"yard","bau":0,"name":""},"geometry":{"type":"LineString","coordinates":[[13.518405,52.500146],[13.51856,52.500006]]}},{"type":"Feature","properties":{"k":"track","lvl":"tunnel","lines":"","c":"#8a8a8a","svc":"crossover","bau":0,"name":""},"geometry":{"type":"LineString","coordinates":[[13.389502,52.495201],[13.389776,52.495477],[13.389879,52.495582],[13.390152,52.495723]]}},{"type":"Feature","properties":{"k":"track","lvl":"tunnel","lines":"","c":"#8a8a8a","svc":"yard","bau":0,"name":""},"geometry":{"type":"LineString","coordinates":[[13.389776,52.495477],[13.389809,52.495568],[13.390074,52.495808]]}},{"type":"Feature","properties":{"k":"track","lvl":"tunnel","lines":"","c":"#8a8a8a","svc":"crossover","bau":0,"name":""},"geometry":{"type":"LineString","coordinates":[[13.388194,52.49387],[13.388191,52.493628]]}},{"type":"Feature","properties":{"k":"track","lvl":"ground","lines":"","c":"#8a8a8a","svc":"yard","bau":0,"name":""},"geometry":{"type":"LineString","coordinates":[[13.588957,52.521808],[13.588885,52.522055],[13.588798,52.522307],[13.588747,52.522476]]}},{"type":"Feature","properties":{"k":"track","lvl":"ground","lines":"","c":"#8a8a8a","svc":"yard","bau":0,"name":""},"geometry":{"type":"LineString","coordinates":[[13.249724,52.51821],[13.249565,52.518409],[13.249514,52.518477]]}},{"type":"Feature","properties":{"k":"track","lvl":"tunnel","lines":"","c":"#8a8a8a","svc":"","bau":1,"name":""},"geometry":{"type":"LineString","coordinates":[[13.285311,52.588063],[13.284874,52.588508],[13.284541,52.588812],[13.283644,52.589675]]}},{"type":"Feature","properties":{"k":"track","lvl":"bridge","lines":"U1 U3","c":"#7DAD4C","svc":"","bau":0,"name":"U1"},"geometry":{"type":"LineString","coordinates":[[13.373285,52.499502],[13.373538,52.499474],[13.373785,52.499447],[13.373962,52.499432],[13.374178,52.49942]]}},{"type":"Feature","properties":{"k":"track","lvl":"bridge","lines":"U1 U3","c":"#7DAD4C","svc":"","bau":0,"name":"U1"},"geometry":{"type":"LineString","coordinates":[[13.374556,52.499559],[13.37353,52.499572],[13.373514,52.499572],[13.373186,52.499578]]}},{"type":"Feature","properties":{"k":"track","lvl":"ground","lines":"","c":"#8a8a8a","svc":"yard","bau":0,"name":""},"geometry":{"type":"LineString","coordinates":[[13.250221,52.521368],[13.248848,52.520753]]}},{"type":"Feature","properties":{"k":"track","lvl":"ground","lines":"","c":"#8a8a8a","svc":"yard","bau":0,"name":""},"geometry":{"type":"LineString","coordinates":[[13.248791,52.520803],[13.25014,52.521429]]}},{"type":"Feature","properties":{"k":"track","lvl":"ground","lines":"","c":"#8a8a8a","svc":"yard","bau":0,"name":""},"geometry":{"type":"LineString","coordinates":[[13.248729,52.520856],[13.250089,52.521477]]}},{"type":"Feature","properties":{"k":"track","lvl":"ground","lines":"","c":"#8a8a8a","svc":"yard","bau":0,"name":""},"geometry":{"type":"LineString","coordinates":[[13.248665,52.520901],[13.250034,52.521522]]}},{"type":"Feature","properties":{"k":"track","lvl":"ground","lines":"","c":"#8a8a8a","svc":"yard","bau":0,"name":""},"geometry":{"type":"LineString","coordinates":[[13.248591,52.520968],[13.249953,52.521586]]}},{"type":"Feature","properties":{"k":"track","lvl":"ground","lines":"","c":"#8a8a8a","svc":"yard","bau":0,"name":""},"geometry":{"type":"LineString","coordinates":[[13.248541,52.521026],[13.2499,52.521641]]}},{"type":"Feature","properties":{"k":"track","lvl":"ground","lines":"","c":"#8a8a8a","svc":"yard","bau":0,"name":""},"geometry":{"type":"LineString","coordinates":[[13.249152,52.520543],[13.250392,52.521113]]}},{"type":"Feature","properties":{"k":"track","lvl":"ground","lines":"","c":"#8a8a8a","svc":"yard","bau":0,"name":""},"geometry":{"type":"LineString","coordinates":[[13.249213,52.520494],[13.250478,52.521042]]}},{"type":"Feature","properties":{"k":"track","lvl":"ground","lines":"","c":"#8a8a8a","svc":"yard","bau":0,"name":""},"geometry":{"type":"LineString","coordinates":[[13.249271,52.520447],[13.25052,52.521008]]}},{"type":"Feature","properties":{"k":"track","lvl":"ground","lines":"","c":"#8a8a8a","svc":"yard","bau":0,"name":""},"geometry":{"type":"LineString","coordinates":[[13.249327,52.520403],[13.250572,52.520965]]}},{"type":"Feature","properties":{"k":"track","lvl":"ground","lines":"","c":"#8a8a8a","svc":"yard","bau":0,"name":""},"geometry":{"type":"LineString","coordinates":[[13.514402,52.50459],[13.51447,52.504528],[13.515076,52.503933],[13.515242,52.503777],[13.515381,52.503646],[13.515525,52.503521],[13.515636,52.50342],[13.515724,52.503327],[13.515799,52.503236],[13.515854,52.503168],[13.515914,52.503084],[13.516018,52.502897]]}},{"type":"Feature","properties":{"k":"track","lvl":"tunnel","lines":"","c":"#8a8a8a","svc":"siding","bau":0,"name":""},"geometry":{"type":"LineString","coordinates":[[13.331011,52.491075],[13.330919,52.491164]]}},{"type":"Feature","properties":{"k":"track","lvl":"tunnel","lines":"","c":"#8a8a8a","svc":"siding","bau":0,"name":""},"geometry":{"type":"LineString","coordinates":[[13.33101,52.491115],[13.331122,52.491211]]}},{"type":"Feature","properties":{"k":"track","lvl":"tunnel","lines":"U6","c":"#8C6DAB","svc":"","bau":0,"name":"U6"},"geometry":{"type":"LineString","coordinates":[[13.385568,52.447263],[13.385122,52.44959],[13.385007,52.450248],[13.384689,52.451971],[13.384652,52.452338]]}},{"type":"Feature","properties":{"k":"track","lvl":"tunnel","lines":"U6","c":"#8C6DAB","svc":"","bau":0,"name":"U6"},"geometry":{"type":"LineString","coordinates":[[13.384652,52.452338],[13.384653,52.452694],[13.384651,52.453128]]}},{"type":"Feature","properties":{"k":"track","lvl":"tunnel","lines":"U6","c":"#8C6DAB","svc":"","bau":0,"name":"U6"},"geometry":{"type":"LineString","coordinates":[[13.384651,52.453128],[13.384608,52.453408],[13.384457,52.454232],[13.384427,52.454393]]}},{"type":"Feature","properties":{"k":"track","lvl":"tunnel","lines":"U6","c":"#8C6DAB","svc":"","bau":0,"name":"U6"},"geometry":{"type":"LineString","coordinates":[[13.384427,52.454393],[13.384329,52.454887],[13.384063,52.455769]]}},{"type":"Feature","properties":{"k":"track","lvl":"ground","lines":"","c":"#8a8a8a","svc":"yard","bau":0,"name":""},"geometry":{"type":"LineString","coordinates":[[13.249385,52.520356],[13.250628,52.52092]]}},{"type":"Feature","properties":{"k":"track","lvl":"tunnel","lines":"U7","c":"#528DBA","svc":"","bau":0,"name":"U7"},"geometry":{"type":"LineString","coordinates":[[13.448612,52.457387],[13.448635,52.457098],[13.448611,52.456732],[13.448542,52.456433],[13.448396,52.455984],[13.44833,52.455672],[13.448313,52.45532],[13.448353,52.455005],[13.448803,52.453344],[13.448927,52.453069]]}},{"type":"Feature","properties":{"k":"track","lvl":"tunnel","lines":"U7","c":"#528DBA","svc":"","bau":0,"name":"U7"},"geometry":{"type":"LineString","coordinates":[[13.445283,52.462209],[13.447244,52.459592],[13.448273,52.458193],[13.448423,52.457963],[13.448499,52.457796],[13.448587,52.457538],[13.448612,52.457387]]}},{"type":"Feature","properties":{"k":"track","lvl":"tunnel","lines":"U7","c":"#528DBA","svc":"","bau":0,"name":"U7"},"geometry":{"type":"LineString","coordinates":[[13.44445,52.463417],[13.444236,52.46365],[13.44398,52.463926],[13.44354,52.464373],[13.442713,52.465228],[13.442538,52.465434],[13.442434,52.465635],[13.442361,52.465877],[13.442013,52.467857]]}},{"type":"Feature","properties":{"k":"track","lvl":"tunnel","lines":"U7","c":"#528DBA","svc":"","bau":0,"name":"U7"},"geometry":{"type":"LineString","coordinates":[[13.441712,52.46959],[13.441194,52.472594],[13.441124,52.472838],[13.440989,52.473135],[13.4404,52.474184],[13.440147,52.474637],[13.439962,52.474986],[13.439736,52.475481]]}},{"type":"Feature","properties":{"k":"track","lvl":"tunnel","lines":"U7","c":"#528DBA","svc":"","bau":0,"name":"U7"},"geometry":{"type":"LineString","coordinates":[[13.438778,52.477356],[13.438608,52.477606],[13.437229,52.479477],[13.437131,52.479593],[13.436876,52.479815],[13.436559,52.480039],[13.435629,52.480685],[13.434883,52.481189]]}},{"type":"Feature","properties":{"k":"track","lvl":"ground","lines":"","c":"#8a8a8a","svc":"yard","bau":0,"name":""},"geometry":{"type":"LineString","coordinates":[[13.25045,52.517731],[13.250497,52.517619],[13.250676,52.517322]]}},{"type":"Feature","properties":{"k":"track","lvl":"tunnel","lines":"U7","c":"#528DBA","svc":"","bau":0,"name":"U7"},"geometry":{"type":"LineString","coordinates":[[13.282867,52.536664],[13.282131,52.536694],[13.281544,52.536722],[13.277865,52.536862],[13.276569,52.536913],[13.276245,52.536921],[13.275979,52.536921],[13.275773,52.536918],[13.275517,52.53691],[13.275223,52.536896],[13.274987,52.536879],[13.274694,52.536853],[13.274375,52.536818],[13.273504,52.536728],[13.272773,52.5367],[13.271878,52.536666],[13.271261,52.536674],[13.265664,52.536798]]}},{"type":"Feature","properties":{"k":"track","lvl":"tunnel","lines":"U8","c":"#224F86","svc":"","bau":0,"name":"U8"},"geometry":{"type":"LineString","coordinates":[[13.415481,52.518242],[13.41551,52.518174]]}},{"type":"Feature","properties":{"k":"track","lvl":"tunnel","lines":"U8","c":"#224F86","svc":"","bau":0,"name":"U8"},"geometry":{"type":"LineString","coordinates":[[13.41425,52.519748],[13.414609,52.519473],[13.41477,52.51934],[13.414911,52.519201],[13.415163,52.518905],[13.41525,52.51876],[13.415323,52.518616],[13.4154,52.518446],[13.415481,52.518242]]}},{"type":"Feature","properties":{"k":"track","lvl":"tunnel","lines":"","c":"#8a8a8a","svc":"yard","bau":0,"name":""},"geometry":{"type":"LineString","coordinates":[[13.33342,52.507341],[13.333414,52.507444],[13.333474,52.507533],[13.334099,52.508471]]}},{"type":"Feature","properties":{"k":"track","lvl":"tunnel","lines":"","c":"#8a8a8a","svc":"yard","bau":0,"name":""},"geometry":{"type":"LineString","coordinates":[[13.33322,52.507399],[13.333342,52.507456],[13.333405,52.507549],[13.33403,52.508484]]}},{"type":"Feature","properties":{"k":"track","lvl":"tunnel","lines":"","c":"#8a8a8a","svc":"yard","bau":0,"name":""},"geometry":{"type":"LineString","coordinates":[[13.333342,52.507456],[13.333474,52.507533]]}},{"type":"Feature","properties":{"k":"track","lvl":"tunnel","lines":"","c":"#8a8a8a","svc":"yard","bau":0,"name":""},"geometry":{"type":"LineString","coordinates":[[13.333414,52.507444],[13.333405,52.507549]]}},{"type":"Feature","properties":{"k":"track","lvl":"tunnel","lines":"","c":"#8a8a8a","svc":"yard","bau":0,"name":""},"geometry":{"type":"LineString","coordinates":[[13.331292,52.506674],[13.3286,52.507903]]}},{"type":"Feature","properties":{"k":"track","lvl":"tunnel","lines":"","c":"#8a8a8a","svc":"yard","bau":0,"name":""},"geometry":{"type":"LineString","coordinates":[[13.331164,52.506699],[13.331131,52.506706],[13.331115,52.506711],[13.32825,52.508025]]}},{"type":"Feature","properties":{"k":"track","lvl":"bridge","lines":"","c":"#8a8a8a","svc":"","bau":1,"name":""},"geometry":{"type":"LineString","coordinates":[[13.308195,52.56787],[13.307637,52.568098],[13.307151,52.568312]]}},{"type":"Feature","properties":{"k":"track","lvl":"bridge","lines":"","c":"#8a8a8a","svc":"","bau":1,"name":""},"geometry":{"type":"LineString","coordinates":[[13.307116,52.568281],[13.307596,52.568071],[13.308162,52.567841]]}},{"type":"Feature","properties":{"k":"dis","name":"","desc":"","typ":"subway","tun":0,"ab":0},"geometry":{"type":"LineString","coordinates":[[13.630763,52.538025],[13.629038,52.53833],[13.628863,52.538364],[13.628713,52.5384],[13.628478,52.538466],[13.6283,52.538528],[13.627931,52.538656],[13.62744,52.538812],[13.62693,52.53898],[13.626502,52.539084]]}},{"type":"Feature","properties":{"k":"dis","name":"","desc":"","typ":"subway","tun":0,"ab":0},"geometry":{"type":"LineString","coordinates":[[13.630202,52.538016],[13.628951,52.538232],[13.628724,52.538277],[13.628463,52.538351],[13.627795,52.538571]]}},{"type":"Feature","properties":{"k":"dis","name":"Waisentunnel","desc":"Tunnel nur für Betriebsfahrten zwischen U8 und U5 in Mitte. Fahrgäste fahren hier nicht durch, er dient der Überführung von Zügen zwischen den Netzteilen.","typ":"subway","tun":1,"ab":0,"img":"https://thumb.wikimedia.org/wikipedia/commons/thumb/8/85/Waisentunnel-Klostertunnel-Berlin-Umgebung.jpg/500px-Waisentunnel-Klostertunnel-Berlin-Umgebung.jpg?utm_source=de.wikipedia.org&utm_campaign=api&utm_content=thumbnail","file":"Waisentunnel-Klostertunnel-Berlin-Umgebung.jpg","wiki":"https://de.wikipedia.org/wiki/Waisentunnel"},"geometry":{"type":"LineString","coordinates":[[13.417639,52.513351],[13.417649,52.513561],[13.417634,52.513762],[13.417614,52.51385],[13.417574,52.513938],[13.417502,52.514037],[13.41741,52.514131],[13.417265,52.514251],[13.417176,52.514313],[13.417086,52.514373],[13.416975,52.514439],[13.416846,52.514509],[13.416557,52.514652],[13.416279,52.514787],[13.416047,52.514916],[13.415781,52.515082],[13.415565,52.515241],[13.415344,52.51543],[13.415197,52.515596],[13.415095,52.515738],[13.414951,52.515954],[13.414827,52.516154],[13.414582,52.516598],[13.41451,52.516733],[13.414228,52.517261],[13.41412,52.51747],[13.414,52.517679],[13.413699,52.518084],[13.413542,52.518282],[13.413393,52.518462],[13.413286,52.51859],[13.413184,52.518703],[13.413091,52.518793],[13.412995,52.51888],[13.412892,52.518962],[13.412793,52.519034],[13.412662,52.519123],[13.412522,52.519219],[13.412201,52.519439]]}},{"type":"Feature","properties":{"k":"dis","name":"","desc":"","typ":"rail","tun":1,"ab":0},"geometry":{"type":"LineString","coordinates":[[13.387958,52.480377],[13.388351,52.480751],[13.388477,52.480872],[13.388882,52.4812],[13.3892,52.48141],[13.389454,52.481569],[13.390466,52.482128],[13.391272,52.482481],[13.39156,52.482593],[13.391857,52.482697],[13.392454,52.482876]]}},{"type":"Feature","properties":{"k":"dis","name":"AEG-Versuchstunnel","desc":"Versuchstunnel der AEG unter der Voltastraße in Gesundbrunnen, gebaut 1895–1897. Er gilt als erster U-Bahn-Tunnel Deutschlands. Das Bild zeigt das AEG-Gelände an der Voltastraße.","typ":"rail","tun":1,"ab":0,"img":"https://thumb.wikimedia.org/wikipedia/commons/thumb/6/6f/Voltastr-aeg.jpg/500px-Voltastr-aeg.jpg?utm_source=de.wikipedia.org&utm_campaign=api&utm_content=thumbnail","file":"Voltastr-aeg.jpg","wiki":"https://de.wikipedia.org/wiki/Voltastra%C3%9Fe_(Berlin)"},"geometry":{"type":"LineString","coordinates":[[13.388018,52.541647],[13.387956,52.541696],[13.387868,52.54171],[13.386247,52.54138],[13.386037,52.541275],[13.385921,52.541135],[13.385892,52.540995],[13.385899,52.540846],[13.386021,52.540558],[13.385993,52.540472],[13.385875,52.540414],[13.385073,52.540146],[13.384971,52.540036],[13.384911,52.539896],[13.384888,52.539754]]}},{"type":"Feature","properties":{"k":"dis","name":"","desc":"","typ":"subway","tun":0,"ab":0},"geometry":{"type":"LineString","coordinates":[[13.627795,52.538571],[13.628189,52.538407],[13.628647,52.538212],[13.628893,52.538122],[13.629186,52.538053],[13.630142,52.537882]]}},{"type":"Feature","properties":{"k":"dis","name":"","desc":"","typ":"subway","tun":0,"ab":0},"geometry":{"type":"LineString","coordinates":[[13.628189,52.538407],[13.628488,52.538301],[13.628679,52.538249],[13.628868,52.53821],[13.629639,52.538075]]}},{"type":"Feature","properties":{"k":"dis","name":"","desc":"","typ":"subway","tun":0,"ab":0},"geometry":{"type":"LineString","coordinates":[[13.243248,52.444518],[13.243495,52.444628],[13.243877,52.444792],[13.244047,52.444875],[13.244152,52.44494]]}},{"type":"Feature","properties":{"k":"dis","name":"","desc":"","typ":"rail","tun":1,"ab":1},"geometry":{"type":"LineString","coordinates":[[13.562948,52.433574],[13.563742,52.433146]]}},{"type":"Feature","properties":{"k":"dis","name":"","desc":"","typ":"subway","tun":0,"ab":0},"geometry":{"type":"LineString","coordinates":[[13.243749,52.44478],[13.244086,52.444981]]}},{"type":"Feature","properties":{"k":"dis","name":"","desc":"","typ":"subway","tun":0,"ab":0},"geometry":{"type":"LineString","coordinates":[[13.243495,52.444628],[13.243722,52.444692],[13.244017,52.444816],[13.244192,52.444916]]}},{"type":"Feature","properties":{"k":"dis","name":"","desc":"","typ":"subway","tun":0,"ab":0},"geometry":{"type":"LineString","coordinates":[[13.243452,52.444645],[13.243749,52.44478],[13.243919,52.444849],[13.244014,52.444898],[13.244118,52.444961]]}},{"type":"Feature","properties":{"k":"dis","name":"","desc":"","typ":"subway","tun":0,"ab":1},"geometry":{"type":"LineString","coordinates":[[13.375947,52.49948],[13.375525,52.499555],[13.375319,52.49959],[13.375151,52.499634],[13.374973,52.499697],[13.374826,52.499764],[13.374639,52.49987],[13.374519,52.49995],[13.374402,52.50006],[13.374336,52.500126],[13.374271,52.500211],[13.374215,52.500305],[13.374127,52.500448]]}},{"type":"Feature","properties":{"k":"dis","name":"","desc":"","typ":"subway","tun":0,"ab":1},"geometry":{"type":"LineString","coordinates":[[13.374004,52.498651],[13.374086,52.498818],[13.374181,52.498978],[13.374237,52.499045],[13.374296,52.499106],[13.374384,52.49918],[13.374476,52.499234],[13.374572,52.499286],[13.374664,52.499325],[13.374763,52.49936],[13.374838,52.49938],[13.374914,52.499398],[13.374988,52.499411],[13.375067,52.499421],[13.375219,52.499429],[13.37538,52.499429],[13.375531,52.499429],[13.375677,52.499428],[13.375798,52.499424],[13.375917,52.499417],[13.376188,52.499399]]}},{"type":"Feature","properties":{"k":"dis","name":"","desc":"","typ":"subway","tun":1,"ab":0},"geometry":{"type":"LineString","coordinates":[[13.365651,52.52929],[13.36645,52.529062],[13.366875,52.528856],[13.367289,52.528572],[13.367588,52.528336],[13.368086,52.527821],[13.368299,52.527577],[13.368775,52.526952],[13.369062,52.526602],[13.369308,52.526251]]}},{"type":"Feature","properties":{"k":"dis","name":"","desc":"","typ":"rail","tun":1,"ab":1},"geometry":{"type":"LineString","coordinates":[[13.381738,52.504677],[13.381737,52.504595],[13.381709,52.504489]]}},{"type":"Feature","properties":{"k":"dis","name":"","desc":"","typ":"rail","tun":1,"ab":1},"geometry":{"type":"LineString","coordinates":[[13.381607,52.504886],[13.381631,52.504777],[13.381638,52.504697],[13.381634,52.504591],[13.381617,52.504489],[13.381581,52.504376],[13.381535,52.504277]]}},{"type":"Feature","properties":{"k":"dis","name":"","desc":"","typ":"rail","tun":1,"ab":1},"geometry":{"type":"LineString","coordinates":[[13.380449,52.505958],[13.381358,52.505246],[13.381545,52.505061],[13.381642,52.504923],[13.381699,52.504792],[13.381738,52.504677],[13.381798,52.504487]]}},{"type":"Feature","properties":{"k":"dis","name":"Waisentunnel","desc":"Tunnel nur für Betriebsfahrten zwischen U8 und U5 in Mitte. Fahrgäste fahren hier nicht durch, er dient der Überführung von Zügen zwischen den Netzteilen.","typ":"subway","tun":1,"ab":0,"img":"https://thumb.wikimedia.org/wikipedia/commons/thumb/8/85/Waisentunnel-Klostertunnel-Berlin-Umgebung.jpg/500px-Waisentunnel-Klostertunnel-Berlin-Umgebung.jpg?utm_source=de.wikipedia.org&utm_campaign=api&utm_content=thumbnail","file":"Waisentunnel-Klostertunnel-Berlin-Umgebung.jpg","wiki":"https://de.wikipedia.org/wiki/Waisentunnel"},"geometry":{"type":"LineString","coordinates":[[13.412522,52.519219],[13.412618,52.519105],[13.412704,52.519038],[13.412758,52.518995],[13.413123,52.518674],[13.413342,52.51845],[13.413643,52.518061],[13.413922,52.517654],[13.414161,52.517244],[13.414316,52.516885],[13.41447,52.51657]]}},{"type":"Feature","properties":{"k":"dis","name":"","desc":"","typ":"subway","tun":1,"ab":0},"geometry":{"type":"LineString","coordinates":[[13.4121,52.517866],[13.411923,52.518082],[13.411784,52.518198],[13.410893,52.518915]]}},{"type":"Feature","properties":{"k":"dis","name":"","desc":"","typ":"light_rail","tun":1,"ab":1},"geometry":{"type":"LineString","coordinates":[[13.380227,52.5021],[13.379037,52.500224]]}},{"type":"Feature","properties":{"k":"dis","name":"","desc":"","typ":"rail","tun":1,"ab":1},"geometry":{"type":"LineString","coordinates":[[13.387541,52.402142],[13.387369,52.401821]]}},{"type":"Feature","properties":{"k":"dis","name":"U10 (außer Betrieb)","desc":"Teil der Vorleistungen für die nie gebaute U10, die von Weißensee bis Lichterfelde fahren sollte.","typ":"subway","tun":1,"ab":0,"img":"https://thumb.wikimedia.org/wikipedia/commons/thumb/8/89/Berlin_Schnellbahnnetz_1957.jpg/500px-Berlin_Schnellbahnnetz_1957.jpg?utm_source=de.wikipedia.org&utm_campaign=api&utm_content=thumbnail","file":"Berlin_Schnellbahnnetz_1957.jpg","wiki":"https://de.wikipedia.org/wiki/U-Bahn-Linie_U10_(Berlin)"},"geometry":{"type":"LineString","coordinates":[[13.327384,52.463707],[13.328054,52.464401],[13.328368,52.46474],[13.328726,52.465118]]}},{"type":"Feature","properties":{"k":"dis","name":"","desc":"","typ":"subway","tun":1,"ab":0},"geometry":{"type":"LineString","coordinates":[[13.321407,52.456655],[13.321334,52.45685],[13.321326,52.456874],[13.32127,52.457123],[13.321285,52.457344],[13.321333,52.457546],[13.321415,52.457766],[13.321622,52.458053],[13.322943,52.45945],[13.324006,52.460569],[13.324865,52.461495],[13.325489,52.462145],[13.326528,52.463229],[13.327672,52.46424]]}},{"type":"Feature","properties":{"k":"dis","name":"Lindentunnel","desc":"Teilweise zugeschütteter Straßenbahntunnel unter dem Boulevard Unter den Linden, ab 1914 gebaut. Das Bild ist eine historische Aufnahme.","typ":"rail","tun":1,"ab":1,"img":"https://thumb.wikimedia.org/wikipedia/commons/thumb/9/97/Gr%C3%BCnwald_821-26.jpg/500px-Gr%C3%BCnwald_821-26.jpg?utm_source=de.wikipedia.org&utm_campaign=api&utm_content=thumbnail","file":"Grünwald_821-26.jpg","wiki":"https://de.wikipedia.org/wiki/Lindentunnel"},"geometry":{"type":"LineString","coordinates":[[13.395397,52.516101],[13.395449,52.516179],[13.395488,52.51624],[13.395515,52.516307],[13.395515,52.516462],[13.395389,52.517078],[13.395292,52.517275],[13.395102,52.517535],[13.395042,52.517625],[13.394895,52.518582]]}},{"type":"Feature","properties":{"k":"dis","name":"Lindentunnel","desc":"Teilweise zugeschütteter Straßenbahntunnel unter dem Boulevard Unter den Linden, ab 1914 gebaut. Das Bild ist eine historische Aufnahme.","typ":"rail","tun":1,"ab":1,"img":"https://thumb.wikimedia.org/wikipedia/commons/thumb/9/97/Gr%C3%BCnwald_821-26.jpg/500px-Gr%C3%BCnwald_821-26.jpg?utm_source=de.wikipedia.org&utm_campaign=api&utm_content=thumbnail","file":"Grünwald_821-26.jpg","wiki":"https://de.wikipedia.org/wiki/Lindentunnel"},"geometry":{"type":"LineString","coordinates":[[13.394829,52.518573],[13.394958,52.517622],[13.394915,52.517529],[13.394816,52.517422],[13.394728,52.517384],[13.394231,52.517176],[13.394115,52.517104],[13.394054,52.517046],[13.393997,52.516953],[13.393956,52.516826],[13.39395,52.516704],[13.393999,52.516384],[13.394036,52.516148]]}},{"type":"Feature","properties":{"k":"dis","name":"Stralauer Spreetunnel","desc":"Verband Stralau und Alt-Treptow unter der Spree. Hindurch fuhr die „Knüppelbahn“, eine alte Berliner Straßenbahnlinie.","typ":"tram","tun":1,"ab":1,"img":"https://thumb.wikimedia.org/wikipedia/commons/thumb/c/c6/BO_Wagen_4_01.jpg/500px-BO_Wagen_4_01.jpg?utm_source=de.wikipedia.org&utm_campaign=api&utm_content=thumbnail","file":"BO_Wagen_4_01.jpg","wiki":"https://de.wikipedia.org/wiki/Spreetunnel_Stralau%E2%80%93Treptow"},"geometry":{"type":"LineString","coordinates":[[13.475329,52.488351],[13.47571,52.488243],[13.475865,52.48822],[13.476023,52.488232],[13.47616,52.488268],[13.476289,52.488312],[13.479862,52.489903],[13.480243,52.490056],[13.48041,52.490156],[13.480489,52.490222],[13.48054,52.490282],[13.480586,52.490366],[13.480593,52.490419],[13.480581,52.490478],[13.480527,52.490546],[13.480385,52.490651]]}},{"type":"Feature","properties":{"k":"dis","name":"","desc":"geplante für eine Linie U3 bzw. U10. Teil der Vorleistungen für die nie gebaute U10, die von Weißensee bis Lichterfelde fahren sollte.","typ":"subway","tun":1,"ab":0,"img":"https://thumb.wikimedia.org/wikipedia/commons/thumb/8/89/Berlin_Schnellbahnnetz_1957.jpg/500px-Berlin_Schnellbahnnetz_1957.jpg?utm_source=de.wikipedia.org&utm_campaign=api&utm_content=thumbnail","file":"Berlin_Schnellbahnnetz_1957.jpg","wiki":"https://de.wikipedia.org/wiki/U-Bahn-Linie_U10_(Berlin)"},"geometry":{"type":"LineString","coordinates":[[13.371601,52.508839],[13.372053,52.508978],[13.372105,52.508989],[13.372612,52.5091],[13.373117,52.509157],[13.373449,52.509166],[13.374116,52.509163],[13.374846,52.509183],[13.375264,52.50921],[13.376977,52.509321],[13.377688,52.509368]]}},{"type":"Feature","properties":{"k":"dis","name":"","desc":"geplante für eine Linie U3 bzw. U10. Teil der Vorleistungen für die nie gebaute U10, die von Weißensee bis Lichterfelde fahren sollte.","typ":"subway","tun":1,"ab":0,"img":"https://thumb.wikimedia.org/wikipedia/commons/thumb/8/89/Berlin_Schnellbahnnetz_1957.jpg/500px-Berlin_Schnellbahnnetz_1957.jpg?utm_source=de.wikipedia.org&utm_campaign=api&utm_content=thumbnail","file":"Berlin_Schnellbahnnetz_1957.jpg","wiki":"https://de.wikipedia.org/wiki/U-Bahn-Linie_U10_(Berlin)"},"geometry":{"type":"LineString","coordinates":[[13.377682,52.509404],[13.375258,52.509246],[13.374845,52.509219],[13.374098,52.509197],[13.373449,52.5092],[13.37311,52.509193],[13.372607,52.509129],[13.372041,52.509009],[13.371584,52.508879]]}},{"type":"Feature","properties":{"k":"dis","name":"","desc":"","typ":"rail","tun":1,"ab":1},"geometry":{"type":"LineString","coordinates":[[13.504552,52.457892],[13.504148,52.458551]]}},{"type":"Feature","properties":{"k":"dis","name":"","desc":"","typ":"subway","tun":0,"ab":0},"geometry":{"type":"LineString","coordinates":[[13.626502,52.539084],[13.626901,52.53895],[13.627354,52.538757],[13.627795,52.538571]]}},{"type":"Feature","properties":{"k":"dis","name":"Eisacktunnel","desc":"","typ":"subway","tun":1,"ab":0},"geometry":{"type":"LineString","coordinates":[[13.344374,52.477366],[13.34442,52.477227],[13.344454,52.477051],[13.344406,52.476828],[13.344222,52.476492],[13.344179,52.476324],[13.344184,52.476164],[13.34426,52.475619]]}},{"type":"Feature","properties":{"k":"dis","name":"Otzentunnel","desc":"","typ":"rail","tun":1,"ab":1},"geometry":{"type":"LineString","coordinates":[[13.34446,52.47391],[13.344415,52.473826],[13.344313,52.47372],[13.343875,52.473373]]}},{"type":"Feature","properties":{"k":"dis","name":"Mühlendammtunnel","desc":"","typ":"subway","tun":1,"ab":1},"geometry":{"type":"LineString","coordinates":[[13.406194,52.515448],[13.405701,52.514378]]}},{"type":"Feature","properties":{"k":"dis","name":"","desc":"geplante für eine Linie U10. Teil der Vorleistungen für die nie gebaute U10, die von Weißensee bis Lichterfelde fahren sollte.","typ":"subway","tun":1,"ab":0,"img":"https://thumb.wikimedia.org/wikipedia/commons/thumb/8/89/Berlin_Schnellbahnnetz_1957.jpg/500px-Berlin_Schnellbahnnetz_1957.jpg?utm_source=de.wikipedia.org&utm_campaign=api&utm_content=thumbnail","file":"Berlin_Schnellbahnnetz_1957.jpg","wiki":"https://de.wikipedia.org/wiki/U-Bahn-Linie_U10_(Berlin)"},"geometry":{"type":"LineString","coordinates":[[13.35998,52.490061],[13.36058,52.490783]]}},{"type":"Feature","properties":{"k":"dis","name":"","desc":"geplante für eine Linie U10. Teil der Vorleistungen für die nie gebaute U10, die von Weißensee bis Lichterfelde fahren sollte.","typ":"subway","tun":1,"ab":0,"img":"https://thumb.wikimedia.org/wikipedia/commons/thumb/8/89/Berlin_Schnellbahnnetz_1957.jpg/500px-Berlin_Schnellbahnnetz_1957.jpg?utm_source=de.wikipedia.org&utm_campaign=api&utm_content=thumbnail","file":"Berlin_Schnellbahnnetz_1957.jpg","wiki":"https://de.wikipedia.org/wiki/U-Bahn-Linie_U10_(Berlin)"},"geometry":{"type":"LineString","coordinates":[[13.360463,52.490807],[13.359812,52.490106]]}},{"type":"Feature","properties":{"k":"dis","name":"U10 (geplant)","desc":"Teil der Vorleistungen für die nie gebaute U10, die von Weißensee bis Lichterfelde fahren sollte.","typ":"subway","tun":1,"ab":0,"img":"https://thumb.wikimedia.org/wikipedia/commons/thumb/8/89/Berlin_Schnellbahnnetz_1957.jpg/500px-Berlin_Schnellbahnnetz_1957.jpg?utm_source=de.wikipedia.org&utm_campaign=api&utm_content=thumbnail","file":"Berlin_Schnellbahnnetz_1957.jpg","wiki":"https://de.wikipedia.org/wiki/U-Bahn-Linie_U10_(Berlin)"},"geometry":{"type":"LineString","coordinates":[[13.343129,52.477753],[13.344179,52.478479],[13.344444,52.478791],[13.344473,52.478826]]}},{"type":"Feature","properties":{"k":"dis","name":"U10 (geplant)","desc":"Teil der Vorleistungen für die nie gebaute U10, die von Weißensee bis Lichterfelde fahren sollte.","typ":"subway","tun":1,"ab":0,"img":"https://thumb.wikimedia.org/wikipedia/commons/thumb/8/89/Berlin_Schnellbahnnetz_1957.jpg/500px-Berlin_Schnellbahnnetz_1957.jpg?utm_source=de.wikipedia.org&utm_campaign=api&utm_content=thumbnail","file":"Berlin_Schnellbahnnetz_1957.jpg","wiki":"https://de.wikipedia.org/wiki/U-Bahn-Linie_U10_(Berlin)"},"geometry":{"type":"LineString","coordinates":[[13.344431,52.478842],[13.344315,52.478773],[13.343986,52.478561],[13.343038,52.477773]]}},{"type":"Feature","properties":{"k":"dis","name":"","desc":"","typ":"rail","tun":1,"ab":1},"geometry":{"type":"LineString","coordinates":[[13.498624,52.462444],[13.498079,52.462684],[13.497713,52.462848],[13.495532,52.463985],[13.495007,52.464258],[13.494895,52.464458],[13.494842,52.464769],[13.494801,52.465259],[13.494899,52.465478],[13.495163,52.465865],[13.495406,52.466077]]}},{"type":"Feature","properties":{"k":"dis","name":"","desc":"","typ":"rail","tun":1,"ab":1},"geometry":{"type":"LineString","coordinates":[[13.329121,52.599824],[13.329218,52.599868],[13.329323,52.599917]]}},{"type":"Feature","properties":{"k":"dis","name":"","desc":"","typ":"subway","tun":1,"ab":0},"geometry":{"type":"LineString","coordinates":[[13.369308,52.526251],[13.3696,52.525834]]}},{"type":"Feature","properties":{"k":"dis","name":"","desc":"","typ":"subway","tun":1,"ab":0},"geometry":{"type":"LineString","coordinates":[[13.327622,52.464017],[13.325067,52.461409],[13.32379,52.460036],[13.321872,52.458064],[13.321655,52.457783],[13.3215,52.457467],[13.321433,52.457158],[13.321457,52.456892],[13.321548,52.456617]]}},{"type":"Feature","properties":{"k":"dis","name":"U10 (außer Betrieb)","desc":"Teil der Vorleistungen für die nie gebaute U10, die von Weißensee bis Lichterfelde fahren sollte.","typ":"subway","tun":1,"ab":0,"img":"https://thumb.wikimedia.org/wikipedia/commons/thumb/8/89/Berlin_Schnellbahnnetz_1957.jpg/500px-Berlin_Schnellbahnnetz_1957.jpg?utm_source=de.wikipedia.org&utm_campaign=api&utm_content=thumbnail","file":"Berlin_Schnellbahnnetz_1957.jpg","wiki":"https://de.wikipedia.org/wiki/U-Bahn-Linie_U10_(Berlin)"},"geometry":{"type":"LineString","coordinates":[[13.327356,52.463892],[13.328243,52.464781],[13.328601,52.465163]]}},{"type":"Feature","properties":{"k":"dis","name":"Santa Fe-Express","desc":"","typ":"narrow_gauge","tun":1,"ab":0},"geometry":{"type":"LineString","coordinates":[[13.48751,52.486679],[13.487834,52.486659],[13.488176,52.486675],[13.488456,52.486712],[13.488597,52.486731]]}},{"type":"Feature","properties":{"k":"dis","name":"","desc":"","typ":"rail","tun":1,"ab":1},"geometry":{"type":"LineString","coordinates":[[13.436745,52.58556],[13.437007,52.584898]]}},{"type":"Feature","properties":{"k":"dis","name":"","desc":"","typ":"rail","tun":1,"ab":1},"geometry":{"type":"LineString","coordinates":[[13.388165,52.567867],[13.387968,52.567828],[13.387802,52.567806],[13.387584,52.567786]]}},{"type":"Feature","properties":{"k":"dis","name":"Feuerwehrübungsanlage bei der U-Bahn","desc":"","typ":"subway","tun":1,"ab":0},"geometry":{"type":"LineString","coordinates":[[13.301005,52.530315],[13.300809,52.530886],[13.300773,52.531289],[13.300748,52.53158],[13.300701,52.531736],[13.300685,52.531904],[13.300546,52.533334]]}},{"type":"Feature","properties":{"k":"dis","name":"","desc":"","typ":"subway","tun":1,"ab":0},"geometry":{"type":"LineString","coordinates":[[13.322852,52.455202],[13.322543,52.455357],[13.322253,52.455545],[13.321915,52.455844],[13.321603,52.456245],[13.321407,52.456655]]}},{"type":"Feature","properties":{"k":"dis","name":"","desc":"","typ":"subway","tun":1,"ab":0},"geometry":{"type":"LineString","coordinates":[[13.321548,52.456617],[13.321703,52.456268],[13.321988,52.455882],[13.322304,52.455573],[13.322575,52.455393],[13.322878,52.455236]]}},{"type":"Feature","properties":{"k":"dis","name":"","desc":"","typ":"subway","tun":1,"ab":0},"geometry":{"type":"LineString","coordinates":[[13.34446,52.47391],[13.344465,52.474022],[13.344442,52.474225],[13.34426,52.475619]]}},{"type":"Feature","properties":{"k":"dis","name":"","desc":"","typ":"subway","tun":1,"ab":0},"geometry":{"type":"LineString","coordinates":[[13.300466,52.534131],[13.300546,52.533334]]}},{"type":"Feature","properties":{"k":"dis","name":"","desc":"","typ":"rail","tun":1,"ab":0},"geometry":{"type":"LineString","coordinates":[[13.357309,52.459346],[13.357271,52.459289],[13.357117,52.458986],[13.357045,52.458754]]}},{"type":"Feature","properties":{"k":"dis","name":"","desc":"","typ":"subway","tun":0,"ab":0},"geometry":{"type":"LineString","coordinates":[[13.626502,52.539084],[13.626229,52.539144],[13.62605,52.539177],[13.625795,52.53921]]}},{"type":"Feature","properties":{"k":"dis","name":"ehem. Osthafentunnel","desc":"Industriebahntunnel zur Anbindung des Osthafens in Friedrichshain, teilweise mit Flüssigbeton verfüllt.","typ":"rail","tun":1,"ab":1,"img":"https://thumb.wikimedia.org/wikipedia/commons/thumb/9/94/Berlin_Osthafentunnel%2C_Nordportal_02.JPG/500px-Berlin_Osthafentunnel%2C_Nordportal_02.JPG?utm_source=de.wikipedia.org&utm_campaign=api&utm_content=thumbnail","file":"Berlin_Osthafentunnel,_Nordportal_02.JPG","wiki":"https://de.wikipedia.org/wiki/Osthafentunnel"},"geometry":{"type":"LineString","coordinates":[[13.464052,52.497366],[13.464207,52.497324],[13.464525,52.497275],[13.464959,52.49725],[13.465249,52.497253],[13.465603,52.497279],[13.465875,52.497332],[13.46607,52.497385],[13.46635,52.497483],[13.466755,52.497646],[13.467102,52.49783],[13.467275,52.497956]]}},{"type":"Feature","properties":{"k":"dis","name":"","desc":"","typ":"subway","tun":0,"ab":0},"geometry":{"type":"LineString","coordinates":[[13.243722,52.444692],[13.24417,52.444822],[13.244254,52.444852],[13.244392,52.444918],[13.245337,52.445489]]}},{"type":"Feature","properties":{"k":"dis","name":"","desc":"","typ":"subway","tun":0,"ab":0},"geometry":{"type":"LineString","coordinates":[[13.244086,52.444981],[13.245232,52.445664]]}},{"type":"Feature","properties":{"k":"dis","name":"","desc":"","typ":"subway","tun":0,"ab":0},"geometry":{"type":"LineString","coordinates":[[13.244118,52.444961],[13.245266,52.445642]]}},{"type":"Feature","properties":{"k":"dis","name":"","desc":"","typ":"subway","tun":0,"ab":0},"geometry":{"type":"LineString","coordinates":[[13.244152,52.44494],[13.245305,52.445616]]}},{"type":"Feature","properties":{"k":"dis","name":"","desc":"","typ":"subway","tun":0,"ab":0},"geometry":{"type":"LineString","coordinates":[[13.244192,52.444916],[13.24534,52.445593]]}},{"type":"Feature","properties":{"k":"dis","name":"","desc":"","typ":"rail","tun":1,"ab":0},"geometry":{"type":"LineString","coordinates":[[13.371343,52.494986],[13.370305,52.494576]]}},{"type":"Feature","properties":{"k":"dis","name":"Industriebahn Tegel–Friedrichsfelde","desc":"","typ":"rail","tun":1,"ab":0},"geometry":{"type":"LineString","coordinates":[[13.357608,52.607213],[13.357719,52.607209]]}},{"type":"Feature","properties":{"k":"dis","name":"","desc":"","typ":"rail","tun":1,"ab":0},"geometry":{"type":"LineString","coordinates":[[13.574426,52.448841],[13.57439,52.448903]]}},{"type":"Feature","properties":{"k":"dis","name":"","desc":"","typ":"subway","tun":0,"ab":0},"geometry":{"type":"LineString","coordinates":[[13.6283,52.538528],[13.628692,52.538434],[13.628918,52.538388],[13.630776,52.538059]]}},{"type":"Feature","properties":{"k":"dis","name":"","desc":"","typ":"subway","tun":0,"ab":0},"geometry":{"type":"LineString","coordinates":[[13.627931,52.538656],[13.628597,52.538486],[13.628818,52.538443],[13.630522,52.538141]]}},{"type":"Feature","properties":{"k":"dis","name":"","desc":"","typ":"subway","tun":0,"ab":0},"geometry":{"type":"LineString","coordinates":[[13.6277,52.538786],[13.628082,52.538655],[13.628222,52.538617],[13.628686,52.538505],[13.628868,52.538471],[13.630099,52.538255]]}},{"type":"Feature","properties":{"k":"dis","name":"","desc":"","typ":"subway","tun":0,"ab":0},"geometry":{"type":"LineString","coordinates":[[13.62693,52.53898],[13.627474,52.538841],[13.6277,52.538786],[13.628509,52.538586],[13.628718,52.538537],[13.628886,52.538506],[13.630115,52.538289]]}},{"type":"Feature","properties":{"k":"poi","name":"U-Bahnhof Oranienplatz (Rohbau)","desc":"Unvollendeter U-Bahnhof unter der Dresdener Straße. Die AEG-Schnellbahn AG baute den Rohbau ab 1913, wegen Planänderungen wurde er aber nie fertiggestellt. Das Bild zeigt die Baustelle 1915.","img":"https://thumb.wikimedia.org/wikipedia/commons/thumb/4/47/Berlin_U-Bahn-Bau_Oranienplatz_Dresdener_Stra%C3%9Fe_1915-09-20.jpg/500px-Berlin_U-Bahn-Bau_Oranienplatz_Dresdener_Stra%C3%9Fe_1915-09-20.jpg?utm_source=de.wikipedia.org&utm_campaign=api&utm_content=thumbnail","file":"Berlin_U-Bahn-Bau_Oranienplatz_Dresdener_Straße_1915-09-20.jpg","wiki":"https://de.wikipedia.org/wiki/U-Bahnhof_Oranienplatz"},"geometry":{"type":"Point","coordinates":[13.4183,52.5022]}},{"type":"Feature","properties":{"k":"poi","name":"Kleistpark – U10-Bahnsteig","desc":"U7-Station, eröffnet 1971. Beim Bau entstand gleich ein zweiter Bahnsteig für die geplante U10, auf dem nie Fahrgäste ein- oder ausgestiegen sind.","img":"https://thumb.wikimedia.org/wikipedia/commons/thumb/9/9c/U-Bhf_Kleistpark1.JPG/500px-U-Bhf_Kleistpark1.JPG?utm_source=de.wikipedia.org&utm_campaign=api&utm_content=thumbnail","file":"U-Bhf_Kleistpark1.JPG","wiki":"https://de.wikipedia.org/wiki/U-Bahnhof_Kleistpark"},"geometry":{"type":"Point","coordinates":[13.36,52.4906]}},{"type":"Feature","properties":{"k":"poi","name":"Walther-Schreiber-Platz – U10-Vorleistung","desc":"U9-Station unter der Bundesallee, gebaut 1967–1969. Bauteile für die geplante U10 wurden gleich mit angelegt.","img":"https://thumb.wikimedia.org/wikipedia/commons/thumb/8/8a/120406-Eingang-U-Bahn-Walther-Schreiber-Platz.JPG/500px-120406-Eingang-U-Bahn-Walther-Schreiber-Platz.JPG?utm_source=de.wikipedia.org&utm_campaign=api&utm_content=thumbnail","file":"120406-Eingang-U-Bahn-Walther-Schreiber-Platz.JPG","wiki":"https://de.wikipedia.org/wiki/U-Bahnhof_Walther-Schreiber-Platz"},"geometry":{"type":"Point","coordinates":[13.3283,52.4648]}},{"type":"Feature","properties":{"k":"poi","name":"Rathaus Steglitz – U10-Bahnsteig","desc":"Endstation der U9. Darunter liegen Anlagen, die für die nie gebaute U10 vorgesehen waren. Das Bild zeigt den Schnellbahnplan von 1957, in dem die Linie schon eingeplant ist.","img":"https://thumb.wikimedia.org/wikipedia/commons/thumb/8/89/Berlin_Schnellbahnnetz_1957.jpg/500px-Berlin_Schnellbahnnetz_1957.jpg?utm_source=de.wikipedia.org&utm_campaign=api&utm_content=thumbnail","file":"Berlin_Schnellbahnnetz_1957.jpg","wiki":"https://de.wikipedia.org/wiki/Bahnhof_Berlin_Rathaus_Steglitz"},"geometry":{"type":"Point","coordinates":[13.3215,52.4562]}},{"type":"Feature","properties":{"k":"poi","name":"Alexanderplatz – Vorleistung U10","desc":"Einer der wichtigsten Verkehrsknoten Berlins. Laut Planung sollte die U10 (früher Linie F) von Weißensee über den Alexanderplatz und den Potsdamer Platz bis nach Lichterfelde fahren, und unter dem Platz gibt es Rohbau-Vorleistungen dafür.","img":"https://thumb.wikimedia.org/wikipedia/commons/thumb/8/87/Bahnhof_Berlin-Alexanderplatz.jpg/500px-Bahnhof_Berlin-Alexanderplatz.jpg?utm_source=de.wikipedia.org&utm_campaign=api&utm_content=thumbnail","file":"Bahnhof_Berlin-Alexanderplatz.jpg","wiki":"https://de.wikipedia.org/wiki/U-Bahn-Linie_U10_(Berlin)"},"geometry":{"type":"Point","coordinates":[13.4115,52.5215]}},{"type":"Feature","properties":{"k":"poi","name":"Potsdamer Platz – U3-Rohbau","desc":"Neben dem unterirdischen S- und Regionalbahnhof liegt ein Rohbau-U-Bahnhof, der für die U3 bzw. U10 geplant war und bisher nur für Veranstaltungen genutzt wird.","img":"https://thumb.wikimedia.org/wikipedia/commons/thumb/0/0e/Berlin_Bahnhof_Potsdamer_Platz_S%C3%BCd.jpg/500px-Berlin_Bahnhof_Potsdamer_Platz_S%C3%BCd.jpg?utm_source=de.wikipedia.org&utm_campaign=api&utm_content=thumbnail","file":"Berlin_Bahnhof_Potsdamer_Platz_Süd.jpg","wiki":"https://de.wikipedia.org/wiki/Bahnhof_Berlin_Potsdamer_Platz"},"geometry":{"type":"Point","coordinates":[13.3765,52.5096]}},{"type":"Feature","properties":{"k":"poi","name":"Berliner Unterwelten – Treffpunkt","desc":"Der gemeinnützige Verein erforscht seit 1997 die „gebaute Berliner Unterwelt“ wie Bunker, Tunnel und Fluchttunnel. Die meisten Führungen beginnen am Bahnhof Gesundbrunnen, Termine stehen auf berliner-unterwelten.de.","img":"https://thumb.wikimedia.org/wikipedia/commons/thumb/4/47/Ticketshop_Berliner_Unterwelten.jpg/500px-Ticketshop_Berliner_Unterwelten.jpg?utm_source=de.wikipedia.org&utm_campaign=api&utm_content=thumbnail","file":"Ticketshop_Berliner_Unterwelten.jpg","wiki":"https://de.wikipedia.org/wiki/Berliner_Unterwelten"},"geometry":{"type":"Point","coordinates":[13.3885,52.5487]}},{"type":"Feature","geometry":{"type":"Point","coordinates":[13.3895,52.5146]},"properties":{"k":"poi","name":"U-Bahnhof Französische Straße","desc":"Ehemalige U6-Station unter der Kreuzung Friedrichstraße/Französische Straße, 1923 als einer der ersten Großprofilbahnhöfe eröffnet. Geschlossen im Dezember 2020, als der neue U5-Bahnhof Unter den Linden gleich nebenan eröffnete.","img":"https://thumb.wikimedia.org/wikipedia/commons/thumb/5/52/U-Bahn_Berlin_Franz%C3%B6sische_Stra%C3%9Fe_Eingang.jpg/500px-U-Bahn_Berlin_Franz%C3%B6sische_Stra%C3%9Fe_Eingang.jpg?utm_source=de.wikipedia.org&utm_campaign=api&utm_content=thumbnail","file":"U-Bahn_Berlin_Französische_Straße_Eingang.jpg","wiki":"https://de.wikipedia.org/wiki/U-Bahnhof_Franz%C3%B6sische_Stra%C3%9Fe"}}]}